
 /----------------------------------------------------------------------------\
 |  yosys -- Yosys Open SYnthesis Suite                                       |
 |  Copyright (C) 2012 - 2026  Claire Xenia Wolf <claire@yosyshq.com>         |
 |  Distributed under an ISC-like license, type "license" to see terms        |
 \----------------------------------------------------------------------------/
 Yosys 0.62 (git sha1 7326bb7d6641500ecb285c291a54a662cb1e76cf, clang++ 21.1.2 -fPIC -O3)

-- Executing script file `synthesis/synthesis.ys' --

1. Executing SLANG frontend.
Top level design units:
    rv_core

Build succeeded: 0 errors, 0 warnings

1.1. Executing UNDRIVEN pass. (resolve undriven signals)
<suppressed ~294 debug messages>

1.2. Executing PROC_CLEAN pass (remove empty switches from decision trees).
Removing empty process `rv_core.$273'.
Removing empty process `rv_core.$271'.
Removing empty process `rv_core.$269'.
Removing empty process `rv_core.$267'.
Found and cleaned up 1 empty switch in `\rv_core.$249'.
Found and cleaned up 1 empty switch in `\rv_core.$238'.
Found and cleaned up 1 empty switch in `\rv_core.$228'.
Found and cleaned up 1 empty switch in `\rv_core.$220'.
Found and cleaned up 1 empty switch in `\rv_core.$216'.
Found and cleaned up 1 empty switch in `\rv_core.$211'.
Found and cleaned up 1 empty switch in `\rv_core.$207'.
Found and cleaned up 1 empty switch in `\rv_core.$203'.
Found and cleaned up 1 empty switch in `\rv_core.$199'.
Found and cleaned up 1 empty switch in `\rv_core.$173'.
Found and cleaned up 1 empty switch in `\rv_core.$166'.
Found and cleaned up 1 empty switch in `\rv_core.$148'.
Found and cleaned up 1 empty switch in `\rv_core.$135'.
Found and cleaned up 1 empty switch in `\rv_core.$130'.
Found and cleaned up 1 empty switch in `\rv_core.$125'.
Found and cleaned up 1 empty switch in `\rv_core.$120'.
Found and cleaned up 1 empty switch in `\rv_core.$116'.
Found and cleaned up 1 empty switch in `\rv_core.$112'.
Found and cleaned up 1 empty switch in `\rv_core.$80'.
Found and cleaned up 1 empty switch in `\rv_core.$69'.
Found and cleaned up 1 empty switch in `\rv_core.$31'.
Removing empty process `rv_core.$14'.
Found and cleaned up 1 empty switch in `\rv_core.$7'.
Found and cleaned up 1 empty switch in `\rv_core.$1'.
Cleaned up 23 empty switches.

1.3. Executing TRIBUF pass.

1.4. Executing PROC_RMDEAD pass (remove dead branches from decision trees).
Marked 2 switch rules as full_case in process $249 in module rv_core.
Marked 4 switch rules as full_case in process $238 in module rv_core.
Marked 1 switch rules as full_case in process $228 in module rv_core.
Marked 4 switch rules as full_case in process $220 in module rv_core.
Marked 1 switch rules as full_case in process $216 in module rv_core.
Marked 1 switch rules as full_case in process $211 in module rv_core.
Marked 1 switch rules as full_case in process $207 in module rv_core.
Marked 1 switch rules as full_case in process $203 in module rv_core.
Marked 1 switch rules as full_case in process $199 in module rv_core.
Marked 1 switch rules as full_case in process $173 in module rv_core.
Marked 3 switch rules as full_case in process $166 in module rv_core.
Marked 3 switch rules as full_case in process $148 in module rv_core.
Marked 1 switch rules as full_case in process $135 in module rv_core.
Marked 1 switch rules as full_case in process $130 in module rv_core.
Marked 1 switch rules as full_case in process $125 in module rv_core.
Marked 1 switch rules as full_case in process $120 in module rv_core.
Marked 1 switch rules as full_case in process $116 in module rv_core.
Marked 1 switch rules as full_case in process $112 in module rv_core.
Removed 2 dead cases from process $69 in module rv_core.
Marked 11 switch rules as full_case in process $69 in module rv_core.
Marked 1 switch rules as full_case in process $31 in module rv_core.
Marked 2 switch rules as full_case in process $7 in module rv_core.
Marked 3 switch rules as full_case in process $1 in module rv_core.
Removed a total of 2 dead cases.

1.5. Executing PROC_PRUNE pass (remove redundant assignments in processes).
Removed 48 redundant assignments.
Promoted 0 assignments to connections.

1.6. Executing PROC_INIT pass (extract init attributes).

1.7. Executing PROC_ROM pass (convert switches to ROMs).
Converted 0 switches.
<suppressed ~58 debug messages>

1.8. Executing PROC_MUX pass (convert decision trees to multiplexers).
Creating decoders for process `\rv_core.$249'.
     1/2: $memory1.ram.data_o$252
     2/2: $memory1.ram.data_o$253
Creating decoders for process `\rv_core.$238'.
     1/3: $memory1.ram.insn_o$245
     2/3: $memory1.ram.insn_o$246
     3/3: $memory1.ram.insn_o$247
Creating decoders for process `\rv_core.$228'.
     1/4: $memory1.mem_con.byteen_o$233
     2/4: $memory1.mem_con.wdata_o$232
     3/4: $memory1.mem_con.byteen_o$235
     4/4: $memory1.mem_con.wdata_o$234
Creating decoders for process `\rv_core.$220'.
     1/5: $memory1.mem_con.rdata_o$223
     2/5: $memory1.mem_con.shifted_data$225
     3/5: $memory1.mem_con.rdata_o$224
     4/5: $memory1.mem_con.rdata_o$226
     5/5: $memory1.mem_con.shifted_data$227
Creating decoders for process `\rv_core.$216'.
     1/1: $ex_mem.wbsel_o$218
Creating decoders for process `\rv_core.$211'.
     1/3: $ex_mem.memwren_o$215
     2/3: $ex_mem.memren_o$214
     3/3: $ex_mem.regwren_o$213
Creating decoders for process `\rv_core.$207'.
     1/2: $ex_mem.funct3_o$210
     2/2: $ex_mem.rd_o$209
Creating decoders for process `\rv_core.$203'.
     1/2: $ex_mem.imm_o$206
     2/2: $ex_mem.pc_o$205
Creating decoders for process `\rv_core.$199'.
     1/2: $ex_mem.rs2_data_o$202
     2/2: $ex_mem.alu_res_o$201
Creating decoders for process `\rv_core.$173'.
     1/1: $alu1.res_o$197
Creating decoders for process `\rv_core.$166'.
     1/2: $alu1.brtaken_o$172
     2/2: $alu1.brtaken_o$171
Creating decoders for process `\rv_core.$148'.
     1/3: $alu1.bc.brlt_o$165
     2/3: $alu1.bc.breq_o$164
     3/3: $alu1.bc.brlt_o$163
Creating decoders for process `\rv_core.$135'.
     1/3: $id_ex.alusel_o$139
     2/3: $id_ex.wbsel_o$138
     3/3: $id_ex.memwren_o$137
Creating decoders for process `\rv_core.$130'.
     1/3: $id_ex.memren_o$134
     2/3: $id_ex.regwren_o$133
     3/3: $id_ex.pcsel_o$132
Creating decoders for process `\rv_core.$125'.
     1/3: $id_ex.opcode_o$129
     2/3: $id_ex.funct7_o$128
     3/3: $id_ex.funct3_o$127
Creating decoders for process `\rv_core.$120'.
     1/3: $id_ex.rs2_o$124
     2/3: $id_ex.rs1_o$123
     3/3: $id_ex.rd_o$122
Creating decoders for process `\rv_core.$116'.
     1/2: $id_ex.rs2_data_o$119
     2/2: $id_ex.rs1_data_o$118
Creating decoders for process `\rv_core.$112'.
     1/2: $id_ex.imm_o$115
     2/2: $id_ex.pc_o$114
Creating decoders for process `\rv_core.$80'.
     1/1: $register_file1.x$91
Creating decoders for process `\rv_core.$69'.
     1/7: $control1.alusel_o$76
     2/7: $control1.alusel_o$77
     3/7: $control1.alusel_o$79
     4/7: $control1.wbsel_o$78
     5/7: $control1.alusel_o$73
     6/7: $control1.alusel_o$74
     7/7: $control1.alusel_o$71
Creating decoders for process `\rv_core.$31'.
     1/1: $igen1.imm_o$32
Creating decoders for process `\rv_core.$254'.
     1/4: $265
     2/4: $262
     3/4: $259
     4/4: $256
Creating decoders for process `\rv_core.$7'.
     1/4: $if_id.insn_o$11
     2/4: $if_id.pc_o$10
     3/4: $if_id.insn_o$13
     4/4: $if_id.pc_o$12
Creating decoders for process `\rv_core.$1'.
     1/2: $fetch1.pc$5
     2/2: $fetch1.pc$6

1.9. Executing PROC_CLEAN pass (remove empty switches from decision trees).
Found and cleaned up 3 empty switches in `\rv_core.$249'.
Removing empty process `rv_core.$249'.
Found and cleaned up 5 empty switches in `\rv_core.$238'.
Removing empty process `rv_core.$238'.
Found and cleaned up 3 empty switches in `\rv_core.$228'.
Removing empty process `rv_core.$228'.
Found and cleaned up 5 empty switches in `\rv_core.$220'.
Removing empty process `rv_core.$220'.
Found and cleaned up 1 empty switch in `\rv_core.$216'.
Removing empty process `rv_core.$216'.
Found and cleaned up 1 empty switch in `\rv_core.$211'.
Removing empty process `rv_core.$211'.
Found and cleaned up 1 empty switch in `\rv_core.$207'.
Removing empty process `rv_core.$207'.
Found and cleaned up 1 empty switch in `\rv_core.$203'.
Removing empty process `rv_core.$203'.
Found and cleaned up 1 empty switch in `\rv_core.$199'.
Removing empty process `rv_core.$199'.
Found and cleaned up 1 empty switch in `\rv_core.$173'.
Removing empty process `rv_core.$173'.
Found and cleaned up 3 empty switches in `\rv_core.$166'.
Removing empty process `rv_core.$166'.
Found and cleaned up 3 empty switches in `\rv_core.$148'.
Removing empty process `rv_core.$148'.
Found and cleaned up 1 empty switch in `\rv_core.$135'.
Removing empty process `rv_core.$135'.
Found and cleaned up 1 empty switch in `\rv_core.$130'.
Removing empty process `rv_core.$130'.
Found and cleaned up 1 empty switch in `\rv_core.$125'.
Removing empty process `rv_core.$125'.
Found and cleaned up 1 empty switch in `\rv_core.$120'.
Removing empty process `rv_core.$120'.
Found and cleaned up 1 empty switch in `\rv_core.$116'.
Removing empty process `rv_core.$116'.
Found and cleaned up 1 empty switch in `\rv_core.$112'.
Removing empty process `rv_core.$112'.
Found and cleaned up 1 empty switch in `\rv_core.$80'.
Removing empty process `rv_core.$80'.
Found and cleaned up 11 empty switches in `\rv_core.$69'.
Removing empty process `rv_core.$69'.
Found and cleaned up 1 empty switch in `\rv_core.$31'.
Removing empty process `rv_core.$31'.
Found and cleaned up 5 empty switches in `\rv_core.$254'.
Removing empty process `rv_core.$254'.
Found and cleaned up 3 empty switches in `\rv_core.$7'.
Removing empty process `rv_core.$7'.
Found and cleaned up 3 empty switches in `\rv_core.$1'.
Removing empty process `rv_core.$1'.
Cleaned up 58 empty switches.

1.10. Executing OPT_EXPR pass (perform const folding).
Optimizing module rv_core.
<suppressed ~34 debug messages>
echo on

yosys> hierarchy -check -top rv_core

2. Executing HIERARCHY pass (managing design hierarchy).

2.1. Analyzing design hierarchy..
Top module:  \rv_core

2.2. Analyzing design hierarchy..
Top module:  \rv_core
Removed 0 unused modules.

yosys> select -module rv_core

yosys [rv_core]> select t:*

yosys [rv_core]*> select -clear

yosys> show -format dot -prefix rv_core_show rv_core

3. Generating Graphviz representation of design.
Writing dot description to `rv_core_show.dot'.
Dumping module rv_core to page 1.

yosys> proc

4. Executing PROC pass (convert processes to netlists).

yosys> proc_clean

4.1. Executing PROC_CLEAN pass (remove empty switches from decision trees).
Cleaned up 0 empty switches.

yosys> proc_rmdead

4.2. Executing PROC_RMDEAD pass (remove dead branches from decision trees).
Removed a total of 0 dead cases.

yosys> proc_prune

4.3. Executing PROC_PRUNE pass (remove redundant assignments in processes).
Removed 0 redundant assignments.
Promoted 0 assignments to connections.

yosys> proc_init

4.4. Executing PROC_INIT pass (extract init attributes).

yosys> proc_arst

4.5. Executing PROC_ARST pass (detect async resets in processes).

yosys> proc_rom

4.6. Executing PROC_ROM pass (convert switches to ROMs).
Converted 0 switches.

yosys> proc_mux

4.7. Executing PROC_MUX pass (convert decision trees to multiplexers).

yosys> proc_dlatch

4.8. Executing PROC_DLATCH pass (convert process syncs to latches).

yosys> proc_dff

4.9. Executing PROC_DFF pass (convert process syncs to FFs).

yosys> proc_memwr

4.10. Executing PROC_MEMWR pass (convert process memory writes to cells).

yosys> proc_clean

4.11. Executing PROC_CLEAN pass (remove empty switches from decision trees).
Cleaned up 0 empty switches.

yosys> opt_expr -keepdc

4.12. Executing OPT_EXPR pass (perform const folding).
Optimizing module rv_core.

yosys> opt

5. Executing OPT pass (performing simple optimizations).

yosys> opt_expr

5.1. Executing OPT_EXPR pass (perform const folding).
Optimizing module rv_core.
<suppressed ~2 debug messages>

yosys> opt_merge -nomux

5.2. Executing OPT_MERGE pass (detect identical cells).
Finding identical cells in module `\rv_core'.
Computing hashes of 433 cells of `\rv_core'.
Finding duplicate cells in `\rv_core'.
Computing hashes of 344 cells of `\rv_core'.
Finding duplicate cells in `\rv_core'.
Computing hashes of 339 cells of `\rv_core'.
Finding duplicate cells in `\rv_core'.
Computing hashes of 335 cells of `\rv_core'.
Finding duplicate cells in `\rv_core'.
Computing hashes of 334 cells of `\rv_core'.
Finding duplicate cells in `\rv_core'.
<suppressed ~297 debug messages>
Removed a total of 99 cells.

yosys> opt_muxtree

5.3. Executing OPT_MUXTREE pass (detect dead branches in mux trees).
Running muxtree optimizer on module \rv_core..
  Creating internal representation of mux trees.
  Evaluating internal representation of mux trees.
  Analyzing evaluation results.
    dead port 1/2 on $mux $procmux$348.
    dead port 1/2 on $mux $procmux$75.
    dead port 2/2 on $mux $procmux$75.
    dead port 1/2 on $mux $procmux$67.
    dead port 1/2 on $mux $procmux$61.
    dead port 2/2 on $mux $procmux$61.
    dead port 1/2 on $mux $procmux$58.
    dead port 2/2 on $mux $procmux$58.
    dead port 1/2 on $mux $procmux$55.
    dead port 2/2 on $mux $procmux$52.
    dead port 2/2 on $mux $procmux$38.
    dead port 2/2 on $mux $procmux$270.
    dead port 2/2 on $mux $procmux$32.
    dead port 1/2 on $mux $procmux$22.
    dead port 1/2 on $mux $procmux$353.
    dead port 1/2 on $mux $procmux$16.
    dead port 1/2 on $mux $procmux$4.
    dead port 2/2 on $mux $procmux$317.
    dead port 2/2 on $mux $procmux$315.
    dead port 2/2 on $mux $procmux$294.
    dead port 1/2 on $mux $procmux$367.
    dead port 2/2 on $mux $procmux$233.
    dead port 2/2 on $mux $procmux$213.
    dead port 2/2 on $mux $procmux$272.
    dead port 2/2 on $mux $procmux$211.
    dead port 2/2 on $mux $procmux$146.
    dead port 2/2 on $mux $procmux$132.
Removed 27 multiplexer ports.
<suppressed ~145 debug messages>

yosys> opt_reduce

5.4. Executing OPT_REDUCE pass (consolidate $*mux and $reduce_* inputs).
  Optimizing cells in module \rv_core.
    New ctrl vector for $pmux cell $procmux$249: { $procmux$328_CMP $auto$opt_reduce.cc:137:opt_pmux$374 $procmux$323_CMP }
    New ctrl vector for $pmux cell $procmux$320: { $auto$opt_reduce.cc:137:opt_pmux$378 $procmux$325_CMP $procmux$324_CMP $auto$opt_reduce.cc:137:opt_pmux$376 $procmux$321_CMP }
    Consolidated identical input bits for $mux cell $266:
      Old ports: A=0, B=32'11111111000000000000000000000000, Y=$266y
      New ports: A=1'0, B=1'1, Y=$266y [24]
      New connections: { $266y [31:25] $266y [23:0] } = { $266y [24] $266y [24] $266y [24] $266y [24] $266y [24] $266y [24] $266y [24] 24'000000000000000000000000 }
    Consolidated identical input bits for $mux cell $263:
      Old ports: A=0, B=16711680, Y=$263y
      New ports: A=1'0, B=1'1, Y=$263y [16]
      New connections: { $263y [31:17] $263y [15:0] } = { 8'00000000 $263y [16] $263y [16] $263y [16] $263y [16] $263y [16] $263y [16] $263y [16] 16'0000000000000000 }
    Consolidated identical input bits for $mux cell $260:
      Old ports: A=0, B=65280, Y=$260y
      New ports: A=1'0, B=1'1, Y=$260y [8]
      New connections: { $260y [31:9] $260y [7:0] } = { 16'0000000000000000 $260y [8] $260y [8] $260y [8] $260y [8] $260y [8] $260y [8] $260y [8] 8'00000000 }
    Consolidated identical input bits for $mux cell $257:
      Old ports: A=0, B=255, Y=$257y
      New ports: A=1'0, B=1'1, Y=$257y [0]
      New connections: $257y [31:1] = { 24'000000000000000000000000 $257y [0] $257y [0] $257y [0] $257y [0] $257y [0] $257y [0] $257y [0] }
    New ctrl vector for $pmux cell $procmux$236: { $procmux$318_CMP $procmux$326_CMP $auto$opt_reduce.cc:137:opt_pmux$380 }
    New ctrl vector for $pmux cell $procmux$125: { $procmux$131_CMP $procmux$130_CMP $auto$opt_reduce.cc:137:opt_pmux$384 $auto$opt_reduce.cc:137:opt_pmux$382 }
  Optimizing cells in module \rv_core.
Performed a total of 8 changes.

yosys> opt_merge

5.5. Executing OPT_MERGE pass (detect identical cells).
Finding identical cells in module `\rv_core'.
Computing hashes of 316 cells of `\rv_core'.
Finding duplicate cells in `\rv_core'.
Computing hashes of 315 cells of `\rv_core'.
Finding duplicate cells in `\rv_core'.
<suppressed ~3 debug messages>
Removed a total of 1 cells.

yosys> opt_dff

5.6. Executing OPT_DFF pass (perform DFF optimizations).
Changing const-value async load to async reset on $driver$fetch1.pc ($aldff) from module rv_core.
Changing const-value async load to async reset on $driver$if_id.pc_o ($aldff) from module rv_core.
Changing const-value async load to async reset on $driver$if_id.insn_o ($aldff) from module rv_core.
Changing const-value async load to async reset on $driver$register_file1.x[0] ($aldff) from module rv_core.
Changing const-value async load to async reset on $driver$register_file1.x[1] ($aldff) from module rv_core.
Changing const-value async load to async reset on $driver$register_file1.x[2] ($aldff) from module rv_core.
Changing const-value async load to async reset on $driver$register_file1.x[3] ($aldff) from module rv_core.
Changing const-value async load to async reset on $driver$register_file1.x[4] ($aldff) from module rv_core.
Changing const-value async load to async reset on $driver$register_file1.x[5] ($aldff) from module rv_core.
Changing const-value async load to async reset on $driver$register_file1.x[6] ($aldff) from module rv_core.
Changing const-value async load to async reset on $driver$register_file1.x[7] ($aldff) from module rv_core.
Changing const-value async load to async reset on $driver$register_file1.x[8] ($aldff) from module rv_core.
Changing const-value async load to async reset on $driver$register_file1.x[9] ($aldff) from module rv_core.
Changing const-value async load to async reset on $driver$register_file1.x[10] ($aldff) from module rv_core.
Changing const-value async load to async reset on $driver$register_file1.x[11] ($aldff) from module rv_core.
Changing const-value async load to async reset on $driver$register_file1.x[12] ($aldff) from module rv_core.
Changing const-value async load to async reset on $driver$register_file1.x[13] ($aldff) from module rv_core.
Changing const-value async load to async reset on $driver$register_file1.x[14] ($aldff) from module rv_core.
Changing const-value async load to async reset on $driver$register_file1.x[15] ($aldff) from module rv_core.
Changing const-value async load to async reset on $driver$register_file1.x[16] ($aldff) from module rv_core.
Changing const-value async load to async reset on $driver$register_file1.x[17] ($aldff) from module rv_core.
Changing const-value async load to async reset on $driver$register_file1.x[18] ($aldff) from module rv_core.
Changing const-value async load to async reset on $driver$register_file1.x[19] ($aldff) from module rv_core.
Changing const-value async load to async reset on $driver$register_file1.x[20] ($aldff) from module rv_core.
Changing const-value async load to async reset on $driver$register_file1.x[21] ($aldff) from module rv_core.
Changing const-value async load to async reset on $driver$register_file1.x[22] ($aldff) from module rv_core.
Changing const-value async load to async reset on $driver$register_file1.x[23] ($aldff) from module rv_core.
Changing const-value async load to async reset on $driver$register_file1.x[24] ($aldff) from module rv_core.
Changing const-value async load to async reset on $driver$register_file1.x[25] ($aldff) from module rv_core.
Changing const-value async load to async reset on $driver$register_file1.x[26] ($aldff) from module rv_core.
Changing const-value async load to async reset on $driver$register_file1.x[27] ($aldff) from module rv_core.
Changing const-value async load to async reset on $driver$register_file1.x[28] ($aldff) from module rv_core.
Changing const-value async load to async reset on $driver$register_file1.x[29] ($aldff) from module rv_core.
Changing const-value async load to async reset on $driver$register_file1.x[30] ($aldff) from module rv_core.
Changing const-value async load to async reset on $driver$register_file1.x[31] ($aldff) from module rv_core.
Changing const-value async load to async reset on $driver$id_ex.pc_o ($aldff) from module rv_core.
Changing const-value async load to async reset on $driver$id_ex.imm_o ($aldff) from module rv_core.
Changing const-value async load to async reset on $driver$id_ex.rs1_data_o ($aldff) from module rv_core.
Changing const-value async load to async reset on $driver$id_ex.rs2_data_o ($aldff) from module rv_core.
Changing const-value async load to async reset on $driver$id_ex.rd_o ($aldff) from module rv_core.
Changing const-value async load to async reset on $driver$id_ex.rs1_o ($aldff) from module rv_core.
Changing const-value async load to async reset on $driver$id_ex.rs2_o ($aldff) from module rv_core.
Changing const-value async load to async reset on $driver$id_ex.funct3_o ($aldff) from module rv_core.
Changing const-value async load to async reset on $driver$id_ex.funct7_o ($aldff) from module rv_core.
Changing const-value async load to async reset on $driver$id_ex.opcode_o ($aldff) from module rv_core.
Changing const-value async load to async reset on $driver$id_ex.pcsel_o ($aldff) from module rv_core.
Changing const-value async load to async reset on $driver$id_ex.regwren_o ($aldff) from module rv_core.
Changing const-value async load to async reset on $driver$id_ex.memren_o ($aldff) from module rv_core.
Changing const-value async load to async reset on $driver$id_ex.memwren_o ($aldff) from module rv_core.
Changing const-value async load to async reset on $driver$id_ex.wbsel_o ($aldff) from module rv_core.
Changing const-value async load to async reset on $driver$id_ex.alusel_o ($aldff) from module rv_core.
Changing const-value async load to async reset on $driver$ex_mem.alu_res_o ($aldff) from module rv_core.
Changing const-value async load to async reset on $driver$ex_mem.rs2_data_o ($aldff) from module rv_core.
Changing const-value async load to async reset on $driver$ex_mem.pc_o ($aldff) from module rv_core.
Changing const-value async load to async reset on $driver$ex_mem.imm_o ($aldff) from module rv_core.
Changing const-value async load to async reset on $driver$ex_mem.rd_o ($aldff) from module rv_core.
Changing const-value async load to async reset on $driver$ex_mem.funct3_o ($aldff) from module rv_core.
Changing const-value async load to async reset on $driver$ex_mem.regwren_o ($aldff) from module rv_core.
Changing const-value async load to async reset on $driver$ex_mem.memren_o ($aldff) from module rv_core.
Changing const-value async load to async reset on $driver$ex_mem.memwren_o ($aldff) from module rv_core.
Changing const-value async load to async reset on $driver$ex_mem.wbsel_o ($aldff) from module rv_core.
Changing const-value async load to async reset on $driver$mem_wb.pc_o ($aldff) from module rv_core.
Changing const-value async load to async reset on $driver$mem_wb.alu_res_o ($aldff) from module rv_core.
Changing const-value async load to async reset on $driver$mem_wb.mem_data_o ($aldff) from module rv_core.
Changing const-value async load to async reset on $driver$mem_wb.imm_o ($aldff) from module rv_core.
Changing const-value async load to async reset on $driver$mem_wb.rd_o ($aldff) from module rv_core.
Changing const-value async load to async reset on $driver$mem_wb.regwren_o ($aldff) from module rv_core.
Changing const-value async load to async reset on $driver$mem_wb.wbsel_o ($aldff) from module rv_core.

yosys> opt_clean

5.7. Executing OPT_CLEAN pass (remove unused cells and wires).
Finding unused cells or wires in module \rv_core..
Removed 9 unused cells and 337 unused wires.
<suppressed ~26 debug messages>

yosys> opt_expr

5.8. Executing OPT_EXPR pass (perform const folding).
Optimizing module rv_core.

5.9. Rerunning OPT passes. (Maybe there is more to do..)

yosys> opt_muxtree

5.10. Executing OPT_MUXTREE pass (detect dead branches in mux trees).
Running muxtree optimizer on module \rv_core..
  Creating internal representation of mux trees.
  Evaluating internal representation of mux trees.
  Analyzing evaluation results.
Removed 0 multiplexer ports.
<suppressed ~120 debug messages>

yosys> opt_reduce

5.11. Executing OPT_REDUCE pass (consolidate $*mux and $reduce_* inputs).
  Optimizing cells in module \rv_core.
Performed a total of 0 changes.

yosys> opt_merge

5.12. Executing OPT_MERGE pass (detect identical cells).
Finding identical cells in module `\rv_core'.
Computing hashes of 306 cells of `\rv_core'.
Finding duplicate cells in `\rv_core'.
Removed a total of 0 cells.

yosys> opt_dff

5.13. Executing OPT_DFF pass (perform DFF optimizations).
Adding EN signal on $driver$register_file1.x[9] ($adff) from module rv_core (D = $90y [319:288], Q = \register_file1.x [319:288]).
Adding EN signal on $driver$register_file1.x[8] ($adff) from module rv_core (D = $90y [287:256], Q = \register_file1.x [287:256]).
Adding EN signal on $driver$register_file1.x[7] ($adff) from module rv_core (D = $90y [255:224], Q = \register_file1.x [255:224]).
Adding EN signal on $driver$register_file1.x[6] ($adff) from module rv_core (D = $90y [223:192], Q = \register_file1.x [223:192]).
Adding EN signal on $driver$register_file1.x[5] ($adff) from module rv_core (D = $90y [191:160], Q = \register_file1.x [191:160]).
Adding EN signal on $driver$register_file1.x[4] ($adff) from module rv_core (D = $90y [159:128], Q = \register_file1.x [159:128]).
Adding EN signal on $driver$register_file1.x[3] ($adff) from module rv_core (D = $90y [127:96], Q = \register_file1.x [127:96]).
Adding EN signal on $driver$register_file1.x[31] ($adff) from module rv_core (D = $90y [1023:992], Q = \register_file1.x [1023:992]).
Adding EN signal on $driver$register_file1.x[30] ($adff) from module rv_core (D = $90y [991:960], Q = \register_file1.x [991:960]).
Adding EN signal on $driver$register_file1.x[2] ($adff) from module rv_core (D = $90y [95:64], Q = \register_file1.x [95:64]).
Adding EN signal on $driver$register_file1.x[29] ($adff) from module rv_core (D = $90y [959:928], Q = \register_file1.x [959:928]).
Adding EN signal on $driver$register_file1.x[28] ($adff) from module rv_core (D = $90y [927:896], Q = \register_file1.x [927:896]).
Adding EN signal on $driver$register_file1.x[27] ($adff) from module rv_core (D = $90y [895:864], Q = \register_file1.x [895:864]).
Adding EN signal on $driver$register_file1.x[26] ($adff) from module rv_core (D = $90y [863:832], Q = \register_file1.x [863:832]).
Adding EN signal on $driver$register_file1.x[25] ($adff) from module rv_core (D = $90y [831:800], Q = \register_file1.x [831:800]).
Adding EN signal on $driver$register_file1.x[24] ($adff) from module rv_core (D = $90y [799:768], Q = \register_file1.x [799:768]).
Adding EN signal on $driver$register_file1.x[23] ($adff) from module rv_core (D = $90y [767:736], Q = \register_file1.x [767:736]).
Adding EN signal on $driver$register_file1.x[22] ($adff) from module rv_core (D = $90y [735:704], Q = \register_file1.x [735:704]).
Adding EN signal on $driver$register_file1.x[21] ($adff) from module rv_core (D = $90y [703:672], Q = \register_file1.x [703:672]).
Adding EN signal on $driver$register_file1.x[20] ($adff) from module rv_core (D = $90y [671:640], Q = \register_file1.x [671:640]).
Adding EN signal on $driver$register_file1.x[1] ($adff) from module rv_core (D = $90y [63:32], Q = \register_file1.x [63:32]).
Adding EN signal on $driver$register_file1.x[19] ($adff) from module rv_core (D = $90y [639:608], Q = \register_file1.x [639:608]).
Adding EN signal on $driver$register_file1.x[18] ($adff) from module rv_core (D = $90y [607:576], Q = \register_file1.x [607:576]).
Adding EN signal on $driver$register_file1.x[17] ($adff) from module rv_core (D = $90y [575:544], Q = \register_file1.x [575:544]).
Adding EN signal on $driver$register_file1.x[16] ($adff) from module rv_core (D = $90y [543:512], Q = \register_file1.x [543:512]).
Adding EN signal on $driver$register_file1.x[15] ($adff) from module rv_core (D = $90y [511:480], Q = \register_file1.x [511:480]).
Adding EN signal on $driver$register_file1.x[14] ($adff) from module rv_core (D = $90y [479:448], Q = \register_file1.x [479:448]).
Adding EN signal on $driver$register_file1.x[13] ($adff) from module rv_core (D = $90y [447:416], Q = \register_file1.x [447:416]).
Adding EN signal on $driver$register_file1.x[12] ($adff) from module rv_core (D = $90y [415:384], Q = \register_file1.x [415:384]).
Adding EN signal on $driver$register_file1.x[11] ($adff) from module rv_core (D = $90y [383:352], Q = \register_file1.x [383:352]).
Adding EN signal on $driver$register_file1.x[10] ($adff) from module rv_core (D = $90y [351:320], Q = \register_file1.x [351:320]).
Adding EN signal on $driver$register_file1.x[0] ($adff) from module rv_core (D = $90y [31:0], Q = \register_file1.x [31:0]).
Adding EN signal on $driver$if_id.pc_o ($adff) from module rv_core (D = $if_id.pc_o$12, Q = \if_id.pc_o).
Adding EN signal on $driver$if_id.insn_o ($adff) from module rv_core (D = $if_id.insn_o$13, Q = \if_id.insn_o).
Adding EN signal on $driver$fetch1.pc ($adff) from module rv_core (D = $fetch1.pc$5, Q = \fetch1.pc).

yosys> opt_clean

5.14. Executing OPT_CLEAN pass (remove unused cells and wires).
Finding unused cells or wires in module \rv_core..
Removed 2 unused cells and 2 unused wires.
<suppressed ~3 debug messages>

yosys> opt_expr

5.15. Executing OPT_EXPR pass (perform const folding).
Optimizing module rv_core.

5.16. Rerunning OPT passes. (Maybe there is more to do..)

yosys> opt_muxtree

5.17. Executing OPT_MUXTREE pass (detect dead branches in mux trees).
Running muxtree optimizer on module \rv_core..
  Creating internal representation of mux trees.
  Evaluating internal representation of mux trees.
  Analyzing evaluation results.
Removed 0 multiplexer ports.
<suppressed ~117 debug messages>

yosys> opt_reduce

5.18. Executing OPT_REDUCE pass (consolidate $*mux and $reduce_* inputs).
  Optimizing cells in module \rv_core.
Performed a total of 0 changes.

yosys> opt_merge

5.19. Executing OPT_MERGE pass (detect identical cells).
Finding identical cells in module `\rv_core'.
Computing hashes of 306 cells of `\rv_core'.
Finding duplicate cells in `\rv_core'.
Computing hashes of 305 cells of `\rv_core'.
Finding duplicate cells in `\rv_core'.
<suppressed ~3 debug messages>
Removed a total of 1 cells.

yosys> opt_dff

5.20. Executing OPT_DFF pass (perform DFF optimizations).

yosys> opt_clean

5.21. Executing OPT_CLEAN pass (remove unused cells and wires).
Finding unused cells or wires in module \rv_core..
Removed 0 unused cells and 1 unused wires.
<suppressed ~1 debug messages>

yosys> opt_expr

5.22. Executing OPT_EXPR pass (perform const folding).
Optimizing module rv_core.

5.23. Rerunning OPT passes. (Maybe there is more to do..)

yosys> opt_muxtree

5.24. Executing OPT_MUXTREE pass (detect dead branches in mux trees).
Running muxtree optimizer on module \rv_core..
  Creating internal representation of mux trees.
  Evaluating internal representation of mux trees.
  Analyzing evaluation results.
Removed 0 multiplexer ports.
<suppressed ~117 debug messages>

yosys> opt_reduce

5.25. Executing OPT_REDUCE pass (consolidate $*mux and $reduce_* inputs).
  Optimizing cells in module \rv_core.
Performed a total of 0 changes.

yosys> opt_merge

5.26. Executing OPT_MERGE pass (detect identical cells).
Finding identical cells in module `\rv_core'.
Computing hashes of 305 cells of `\rv_core'.
Finding duplicate cells in `\rv_core'.
Removed a total of 0 cells.

yosys> opt_dff

5.27. Executing OPT_DFF pass (perform DFF optimizations).

yosys> opt_clean

5.28. Executing OPT_CLEAN pass (remove unused cells and wires).
Finding unused cells or wires in module \rv_core..

yosys> opt_expr

5.29. Executing OPT_EXPR pass (perform const folding).
Optimizing module rv_core.

5.30. Finished fast OPT passes. (There is nothing left to do.)

yosys> memory

6. Executing MEMORY pass.

yosys> opt_mem

6.1. Executing OPT_MEM pass (optimize memories).
Performed a total of 0 transformations.

yosys> opt_mem_priority

6.2. Executing OPT_MEM_PRIORITY pass (removing unnecessary memory write priority relations).
Performed a total of 6 transformations.

yosys> opt_mem_feedback

6.3. Executing OPT_MEM_FEEDBACK pass (finding memory read-to-write feedback paths).
  Analyzing rv_core.memory1.ram.main_memory write port 0.
  Analyzing rv_core.memory1.ram.main_memory write port 1.
  Analyzing rv_core.memory1.ram.main_memory write port 2.
  Analyzing rv_core.memory1.ram.main_memory write port 3.

yosys> memory_bmux2rom

6.4. Executing MEMORY_BMUX2ROM pass (converting muxes to ROMs).

yosys> memory_dff

6.5. Executing MEMORY_DFF pass (merging $dff cells to $memrd).
Checking read port `\memory1.ram.main_memory'[0] in module `\rv_core': no output FF found.
Checking read port `\memory1.ram.main_memory'[1] in module `\rv_core': FF found, but with a mux select that doesn't seem to correspond to transparency logic.
Checking read port address `\memory1.ram.main_memory'[0] in module `\rv_core': no address FF found.
Checking read port address `\memory1.ram.main_memory'[1] in module `\rv_core': no address FF found.

yosys> opt_clean

6.6. Executing OPT_CLEAN pass (remove unused cells and wires).
Finding unused cells or wires in module \rv_core..

yosys> memory_share

6.7. Executing MEMORY_SHARE pass (consolidating $memrd/$memwr cells).
Consolidating read ports of memory rv_core.memory1.ram.main_memory by address:
Consolidating write ports of memory rv_core.memory1.ram.main_memory by address:
  Merging ports 0, 1 (address { 2'00 \memory1.mem_con.address [31:2] }).
  Merging ports 0, 2 (address { 2'00 \memory1.mem_con.address [31:2] }).
  Merging ports 0, 3 (address { 2'00 \memory1.mem_con.address [31:2] }).

yosys> opt_mem_widen

6.8. Executing OPT_MEM_WIDEN pass (optimize memories where all ports are wide).
Performed a total of 0 transformations.

yosys> opt_clean

6.9. Executing OPT_CLEAN pass (remove unused cells and wires).
Finding unused cells or wires in module \rv_core..

yosys> memory_collect

6.10. Executing MEMORY_COLLECT pass (generating $mem cells).

yosys> memory_map

6.11. Executing MEMORY_MAP pass (converting memories to logic and flip-flops).
Mapping memory \memory1.ram.main_memory in module \rv_core:
  created 256 $dff cells and 0 static cells of width 32.
  read interface: 0 $dff and 510 $mux cells.
  write interface: 1024 write mux blocks.

yosys> opt

7. Executing OPT pass (performing simple optimizations).

yosys> opt_expr

7.1. Executing OPT_EXPR pass (perform const folding).
Optimizing module rv_core.
<suppressed ~41 debug messages>

yosys> opt_merge -nomux

7.2. Executing OPT_MERGE pass (detect identical cells).
Finding identical cells in module `\rv_core'.
Computing hashes of 3979 cells of `\rv_core'.
Finding duplicate cells in `\rv_core'.
Removed a total of 0 cells.

yosys> opt_muxtree

7.3. Executing OPT_MUXTREE pass (detect dead branches in mux trees).
Running muxtree optimizer on module \rv_core..
  Creating internal representation of mux trees.
  Evaluating internal representation of mux trees.
  Analyzing evaluation results.
Removed 0 multiplexer ports.
<suppressed ~4723 debug messages>

yosys> opt_reduce

7.4. Executing OPT_REDUCE pass (consolidate $*mux and $reduce_* inputs).
  Optimizing cells in module \rv_core.
Performed a total of 0 changes.

yosys> opt_merge

7.5. Executing OPT_MERGE pass (detect identical cells).
Finding identical cells in module `\rv_core'.
Computing hashes of 3979 cells of `\rv_core'.
Finding duplicate cells in `\rv_core'.
Removed a total of 0 cells.

yosys> opt_dff

7.6. Executing OPT_DFF pass (perform DFF optimizations).

yosys> opt_clean

7.7. Executing OPT_CLEAN pass (remove unused cells and wires).
Finding unused cells or wires in module \rv_core..
Removed 0 unused cells and 779 unused wires.
<suppressed ~1 debug messages>

yosys> opt_expr

7.8. Executing OPT_EXPR pass (perform const folding).
Optimizing module rv_core.

7.9. Rerunning OPT passes. (Maybe there is more to do..)

yosys> opt_muxtree

7.10. Executing OPT_MUXTREE pass (detect dead branches in mux trees).
Running muxtree optimizer on module \rv_core..
  Creating internal representation of mux trees.
  Evaluating internal representation of mux trees.
  Analyzing evaluation results.
Removed 0 multiplexer ports.
<suppressed ~4723 debug messages>

yosys> opt_reduce

7.11. Executing OPT_REDUCE pass (consolidate $*mux and $reduce_* inputs).
  Optimizing cells in module \rv_core.
Performed a total of 0 changes.

yosys> opt_merge

7.12. Executing OPT_MERGE pass (detect identical cells).
Finding identical cells in module `\rv_core'.
Computing hashes of 3979 cells of `\rv_core'.
Finding duplicate cells in `\rv_core'.
Removed a total of 0 cells.

yosys> opt_dff

7.13. Executing OPT_DFF pass (perform DFF optimizations).
Adding EN signal on $memory\memory1.ram.main_memory[9]$446 ($dff) from module rv_core (D = \memory1.ram.data_i [7:0], Q = \memory1.ram.main_memory[9] [7:0]).
Adding EN signal on $memory\memory1.ram.main_memory[9]$446 ($dff) from module rv_core (D = \memory1.ram.data_i [15:8], Q = \memory1.ram.main_memory[9] [15:8]).
Adding EN signal on $memory\memory1.ram.main_memory[9]$446 ($dff) from module rv_core (D = \memory1.ram.data_i [23:16], Q = \memory1.ram.main_memory[9] [23:16]).
Adding EN signal on $memory\memory1.ram.main_memory[9]$446 ($dff) from module rv_core (D = \memory1.ram.data_i [31:24], Q = \memory1.ram.main_memory[9] [31:24]).
Adding EN signal on $memory\memory1.ram.main_memory[99]$626 ($dff) from module rv_core (D = \memory1.ram.data_i [7:0], Q = \memory1.ram.main_memory[99] [7:0]).
Adding EN signal on $memory\memory1.ram.main_memory[99]$626 ($dff) from module rv_core (D = \memory1.ram.data_i [15:8], Q = \memory1.ram.main_memory[99] [15:8]).
Adding EN signal on $memory\memory1.ram.main_memory[99]$626 ($dff) from module rv_core (D = \memory1.ram.data_i [23:16], Q = \memory1.ram.main_memory[99] [23:16]).
Adding EN signal on $memory\memory1.ram.main_memory[99]$626 ($dff) from module rv_core (D = \memory1.ram.data_i [31:24], Q = \memory1.ram.main_memory[99] [31:24]).
Adding EN signal on $memory\memory1.ram.main_memory[98]$624 ($dff) from module rv_core (D = \memory1.ram.data_i [7:0], Q = \memory1.ram.main_memory[98] [7:0]).
Adding EN signal on $memory\memory1.ram.main_memory[98]$624 ($dff) from module rv_core (D = \memory1.ram.data_i [15:8], Q = \memory1.ram.main_memory[98] [15:8]).
Adding EN signal on $memory\memory1.ram.main_memory[98]$624 ($dff) from module rv_core (D = \memory1.ram.data_i [23:16], Q = \memory1.ram.main_memory[98] [23:16]).
Adding EN signal on $memory\memory1.ram.main_memory[98]$624 ($dff) from module rv_core (D = \memory1.ram.data_i [31:24], Q = \memory1.ram.main_memory[98] [31:24]).
Adding EN signal on $memory\memory1.ram.main_memory[97]$622 ($dff) from module rv_core (D = \memory1.ram.data_i [7:0], Q = \memory1.ram.main_memory[97] [7:0]).
Adding EN signal on $memory\memory1.ram.main_memory[97]$622 ($dff) from module rv_core (D = \memory1.ram.data_i [15:8], Q = \memory1.ram.main_memory[97] [15:8]).
Adding EN signal on $memory\memory1.ram.main_memory[97]$622 ($dff) from module rv_core (D = \memory1.ram.data_i [23:16], Q = \memory1.ram.main_memory[97] [23:16]).
Adding EN signal on $memory\memory1.ram.main_memory[97]$622 ($dff) from module rv_core (D = \memory1.ram.data_i [31:24], Q = \memory1.ram.main_memory[97] [31:24]).
Adding EN signal on $memory\memory1.ram.main_memory[96]$620 ($dff) from module rv_core (D = \memory1.ram.data_i [7:0], Q = \memory1.ram.main_memory[96] [7:0]).
Adding EN signal on $memory\memory1.ram.main_memory[96]$620 ($dff) from module rv_core (D = \memory1.ram.data_i [15:8], Q = \memory1.ram.main_memory[96] [15:8]).
Adding EN signal on $memory\memory1.ram.main_memory[96]$620 ($dff) from module rv_core (D = \memory1.ram.data_i [23:16], Q = \memory1.ram.main_memory[96] [23:16]).
Adding EN signal on $memory\memory1.ram.main_memory[96]$620 ($dff) from module rv_core (D = \memory1.ram.data_i [31:24], Q = \memory1.ram.main_memory[96] [31:24]).
Adding EN signal on $memory\memory1.ram.main_memory[95]$618 ($dff) from module rv_core (D = \memory1.ram.data_i [7:0], Q = \memory1.ram.main_memory[95] [7:0]).
Adding EN signal on $memory\memory1.ram.main_memory[95]$618 ($dff) from module rv_core (D = \memory1.ram.data_i [15:8], Q = \memory1.ram.main_memory[95] [15:8]).
Adding EN signal on $memory\memory1.ram.main_memory[95]$618 ($dff) from module rv_core (D = \memory1.ram.data_i [23:16], Q = \memory1.ram.main_memory[95] [23:16]).
Adding EN signal on $memory\memory1.ram.main_memory[95]$618 ($dff) from module rv_core (D = \memory1.ram.data_i [31:24], Q = \memory1.ram.main_memory[95] [31:24]).
Adding EN signal on $memory\memory1.ram.main_memory[94]$616 ($dff) from module rv_core (D = \memory1.ram.data_i [7:0], Q = \memory1.ram.main_memory[94] [7:0]).
Adding EN signal on $memory\memory1.ram.main_memory[94]$616 ($dff) from module rv_core (D = \memory1.ram.data_i [15:8], Q = \memory1.ram.main_memory[94] [15:8]).
Adding EN signal on $memory\memory1.ram.main_memory[94]$616 ($dff) from module rv_core (D = \memory1.ram.data_i [23:16], Q = \memory1.ram.main_memory[94] [23:16]).
Adding EN signal on $memory\memory1.ram.main_memory[94]$616 ($dff) from module rv_core (D = \memory1.ram.data_i [31:24], Q = \memory1.ram.main_memory[94] [31:24]).
Adding EN signal on $memory\memory1.ram.main_memory[93]$614 ($dff) from module rv_core (D = \memory1.ram.data_i [7:0], Q = \memory1.ram.main_memory[93] [7:0]).
Adding EN signal on $memory\memory1.ram.main_memory[93]$614 ($dff) from module rv_core (D = \memory1.ram.data_i [15:8], Q = \memory1.ram.main_memory[93] [15:8]).
Adding EN signal on $memory\memory1.ram.main_memory[93]$614 ($dff) from module rv_core (D = \memory1.ram.data_i [23:16], Q = \memory1.ram.main_memory[93] [23:16]).
Adding EN signal on $memory\memory1.ram.main_memory[93]$614 ($dff) from module rv_core (D = \memory1.ram.data_i [31:24], Q = \memory1.ram.main_memory[93] [31:24]).
Adding EN signal on $memory\memory1.ram.main_memory[92]$612 ($dff) from module rv_core (D = \memory1.ram.data_i [7:0], Q = \memory1.ram.main_memory[92] [7:0]).
Adding EN signal on $memory\memory1.ram.main_memory[92]$612 ($dff) from module rv_core (D = \memory1.ram.data_i [15:8], Q = \memory1.ram.main_memory[92] [15:8]).
Adding EN signal on $memory\memory1.ram.main_memory[92]$612 ($dff) from module rv_core (D = \memory1.ram.data_i [23:16], Q = \memory1.ram.main_memory[92] [23:16]).
Adding EN signal on $memory\memory1.ram.main_memory[92]$612 ($dff) from module rv_core (D = \memory1.ram.data_i [31:24], Q = \memory1.ram.main_memory[92] [31:24]).
Adding EN signal on $memory\memory1.ram.main_memory[91]$610 ($dff) from module rv_core (D = \memory1.ram.data_i [7:0], Q = \memory1.ram.main_memory[91] [7:0]).
Adding EN signal on $memory\memory1.ram.main_memory[91]$610 ($dff) from module rv_core (D = \memory1.ram.data_i [15:8], Q = \memory1.ram.main_memory[91] [15:8]).
Adding EN signal on $memory\memory1.ram.main_memory[91]$610 ($dff) from module rv_core (D = \memory1.ram.data_i [23:16], Q = \memory1.ram.main_memory[91] [23:16]).
Adding EN signal on $memory\memory1.ram.main_memory[91]$610 ($dff) from module rv_core (D = \memory1.ram.data_i [31:24], Q = \memory1.ram.main_memory[91] [31:24]).
Adding EN signal on $memory\memory1.ram.main_memory[90]$608 ($dff) from module rv_core (D = \memory1.ram.data_i [7:0], Q = \memory1.ram.main_memory[90] [7:0]).
Adding EN signal on $memory\memory1.ram.main_memory[90]$608 ($dff) from module rv_core (D = \memory1.ram.data_i [15:8], Q = \memory1.ram.main_memory[90] [15:8]).
Adding EN signal on $memory\memory1.ram.main_memory[90]$608 ($dff) from module rv_core (D = \memory1.ram.data_i [23:16], Q = \memory1.ram.main_memory[90] [23:16]).
Adding EN signal on $memory\memory1.ram.main_memory[90]$608 ($dff) from module rv_core (D = \memory1.ram.data_i [31:24], Q = \memory1.ram.main_memory[90] [31:24]).
Adding EN signal on $memory\memory1.ram.main_memory[8]$444 ($dff) from module rv_core (D = \memory1.ram.data_i [7:0], Q = \memory1.ram.main_memory[8] [7:0]).
Adding EN signal on $memory\memory1.ram.main_memory[8]$444 ($dff) from module rv_core (D = \memory1.ram.data_i [15:8], Q = \memory1.ram.main_memory[8] [15:8]).
Adding EN signal on $memory\memory1.ram.main_memory[8]$444 ($dff) from module rv_core (D = \memory1.ram.data_i [23:16], Q = \memory1.ram.main_memory[8] [23:16]).
Adding EN signal on $memory\memory1.ram.main_memory[8]$444 ($dff) from module rv_core (D = \memory1.ram.data_i [31:24], Q = \memory1.ram.main_memory[8] [31:24]).
Adding EN signal on $memory\memory1.ram.main_memory[89]$606 ($dff) from module rv_core (D = \memory1.ram.data_i [7:0], Q = \memory1.ram.main_memory[89] [7:0]).
Adding EN signal on $memory\memory1.ram.main_memory[89]$606 ($dff) from module rv_core (D = \memory1.ram.data_i [15:8], Q = \memory1.ram.main_memory[89] [15:8]).
Adding EN signal on $memory\memory1.ram.main_memory[89]$606 ($dff) from module rv_core (D = \memory1.ram.data_i [23:16], Q = \memory1.ram.main_memory[89] [23:16]).
Adding EN signal on $memory\memory1.ram.main_memory[89]$606 ($dff) from module rv_core (D = \memory1.ram.data_i [31:24], Q = \memory1.ram.main_memory[89] [31:24]).
Adding EN signal on $memory\memory1.ram.main_memory[88]$604 ($dff) from module rv_core (D = \memory1.ram.data_i [7:0], Q = \memory1.ram.main_memory[88] [7:0]).
Adding EN signal on $memory\memory1.ram.main_memory[88]$604 ($dff) from module rv_core (D = \memory1.ram.data_i [15:8], Q = \memory1.ram.main_memory[88] [15:8]).
Adding EN signal on $memory\memory1.ram.main_memory[88]$604 ($dff) from module rv_core (D = \memory1.ram.data_i [23:16], Q = \memory1.ram.main_memory[88] [23:16]).
Adding EN signal on $memory\memory1.ram.main_memory[88]$604 ($dff) from module rv_core (D = \memory1.ram.data_i [31:24], Q = \memory1.ram.main_memory[88] [31:24]).
Adding EN signal on $memory\memory1.ram.main_memory[87]$602 ($dff) from module rv_core (D = \memory1.ram.data_i [7:0], Q = \memory1.ram.main_memory[87] [7:0]).
Adding EN signal on $memory\memory1.ram.main_memory[87]$602 ($dff) from module rv_core (D = \memory1.ram.data_i [15:8], Q = \memory1.ram.main_memory[87] [15:8]).
Adding EN signal on $memory\memory1.ram.main_memory[87]$602 ($dff) from module rv_core (D = \memory1.ram.data_i [23:16], Q = \memory1.ram.main_memory[87] [23:16]).
Adding EN signal on $memory\memory1.ram.main_memory[87]$602 ($dff) from module rv_core (D = \memory1.ram.data_i [31:24], Q = \memory1.ram.main_memory[87] [31:24]).
Adding EN signal on $memory\memory1.ram.main_memory[86]$600 ($dff) from module rv_core (D = \memory1.ram.data_i [7:0], Q = \memory1.ram.main_memory[86] [7:0]).
Adding EN signal on $memory\memory1.ram.main_memory[86]$600 ($dff) from module rv_core (D = \memory1.ram.data_i [15:8], Q = \memory1.ram.main_memory[86] [15:8]).
Adding EN signal on $memory\memory1.ram.main_memory[86]$600 ($dff) from module rv_core (D = \memory1.ram.data_i [23:16], Q = \memory1.ram.main_memory[86] [23:16]).
Adding EN signal on $memory\memory1.ram.main_memory[86]$600 ($dff) from module rv_core (D = \memory1.ram.data_i [31:24], Q = \memory1.ram.main_memory[86] [31:24]).
Adding EN signal on $memory\memory1.ram.main_memory[85]$598 ($dff) from module rv_core (D = \memory1.ram.data_i [7:0], Q = \memory1.ram.main_memory[85] [7:0]).
Adding EN signal on $memory\memory1.ram.main_memory[85]$598 ($dff) from module rv_core (D = \memory1.ram.data_i [15:8], Q = \memory1.ram.main_memory[85] [15:8]).
Adding EN signal on $memory\memory1.ram.main_memory[85]$598 ($dff) from module rv_core (D = \memory1.ram.data_i [23:16], Q = \memory1.ram.main_memory[85] [23:16]).
Adding EN signal on $memory\memory1.ram.main_memory[85]$598 ($dff) from module rv_core (D = \memory1.ram.data_i [31:24], Q = \memory1.ram.main_memory[85] [31:24]).
Adding EN signal on $memory\memory1.ram.main_memory[84]$596 ($dff) from module rv_core (D = \memory1.ram.data_i [7:0], Q = \memory1.ram.main_memory[84] [7:0]).
Adding EN signal on $memory\memory1.ram.main_memory[84]$596 ($dff) from module rv_core (D = \memory1.ram.data_i [15:8], Q = \memory1.ram.main_memory[84] [15:8]).
Adding EN signal on $memory\memory1.ram.main_memory[84]$596 ($dff) from module rv_core (D = \memory1.ram.data_i [23:16], Q = \memory1.ram.main_memory[84] [23:16]).
Adding EN signal on $memory\memory1.ram.main_memory[84]$596 ($dff) from module rv_core (D = \memory1.ram.data_i [31:24], Q = \memory1.ram.main_memory[84] [31:24]).
Adding EN signal on $memory\memory1.ram.main_memory[83]$594 ($dff) from module rv_core (D = \memory1.ram.data_i [7:0], Q = \memory1.ram.main_memory[83] [7:0]).
Adding EN signal on $memory\memory1.ram.main_memory[83]$594 ($dff) from module rv_core (D = \memory1.ram.data_i [15:8], Q = \memory1.ram.main_memory[83] [15:8]).
Adding EN signal on $memory\memory1.ram.main_memory[83]$594 ($dff) from module rv_core (D = \memory1.ram.data_i [23:16], Q = \memory1.ram.main_memory[83] [23:16]).
Adding EN signal on $memory\memory1.ram.main_memory[83]$594 ($dff) from module rv_core (D = \memory1.ram.data_i [31:24], Q = \memory1.ram.main_memory[83] [31:24]).
Adding EN signal on $memory\memory1.ram.main_memory[82]$592 ($dff) from module rv_core (D = \memory1.ram.data_i [7:0], Q = \memory1.ram.main_memory[82] [7:0]).
Adding EN signal on $memory\memory1.ram.main_memory[82]$592 ($dff) from module rv_core (D = \memory1.ram.data_i [15:8], Q = \memory1.ram.main_memory[82] [15:8]).
Adding EN signal on $memory\memory1.ram.main_memory[82]$592 ($dff) from module rv_core (D = \memory1.ram.data_i [23:16], Q = \memory1.ram.main_memory[82] [23:16]).
Adding EN signal on $memory\memory1.ram.main_memory[82]$592 ($dff) from module rv_core (D = \memory1.ram.data_i [31:24], Q = \memory1.ram.main_memory[82] [31:24]).
Adding EN signal on $memory\memory1.ram.main_memory[81]$590 ($dff) from module rv_core (D = \memory1.ram.data_i [7:0], Q = \memory1.ram.main_memory[81] [7:0]).
Adding EN signal on $memory\memory1.ram.main_memory[81]$590 ($dff) from module rv_core (D = \memory1.ram.data_i [15:8], Q = \memory1.ram.main_memory[81] [15:8]).
Adding EN signal on $memory\memory1.ram.main_memory[81]$590 ($dff) from module rv_core (D = \memory1.ram.data_i [23:16], Q = \memory1.ram.main_memory[81] [23:16]).
Adding EN signal on $memory\memory1.ram.main_memory[81]$590 ($dff) from module rv_core (D = \memory1.ram.data_i [31:24], Q = \memory1.ram.main_memory[81] [31:24]).
Adding EN signal on $memory\memory1.ram.main_memory[80]$588 ($dff) from module rv_core (D = \memory1.ram.data_i [7:0], Q = \memory1.ram.main_memory[80] [7:0]).
Adding EN signal on $memory\memory1.ram.main_memory[80]$588 ($dff) from module rv_core (D = \memory1.ram.data_i [15:8], Q = \memory1.ram.main_memory[80] [15:8]).
Adding EN signal on $memory\memory1.ram.main_memory[80]$588 ($dff) from module rv_core (D = \memory1.ram.data_i [23:16], Q = \memory1.ram.main_memory[80] [23:16]).
Adding EN signal on $memory\memory1.ram.main_memory[80]$588 ($dff) from module rv_core (D = \memory1.ram.data_i [31:24], Q = \memory1.ram.main_memory[80] [31:24]).
Adding EN signal on $memory\memory1.ram.main_memory[7]$442 ($dff) from module rv_core (D = \memory1.ram.data_i [7:0], Q = \memory1.ram.main_memory[7] [7:0]).
Adding EN signal on $memory\memory1.ram.main_memory[7]$442 ($dff) from module rv_core (D = \memory1.ram.data_i [15:8], Q = \memory1.ram.main_memory[7] [15:8]).
Adding EN signal on $memory\memory1.ram.main_memory[7]$442 ($dff) from module rv_core (D = \memory1.ram.data_i [23:16], Q = \memory1.ram.main_memory[7] [23:16]).
Adding EN signal on $memory\memory1.ram.main_memory[7]$442 ($dff) from module rv_core (D = \memory1.ram.data_i [31:24], Q = \memory1.ram.main_memory[7] [31:24]).
Adding EN signal on $memory\memory1.ram.main_memory[79]$586 ($dff) from module rv_core (D = \memory1.ram.data_i [7:0], Q = \memory1.ram.main_memory[79] [7:0]).
Adding EN signal on $memory\memory1.ram.main_memory[79]$586 ($dff) from module rv_core (D = \memory1.ram.data_i [15:8], Q = \memory1.ram.main_memory[79] [15:8]).
Adding EN signal on $memory\memory1.ram.main_memory[79]$586 ($dff) from module rv_core (D = \memory1.ram.data_i [23:16], Q = \memory1.ram.main_memory[79] [23:16]).
Adding EN signal on $memory\memory1.ram.main_memory[79]$586 ($dff) from module rv_core (D = \memory1.ram.data_i [31:24], Q = \memory1.ram.main_memory[79] [31:24]).
Adding EN signal on $memory\memory1.ram.main_memory[78]$584 ($dff) from module rv_core (D = \memory1.ram.data_i [7:0], Q = \memory1.ram.main_memory[78] [7:0]).
Adding EN signal on $memory\memory1.ram.main_memory[78]$584 ($dff) from module rv_core (D = \memory1.ram.data_i [15:8], Q = \memory1.ram.main_memory[78] [15:8]).
Adding EN signal on $memory\memory1.ram.main_memory[78]$584 ($dff) from module rv_core (D = \memory1.ram.data_i [23:16], Q = \memory1.ram.main_memory[78] [23:16]).
Adding EN signal on $memory\memory1.ram.main_memory[78]$584 ($dff) from module rv_core (D = \memory1.ram.data_i [31:24], Q = \memory1.ram.main_memory[78] [31:24]).
Adding EN signal on $memory\memory1.ram.main_memory[77]$582 ($dff) from module rv_core (D = \memory1.ram.data_i [7:0], Q = \memory1.ram.main_memory[77] [7:0]).
Adding EN signal on $memory\memory1.ram.main_memory[77]$582 ($dff) from module rv_core (D = \memory1.ram.data_i [15:8], Q = \memory1.ram.main_memory[77] [15:8]).
Adding EN signal on $memory\memory1.ram.main_memory[77]$582 ($dff) from module rv_core (D = \memory1.ram.data_i [23:16], Q = \memory1.ram.main_memory[77] [23:16]).
Adding EN signal on $memory\memory1.ram.main_memory[77]$582 ($dff) from module rv_core (D = \memory1.ram.data_i [31:24], Q = \memory1.ram.main_memory[77] [31:24]).
Adding EN signal on $memory\memory1.ram.main_memory[76]$580 ($dff) from module rv_core (D = \memory1.ram.data_i [7:0], Q = \memory1.ram.main_memory[76] [7:0]).
Adding EN signal on $memory\memory1.ram.main_memory[76]$580 ($dff) from module rv_core (D = \memory1.ram.data_i [15:8], Q = \memory1.ram.main_memory[76] [15:8]).
Adding EN signal on $memory\memory1.ram.main_memory[76]$580 ($dff) from module rv_core (D = \memory1.ram.data_i [23:16], Q = \memory1.ram.main_memory[76] [23:16]).
Adding EN signal on $memory\memory1.ram.main_memory[76]$580 ($dff) from module rv_core (D = \memory1.ram.data_i [31:24], Q = \memory1.ram.main_memory[76] [31:24]).
Adding EN signal on $memory\memory1.ram.main_memory[75]$578 ($dff) from module rv_core (D = \memory1.ram.data_i [7:0], Q = \memory1.ram.main_memory[75] [7:0]).
Adding EN signal on $memory\memory1.ram.main_memory[75]$578 ($dff) from module rv_core (D = \memory1.ram.data_i [15:8], Q = \memory1.ram.main_memory[75] [15:8]).
Adding EN signal on $memory\memory1.ram.main_memory[75]$578 ($dff) from module rv_core (D = \memory1.ram.data_i [23:16], Q = \memory1.ram.main_memory[75] [23:16]).
Adding EN signal on $memory\memory1.ram.main_memory[75]$578 ($dff) from module rv_core (D = \memory1.ram.data_i [31:24], Q = \memory1.ram.main_memory[75] [31:24]).
Adding EN signal on $memory\memory1.ram.main_memory[74]$576 ($dff) from module rv_core (D = \memory1.ram.data_i [7:0], Q = \memory1.ram.main_memory[74] [7:0]).
Adding EN signal on $memory\memory1.ram.main_memory[74]$576 ($dff) from module rv_core (D = \memory1.ram.data_i [15:8], Q = \memory1.ram.main_memory[74] [15:8]).
Adding EN signal on $memory\memory1.ram.main_memory[74]$576 ($dff) from module rv_core (D = \memory1.ram.data_i [23:16], Q = \memory1.ram.main_memory[74] [23:16]).
Adding EN signal on $memory\memory1.ram.main_memory[74]$576 ($dff) from module rv_core (D = \memory1.ram.data_i [31:24], Q = \memory1.ram.main_memory[74] [31:24]).
Adding EN signal on $memory\memory1.ram.main_memory[73]$574 ($dff) from module rv_core (D = \memory1.ram.data_i [7:0], Q = \memory1.ram.main_memory[73] [7:0]).
Adding EN signal on $memory\memory1.ram.main_memory[73]$574 ($dff) from module rv_core (D = \memory1.ram.data_i [15:8], Q = \memory1.ram.main_memory[73] [15:8]).
Adding EN signal on $memory\memory1.ram.main_memory[73]$574 ($dff) from module rv_core (D = \memory1.ram.data_i [23:16], Q = \memory1.ram.main_memory[73] [23:16]).
Adding EN signal on $memory\memory1.ram.main_memory[73]$574 ($dff) from module rv_core (D = \memory1.ram.data_i [31:24], Q = \memory1.ram.main_memory[73] [31:24]).
Adding EN signal on $memory\memory1.ram.main_memory[72]$572 ($dff) from module rv_core (D = \memory1.ram.data_i [7:0], Q = \memory1.ram.main_memory[72] [7:0]).
Adding EN signal on $memory\memory1.ram.main_memory[72]$572 ($dff) from module rv_core (D = \memory1.ram.data_i [15:8], Q = \memory1.ram.main_memory[72] [15:8]).
Adding EN signal on $memory\memory1.ram.main_memory[72]$572 ($dff) from module rv_core (D = \memory1.ram.data_i [23:16], Q = \memory1.ram.main_memory[72] [23:16]).
Adding EN signal on $memory\memory1.ram.main_memory[72]$572 ($dff) from module rv_core (D = \memory1.ram.data_i [31:24], Q = \memory1.ram.main_memory[72] [31:24]).
Adding EN signal on $memory\memory1.ram.main_memory[71]$570 ($dff) from module rv_core (D = \memory1.ram.data_i [7:0], Q = \memory1.ram.main_memory[71] [7:0]).
Adding EN signal on $memory\memory1.ram.main_memory[71]$570 ($dff) from module rv_core (D = \memory1.ram.data_i [15:8], Q = \memory1.ram.main_memory[71] [15:8]).
Adding EN signal on $memory\memory1.ram.main_memory[71]$570 ($dff) from module rv_core (D = \memory1.ram.data_i [23:16], Q = \memory1.ram.main_memory[71] [23:16]).
Adding EN signal on $memory\memory1.ram.main_memory[71]$570 ($dff) from module rv_core (D = \memory1.ram.data_i [31:24], Q = \memory1.ram.main_memory[71] [31:24]).
Adding EN signal on $memory\memory1.ram.main_memory[70]$568 ($dff) from module rv_core (D = \memory1.ram.data_i [7:0], Q = \memory1.ram.main_memory[70] [7:0]).
Adding EN signal on $memory\memory1.ram.main_memory[70]$568 ($dff) from module rv_core (D = \memory1.ram.data_i [15:8], Q = \memory1.ram.main_memory[70] [15:8]).
Adding EN signal on $memory\memory1.ram.main_memory[70]$568 ($dff) from module rv_core (D = \memory1.ram.data_i [23:16], Q = \memory1.ram.main_memory[70] [23:16]).
Adding EN signal on $memory\memory1.ram.main_memory[70]$568 ($dff) from module rv_core (D = \memory1.ram.data_i [31:24], Q = \memory1.ram.main_memory[70] [31:24]).
Adding EN signal on $memory\memory1.ram.main_memory[6]$440 ($dff) from module rv_core (D = \memory1.ram.data_i [7:0], Q = \memory1.ram.main_memory[6] [7:0]).
Adding EN signal on $memory\memory1.ram.main_memory[6]$440 ($dff) from module rv_core (D = \memory1.ram.data_i [15:8], Q = \memory1.ram.main_memory[6] [15:8]).
Adding EN signal on $memory\memory1.ram.main_memory[6]$440 ($dff) from module rv_core (D = \memory1.ram.data_i [23:16], Q = \memory1.ram.main_memory[6] [23:16]).
Adding EN signal on $memory\memory1.ram.main_memory[6]$440 ($dff) from module rv_core (D = \memory1.ram.data_i [31:24], Q = \memory1.ram.main_memory[6] [31:24]).
Adding EN signal on $memory\memory1.ram.main_memory[69]$566 ($dff) from module rv_core (D = \memory1.ram.data_i [7:0], Q = \memory1.ram.main_memory[69] [7:0]).
Adding EN signal on $memory\memory1.ram.main_memory[69]$566 ($dff) from module rv_core (D = \memory1.ram.data_i [15:8], Q = \memory1.ram.main_memory[69] [15:8]).
Adding EN signal on $memory\memory1.ram.main_memory[69]$566 ($dff) from module rv_core (D = \memory1.ram.data_i [23:16], Q = \memory1.ram.main_memory[69] [23:16]).
Adding EN signal on $memory\memory1.ram.main_memory[69]$566 ($dff) from module rv_core (D = \memory1.ram.data_i [31:24], Q = \memory1.ram.main_memory[69] [31:24]).
Adding EN signal on $memory\memory1.ram.main_memory[68]$564 ($dff) from module rv_core (D = \memory1.ram.data_i [7:0], Q = \memory1.ram.main_memory[68] [7:0]).
Adding EN signal on $memory\memory1.ram.main_memory[68]$564 ($dff) from module rv_core (D = \memory1.ram.data_i [15:8], Q = \memory1.ram.main_memory[68] [15:8]).
Adding EN signal on $memory\memory1.ram.main_memory[68]$564 ($dff) from module rv_core (D = \memory1.ram.data_i [23:16], Q = \memory1.ram.main_memory[68] [23:16]).
Adding EN signal on $memory\memory1.ram.main_memory[68]$564 ($dff) from module rv_core (D = \memory1.ram.data_i [31:24], Q = \memory1.ram.main_memory[68] [31:24]).
Adding EN signal on $memory\memory1.ram.main_memory[67]$562 ($dff) from module rv_core (D = \memory1.ram.data_i [7:0], Q = \memory1.ram.main_memory[67] [7:0]).
Adding EN signal on $memory\memory1.ram.main_memory[67]$562 ($dff) from module rv_core (D = \memory1.ram.data_i [15:8], Q = \memory1.ram.main_memory[67] [15:8]).
Adding EN signal on $memory\memory1.ram.main_memory[67]$562 ($dff) from module rv_core (D = \memory1.ram.data_i [23:16], Q = \memory1.ram.main_memory[67] [23:16]).
Adding EN signal on $memory\memory1.ram.main_memory[67]$562 ($dff) from module rv_core (D = \memory1.ram.data_i [31:24], Q = \memory1.ram.main_memory[67] [31:24]).
Adding EN signal on $memory\memory1.ram.main_memory[66]$560 ($dff) from module rv_core (D = \memory1.ram.data_i [7:0], Q = \memory1.ram.main_memory[66] [7:0]).
Adding EN signal on $memory\memory1.ram.main_memory[66]$560 ($dff) from module rv_core (D = \memory1.ram.data_i [15:8], Q = \memory1.ram.main_memory[66] [15:8]).
Adding EN signal on $memory\memory1.ram.main_memory[66]$560 ($dff) from module rv_core (D = \memory1.ram.data_i [23:16], Q = \memory1.ram.main_memory[66] [23:16]).
Adding EN signal on $memory\memory1.ram.main_memory[66]$560 ($dff) from module rv_core (D = \memory1.ram.data_i [31:24], Q = \memory1.ram.main_memory[66] [31:24]).
Adding EN signal on $memory\memory1.ram.main_memory[65]$558 ($dff) from module rv_core (D = \memory1.ram.data_i [7:0], Q = \memory1.ram.main_memory[65] [7:0]).
Adding EN signal on $memory\memory1.ram.main_memory[65]$558 ($dff) from module rv_core (D = \memory1.ram.data_i [15:8], Q = \memory1.ram.main_memory[65] [15:8]).
Adding EN signal on $memory\memory1.ram.main_memory[65]$558 ($dff) from module rv_core (D = \memory1.ram.data_i [23:16], Q = \memory1.ram.main_memory[65] [23:16]).
Adding EN signal on $memory\memory1.ram.main_memory[65]$558 ($dff) from module rv_core (D = \memory1.ram.data_i [31:24], Q = \memory1.ram.main_memory[65] [31:24]).
Adding EN signal on $memory\memory1.ram.main_memory[64]$556 ($dff) from module rv_core (D = \memory1.ram.data_i [7:0], Q = \memory1.ram.main_memory[64] [7:0]).
Adding EN signal on $memory\memory1.ram.main_memory[64]$556 ($dff) from module rv_core (D = \memory1.ram.data_i [15:8], Q = \memory1.ram.main_memory[64] [15:8]).
Adding EN signal on $memory\memory1.ram.main_memory[64]$556 ($dff) from module rv_core (D = \memory1.ram.data_i [23:16], Q = \memory1.ram.main_memory[64] [23:16]).
Adding EN signal on $memory\memory1.ram.main_memory[64]$556 ($dff) from module rv_core (D = \memory1.ram.data_i [31:24], Q = \memory1.ram.main_memory[64] [31:24]).
Adding EN signal on $memory\memory1.ram.main_memory[63]$554 ($dff) from module rv_core (D = \memory1.ram.data_i [7:0], Q = \memory1.ram.main_memory[63] [7:0]).
Adding EN signal on $memory\memory1.ram.main_memory[63]$554 ($dff) from module rv_core (D = \memory1.ram.data_i [15:8], Q = \memory1.ram.main_memory[63] [15:8]).
Adding EN signal on $memory\memory1.ram.main_memory[63]$554 ($dff) from module rv_core (D = \memory1.ram.data_i [23:16], Q = \memory1.ram.main_memory[63] [23:16]).
Adding EN signal on $memory\memory1.ram.main_memory[63]$554 ($dff) from module rv_core (D = \memory1.ram.data_i [31:24], Q = \memory1.ram.main_memory[63] [31:24]).
Adding EN signal on $memory\memory1.ram.main_memory[62]$552 ($dff) from module rv_core (D = \memory1.ram.data_i [7:0], Q = \memory1.ram.main_memory[62] [7:0]).
Adding EN signal on $memory\memory1.ram.main_memory[62]$552 ($dff) from module rv_core (D = \memory1.ram.data_i [15:8], Q = \memory1.ram.main_memory[62] [15:8]).
Adding EN signal on $memory\memory1.ram.main_memory[62]$552 ($dff) from module rv_core (D = \memory1.ram.data_i [23:16], Q = \memory1.ram.main_memory[62] [23:16]).
Adding EN signal on $memory\memory1.ram.main_memory[62]$552 ($dff) from module rv_core (D = \memory1.ram.data_i [31:24], Q = \memory1.ram.main_memory[62] [31:24]).
Adding EN signal on $memory\memory1.ram.main_memory[61]$550 ($dff) from module rv_core (D = \memory1.ram.data_i [7:0], Q = \memory1.ram.main_memory[61] [7:0]).
Adding EN signal on $memory\memory1.ram.main_memory[61]$550 ($dff) from module rv_core (D = \memory1.ram.data_i [15:8], Q = \memory1.ram.main_memory[61] [15:8]).
Adding EN signal on $memory\memory1.ram.main_memory[61]$550 ($dff) from module rv_core (D = \memory1.ram.data_i [23:16], Q = \memory1.ram.main_memory[61] [23:16]).
Adding EN signal on $memory\memory1.ram.main_memory[61]$550 ($dff) from module rv_core (D = \memory1.ram.data_i [31:24], Q = \memory1.ram.main_memory[61] [31:24]).
Adding EN signal on $memory\memory1.ram.main_memory[60]$548 ($dff) from module rv_core (D = \memory1.ram.data_i [7:0], Q = \memory1.ram.main_memory[60] [7:0]).
Adding EN signal on $memory\memory1.ram.main_memory[60]$548 ($dff) from module rv_core (D = \memory1.ram.data_i [15:8], Q = \memory1.ram.main_memory[60] [15:8]).
Adding EN signal on $memory\memory1.ram.main_memory[60]$548 ($dff) from module rv_core (D = \memory1.ram.data_i [23:16], Q = \memory1.ram.main_memory[60] [23:16]).
Adding EN signal on $memory\memory1.ram.main_memory[60]$548 ($dff) from module rv_core (D = \memory1.ram.data_i [31:24], Q = \memory1.ram.main_memory[60] [31:24]).
Adding EN signal on $memory\memory1.ram.main_memory[5]$438 ($dff) from module rv_core (D = \memory1.ram.data_i [7:0], Q = \memory1.ram.main_memory[5] [7:0]).
Adding EN signal on $memory\memory1.ram.main_memory[5]$438 ($dff) from module rv_core (D = \memory1.ram.data_i [15:8], Q = \memory1.ram.main_memory[5] [15:8]).
Adding EN signal on $memory\memory1.ram.main_memory[5]$438 ($dff) from module rv_core (D = \memory1.ram.data_i [23:16], Q = \memory1.ram.main_memory[5] [23:16]).
Adding EN signal on $memory\memory1.ram.main_memory[5]$438 ($dff) from module rv_core (D = \memory1.ram.data_i [31:24], Q = \memory1.ram.main_memory[5] [31:24]).
Adding EN signal on $memory\memory1.ram.main_memory[59]$546 ($dff) from module rv_core (D = \memory1.ram.data_i [7:0], Q = \memory1.ram.main_memory[59] [7:0]).
Adding EN signal on $memory\memory1.ram.main_memory[59]$546 ($dff) from module rv_core (D = \memory1.ram.data_i [15:8], Q = \memory1.ram.main_memory[59] [15:8]).
Adding EN signal on $memory\memory1.ram.main_memory[59]$546 ($dff) from module rv_core (D = \memory1.ram.data_i [23:16], Q = \memory1.ram.main_memory[59] [23:16]).
Adding EN signal on $memory\memory1.ram.main_memory[59]$546 ($dff) from module rv_core (D = \memory1.ram.data_i [31:24], Q = \memory1.ram.main_memory[59] [31:24]).
Adding EN signal on $memory\memory1.ram.main_memory[58]$544 ($dff) from module rv_core (D = \memory1.ram.data_i [7:0], Q = \memory1.ram.main_memory[58] [7:0]).
Adding EN signal on $memory\memory1.ram.main_memory[58]$544 ($dff) from module rv_core (D = \memory1.ram.data_i [15:8], Q = \memory1.ram.main_memory[58] [15:8]).
Adding EN signal on $memory\memory1.ram.main_memory[58]$544 ($dff) from module rv_core (D = \memory1.ram.data_i [23:16], Q = \memory1.ram.main_memory[58] [23:16]).
Adding EN signal on $memory\memory1.ram.main_memory[58]$544 ($dff) from module rv_core (D = \memory1.ram.data_i [31:24], Q = \memory1.ram.main_memory[58] [31:24]).
Adding EN signal on $memory\memory1.ram.main_memory[57]$542 ($dff) from module rv_core (D = \memory1.ram.data_i [7:0], Q = \memory1.ram.main_memory[57] [7:0]).
Adding EN signal on $memory\memory1.ram.main_memory[57]$542 ($dff) from module rv_core (D = \memory1.ram.data_i [15:8], Q = \memory1.ram.main_memory[57] [15:8]).
Adding EN signal on $memory\memory1.ram.main_memory[57]$542 ($dff) from module rv_core (D = \memory1.ram.data_i [23:16], Q = \memory1.ram.main_memory[57] [23:16]).
Adding EN signal on $memory\memory1.ram.main_memory[57]$542 ($dff) from module rv_core (D = \memory1.ram.data_i [31:24], Q = \memory1.ram.main_memory[57] [31:24]).
Adding EN signal on $memory\memory1.ram.main_memory[56]$540 ($dff) from module rv_core (D = \memory1.ram.data_i [7:0], Q = \memory1.ram.main_memory[56] [7:0]).
Adding EN signal on $memory\memory1.ram.main_memory[56]$540 ($dff) from module rv_core (D = \memory1.ram.data_i [15:8], Q = \memory1.ram.main_memory[56] [15:8]).
Adding EN signal on $memory\memory1.ram.main_memory[56]$540 ($dff) from module rv_core (D = \memory1.ram.data_i [23:16], Q = \memory1.ram.main_memory[56] [23:16]).
Adding EN signal on $memory\memory1.ram.main_memory[56]$540 ($dff) from module rv_core (D = \memory1.ram.data_i [31:24], Q = \memory1.ram.main_memory[56] [31:24]).
Adding EN signal on $memory\memory1.ram.main_memory[55]$538 ($dff) from module rv_core (D = \memory1.ram.data_i [7:0], Q = \memory1.ram.main_memory[55] [7:0]).
Adding EN signal on $memory\memory1.ram.main_memory[55]$538 ($dff) from module rv_core (D = \memory1.ram.data_i [15:8], Q = \memory1.ram.main_memory[55] [15:8]).
Adding EN signal on $memory\memory1.ram.main_memory[55]$538 ($dff) from module rv_core (D = \memory1.ram.data_i [23:16], Q = \memory1.ram.main_memory[55] [23:16]).
Adding EN signal on $memory\memory1.ram.main_memory[55]$538 ($dff) from module rv_core (D = \memory1.ram.data_i [31:24], Q = \memory1.ram.main_memory[55] [31:24]).
Adding EN signal on $memory\memory1.ram.main_memory[54]$536 ($dff) from module rv_core (D = \memory1.ram.data_i [7:0], Q = \memory1.ram.main_memory[54] [7:0]).
Adding EN signal on $memory\memory1.ram.main_memory[54]$536 ($dff) from module rv_core (D = \memory1.ram.data_i [15:8], Q = \memory1.ram.main_memory[54] [15:8]).
Adding EN signal on $memory\memory1.ram.main_memory[54]$536 ($dff) from module rv_core (D = \memory1.ram.data_i [23:16], Q = \memory1.ram.main_memory[54] [23:16]).
Adding EN signal on $memory\memory1.ram.main_memory[54]$536 ($dff) from module rv_core (D = \memory1.ram.data_i [31:24], Q = \memory1.ram.main_memory[54] [31:24]).
Adding EN signal on $memory\memory1.ram.main_memory[53]$534 ($dff) from module rv_core (D = \memory1.ram.data_i [7:0], Q = \memory1.ram.main_memory[53] [7:0]).
Adding EN signal on $memory\memory1.ram.main_memory[53]$534 ($dff) from module rv_core (D = \memory1.ram.data_i [15:8], Q = \memory1.ram.main_memory[53] [15:8]).
Adding EN signal on $memory\memory1.ram.main_memory[53]$534 ($dff) from module rv_core (D = \memory1.ram.data_i [23:16], Q = \memory1.ram.main_memory[53] [23:16]).
Adding EN signal on $memory\memory1.ram.main_memory[53]$534 ($dff) from module rv_core (D = \memory1.ram.data_i [31:24], Q = \memory1.ram.main_memory[53] [31:24]).
Adding EN signal on $memory\memory1.ram.main_memory[52]$532 ($dff) from module rv_core (D = \memory1.ram.data_i [7:0], Q = \memory1.ram.main_memory[52] [7:0]).
Adding EN signal on $memory\memory1.ram.main_memory[52]$532 ($dff) from module rv_core (D = \memory1.ram.data_i [15:8], Q = \memory1.ram.main_memory[52] [15:8]).
Adding EN signal on $memory\memory1.ram.main_memory[52]$532 ($dff) from module rv_core (D = \memory1.ram.data_i [23:16], Q = \memory1.ram.main_memory[52] [23:16]).
Adding EN signal on $memory\memory1.ram.main_memory[52]$532 ($dff) from module rv_core (D = \memory1.ram.data_i [31:24], Q = \memory1.ram.main_memory[52] [31:24]).
Adding EN signal on $memory\memory1.ram.main_memory[51]$530 ($dff) from module rv_core (D = \memory1.ram.data_i [7:0], Q = \memory1.ram.main_memory[51] [7:0]).
Adding EN signal on $memory\memory1.ram.main_memory[51]$530 ($dff) from module rv_core (D = \memory1.ram.data_i [15:8], Q = \memory1.ram.main_memory[51] [15:8]).
Adding EN signal on $memory\memory1.ram.main_memory[51]$530 ($dff) from module rv_core (D = \memory1.ram.data_i [23:16], Q = \memory1.ram.main_memory[51] [23:16]).
Adding EN signal on $memory\memory1.ram.main_memory[51]$530 ($dff) from module rv_core (D = \memory1.ram.data_i [31:24], Q = \memory1.ram.main_memory[51] [31:24]).
Adding EN signal on $memory\memory1.ram.main_memory[50]$528 ($dff) from module rv_core (D = \memory1.ram.data_i [7:0], Q = \memory1.ram.main_memory[50] [7:0]).
Adding EN signal on $memory\memory1.ram.main_memory[50]$528 ($dff) from module rv_core (D = \memory1.ram.data_i [15:8], Q = \memory1.ram.main_memory[50] [15:8]).
Adding EN signal on $memory\memory1.ram.main_memory[50]$528 ($dff) from module rv_core (D = \memory1.ram.data_i [23:16], Q = \memory1.ram.main_memory[50] [23:16]).
Adding EN signal on $memory\memory1.ram.main_memory[50]$528 ($dff) from module rv_core (D = \memory1.ram.data_i [31:24], Q = \memory1.ram.main_memory[50] [31:24]).
Adding EN signal on $memory\memory1.ram.main_memory[4]$436 ($dff) from module rv_core (D = \memory1.ram.data_i [7:0], Q = \memory1.ram.main_memory[4] [7:0]).
Adding EN signal on $memory\memory1.ram.main_memory[4]$436 ($dff) from module rv_core (D = \memory1.ram.data_i [15:8], Q = \memory1.ram.main_memory[4] [15:8]).
Adding EN signal on $memory\memory1.ram.main_memory[4]$436 ($dff) from module rv_core (D = \memory1.ram.data_i [23:16], Q = \memory1.ram.main_memory[4] [23:16]).
Adding EN signal on $memory\memory1.ram.main_memory[4]$436 ($dff) from module rv_core (D = \memory1.ram.data_i [31:24], Q = \memory1.ram.main_memory[4] [31:24]).
Adding EN signal on $memory\memory1.ram.main_memory[49]$526 ($dff) from module rv_core (D = \memory1.ram.data_i [7:0], Q = \memory1.ram.main_memory[49] [7:0]).
Adding EN signal on $memory\memory1.ram.main_memory[49]$526 ($dff) from module rv_core (D = \memory1.ram.data_i [15:8], Q = \memory1.ram.main_memory[49] [15:8]).
Adding EN signal on $memory\memory1.ram.main_memory[49]$526 ($dff) from module rv_core (D = \memory1.ram.data_i [23:16], Q = \memory1.ram.main_memory[49] [23:16]).
Adding EN signal on $memory\memory1.ram.main_memory[49]$526 ($dff) from module rv_core (D = \memory1.ram.data_i [31:24], Q = \memory1.ram.main_memory[49] [31:24]).
Adding EN signal on $memory\memory1.ram.main_memory[48]$524 ($dff) from module rv_core (D = \memory1.ram.data_i [7:0], Q = \memory1.ram.main_memory[48] [7:0]).
Adding EN signal on $memory\memory1.ram.main_memory[48]$524 ($dff) from module rv_core (D = \memory1.ram.data_i [15:8], Q = \memory1.ram.main_memory[48] [15:8]).
Adding EN signal on $memory\memory1.ram.main_memory[48]$524 ($dff) from module rv_core (D = \memory1.ram.data_i [23:16], Q = \memory1.ram.main_memory[48] [23:16]).
Adding EN signal on $memory\memory1.ram.main_memory[48]$524 ($dff) from module rv_core (D = \memory1.ram.data_i [31:24], Q = \memory1.ram.main_memory[48] [31:24]).
Adding EN signal on $memory\memory1.ram.main_memory[47]$522 ($dff) from module rv_core (D = \memory1.ram.data_i [7:0], Q = \memory1.ram.main_memory[47] [7:0]).
Adding EN signal on $memory\memory1.ram.main_memory[47]$522 ($dff) from module rv_core (D = \memory1.ram.data_i [15:8], Q = \memory1.ram.main_memory[47] [15:8]).
Adding EN signal on $memory\memory1.ram.main_memory[47]$522 ($dff) from module rv_core (D = \memory1.ram.data_i [23:16], Q = \memory1.ram.main_memory[47] [23:16]).
Adding EN signal on $memory\memory1.ram.main_memory[47]$522 ($dff) from module rv_core (D = \memory1.ram.data_i [31:24], Q = \memory1.ram.main_memory[47] [31:24]).
Adding EN signal on $memory\memory1.ram.main_memory[46]$520 ($dff) from module rv_core (D = \memory1.ram.data_i [7:0], Q = \memory1.ram.main_memory[46] [7:0]).
Adding EN signal on $memory\memory1.ram.main_memory[46]$520 ($dff) from module rv_core (D = \memory1.ram.data_i [15:8], Q = \memory1.ram.main_memory[46] [15:8]).
Adding EN signal on $memory\memory1.ram.main_memory[46]$520 ($dff) from module rv_core (D = \memory1.ram.data_i [23:16], Q = \memory1.ram.main_memory[46] [23:16]).
Adding EN signal on $memory\memory1.ram.main_memory[46]$520 ($dff) from module rv_core (D = \memory1.ram.data_i [31:24], Q = \memory1.ram.main_memory[46] [31:24]).
Adding EN signal on $memory\memory1.ram.main_memory[45]$518 ($dff) from module rv_core (D = \memory1.ram.data_i [7:0], Q = \memory1.ram.main_memory[45] [7:0]).
Adding EN signal on $memory\memory1.ram.main_memory[45]$518 ($dff) from module rv_core (D = \memory1.ram.data_i [15:8], Q = \memory1.ram.main_memory[45] [15:8]).
Adding EN signal on $memory\memory1.ram.main_memory[45]$518 ($dff) from module rv_core (D = \memory1.ram.data_i [23:16], Q = \memory1.ram.main_memory[45] [23:16]).
Adding EN signal on $memory\memory1.ram.main_memory[45]$518 ($dff) from module rv_core (D = \memory1.ram.data_i [31:24], Q = \memory1.ram.main_memory[45] [31:24]).
Adding EN signal on $memory\memory1.ram.main_memory[44]$516 ($dff) from module rv_core (D = \memory1.ram.data_i [7:0], Q = \memory1.ram.main_memory[44] [7:0]).
Adding EN signal on $memory\memory1.ram.main_memory[44]$516 ($dff) from module rv_core (D = \memory1.ram.data_i [15:8], Q = \memory1.ram.main_memory[44] [15:8]).
Adding EN signal on $memory\memory1.ram.main_memory[44]$516 ($dff) from module rv_core (D = \memory1.ram.data_i [23:16], Q = \memory1.ram.main_memory[44] [23:16]).
Adding EN signal on $memory\memory1.ram.main_memory[44]$516 ($dff) from module rv_core (D = \memory1.ram.data_i [31:24], Q = \memory1.ram.main_memory[44] [31:24]).
Adding EN signal on $memory\memory1.ram.main_memory[43]$514 ($dff) from module rv_core (D = \memory1.ram.data_i [7:0], Q = \memory1.ram.main_memory[43] [7:0]).
Adding EN signal on $memory\memory1.ram.main_memory[43]$514 ($dff) from module rv_core (D = \memory1.ram.data_i [15:8], Q = \memory1.ram.main_memory[43] [15:8]).
Adding EN signal on $memory\memory1.ram.main_memory[43]$514 ($dff) from module rv_core (D = \memory1.ram.data_i [23:16], Q = \memory1.ram.main_memory[43] [23:16]).
Adding EN signal on $memory\memory1.ram.main_memory[43]$514 ($dff) from module rv_core (D = \memory1.ram.data_i [31:24], Q = \memory1.ram.main_memory[43] [31:24]).
Adding EN signal on $memory\memory1.ram.main_memory[42]$512 ($dff) from module rv_core (D = \memory1.ram.data_i [7:0], Q = \memory1.ram.main_memory[42] [7:0]).
Adding EN signal on $memory\memory1.ram.main_memory[42]$512 ($dff) from module rv_core (D = \memory1.ram.data_i [15:8], Q = \memory1.ram.main_memory[42] [15:8]).
Adding EN signal on $memory\memory1.ram.main_memory[42]$512 ($dff) from module rv_core (D = \memory1.ram.data_i [23:16], Q = \memory1.ram.main_memory[42] [23:16]).
Adding EN signal on $memory\memory1.ram.main_memory[42]$512 ($dff) from module rv_core (D = \memory1.ram.data_i [31:24], Q = \memory1.ram.main_memory[42] [31:24]).
Adding EN signal on $memory\memory1.ram.main_memory[41]$510 ($dff) from module rv_core (D = \memory1.ram.data_i [7:0], Q = \memory1.ram.main_memory[41] [7:0]).
Adding EN signal on $memory\memory1.ram.main_memory[41]$510 ($dff) from module rv_core (D = \memory1.ram.data_i [15:8], Q = \memory1.ram.main_memory[41] [15:8]).
Adding EN signal on $memory\memory1.ram.main_memory[41]$510 ($dff) from module rv_core (D = \memory1.ram.data_i [23:16], Q = \memory1.ram.main_memory[41] [23:16]).
Adding EN signal on $memory\memory1.ram.main_memory[41]$510 ($dff) from module rv_core (D = \memory1.ram.data_i [31:24], Q = \memory1.ram.main_memory[41] [31:24]).
Adding EN signal on $memory\memory1.ram.main_memory[40]$508 ($dff) from module rv_core (D = \memory1.ram.data_i [7:0], Q = \memory1.ram.main_memory[40] [7:0]).
Adding EN signal on $memory\memory1.ram.main_memory[40]$508 ($dff) from module rv_core (D = \memory1.ram.data_i [15:8], Q = \memory1.ram.main_memory[40] [15:8]).
Adding EN signal on $memory\memory1.ram.main_memory[40]$508 ($dff) from module rv_core (D = \memory1.ram.data_i [23:16], Q = \memory1.ram.main_memory[40] [23:16]).
Adding EN signal on $memory\memory1.ram.main_memory[40]$508 ($dff) from module rv_core (D = \memory1.ram.data_i [31:24], Q = \memory1.ram.main_memory[40] [31:24]).
Adding EN signal on $memory\memory1.ram.main_memory[3]$434 ($dff) from module rv_core (D = \memory1.ram.data_i [7:0], Q = \memory1.ram.main_memory[3] [7:0]).
Adding EN signal on $memory\memory1.ram.main_memory[3]$434 ($dff) from module rv_core (D = \memory1.ram.data_i [15:8], Q = \memory1.ram.main_memory[3] [15:8]).
Adding EN signal on $memory\memory1.ram.main_memory[3]$434 ($dff) from module rv_core (D = \memory1.ram.data_i [23:16], Q = \memory1.ram.main_memory[3] [23:16]).
Adding EN signal on $memory\memory1.ram.main_memory[3]$434 ($dff) from module rv_core (D = \memory1.ram.data_i [31:24], Q = \memory1.ram.main_memory[3] [31:24]).
Adding EN signal on $memory\memory1.ram.main_memory[39]$506 ($dff) from module rv_core (D = \memory1.ram.data_i [7:0], Q = \memory1.ram.main_memory[39] [7:0]).
Adding EN signal on $memory\memory1.ram.main_memory[39]$506 ($dff) from module rv_core (D = \memory1.ram.data_i [15:8], Q = \memory1.ram.main_memory[39] [15:8]).
Adding EN signal on $memory\memory1.ram.main_memory[39]$506 ($dff) from module rv_core (D = \memory1.ram.data_i [23:16], Q = \memory1.ram.main_memory[39] [23:16]).
Adding EN signal on $memory\memory1.ram.main_memory[39]$506 ($dff) from module rv_core (D = \memory1.ram.data_i [31:24], Q = \memory1.ram.main_memory[39] [31:24]).
Adding EN signal on $memory\memory1.ram.main_memory[38]$504 ($dff) from module rv_core (D = \memory1.ram.data_i [7:0], Q = \memory1.ram.main_memory[38] [7:0]).
Adding EN signal on $memory\memory1.ram.main_memory[38]$504 ($dff) from module rv_core (D = \memory1.ram.data_i [15:8], Q = \memory1.ram.main_memory[38] [15:8]).
Adding EN signal on $memory\memory1.ram.main_memory[38]$504 ($dff) from module rv_core (D = \memory1.ram.data_i [23:16], Q = \memory1.ram.main_memory[38] [23:16]).
Adding EN signal on $memory\memory1.ram.main_memory[38]$504 ($dff) from module rv_core (D = \memory1.ram.data_i [31:24], Q = \memory1.ram.main_memory[38] [31:24]).
Adding EN signal on $memory\memory1.ram.main_memory[37]$502 ($dff) from module rv_core (D = \memory1.ram.data_i [7:0], Q = \memory1.ram.main_memory[37] [7:0]).
Adding EN signal on $memory\memory1.ram.main_memory[37]$502 ($dff) from module rv_core (D = \memory1.ram.data_i [15:8], Q = \memory1.ram.main_memory[37] [15:8]).
Adding EN signal on $memory\memory1.ram.main_memory[37]$502 ($dff) from module rv_core (D = \memory1.ram.data_i [23:16], Q = \memory1.ram.main_memory[37] [23:16]).
Adding EN signal on $memory\memory1.ram.main_memory[37]$502 ($dff) from module rv_core (D = \memory1.ram.data_i [31:24], Q = \memory1.ram.main_memory[37] [31:24]).
Adding EN signal on $memory\memory1.ram.main_memory[36]$500 ($dff) from module rv_core (D = \memory1.ram.data_i [7:0], Q = \memory1.ram.main_memory[36] [7:0]).
Adding EN signal on $memory\memory1.ram.main_memory[36]$500 ($dff) from module rv_core (D = \memory1.ram.data_i [15:8], Q = \memory1.ram.main_memory[36] [15:8]).
Adding EN signal on $memory\memory1.ram.main_memory[36]$500 ($dff) from module rv_core (D = \memory1.ram.data_i [23:16], Q = \memory1.ram.main_memory[36] [23:16]).
Adding EN signal on $memory\memory1.ram.main_memory[36]$500 ($dff) from module rv_core (D = \memory1.ram.data_i [31:24], Q = \memory1.ram.main_memory[36] [31:24]).
Adding EN signal on $memory\memory1.ram.main_memory[35]$498 ($dff) from module rv_core (D = \memory1.ram.data_i [7:0], Q = \memory1.ram.main_memory[35] [7:0]).
Adding EN signal on $memory\memory1.ram.main_memory[35]$498 ($dff) from module rv_core (D = \memory1.ram.data_i [15:8], Q = \memory1.ram.main_memory[35] [15:8]).
Adding EN signal on $memory\memory1.ram.main_memory[35]$498 ($dff) from module rv_core (D = \memory1.ram.data_i [23:16], Q = \memory1.ram.main_memory[35] [23:16]).
Adding EN signal on $memory\memory1.ram.main_memory[35]$498 ($dff) from module rv_core (D = \memory1.ram.data_i [31:24], Q = \memory1.ram.main_memory[35] [31:24]).
Adding EN signal on $memory\memory1.ram.main_memory[34]$496 ($dff) from module rv_core (D = \memory1.ram.data_i [7:0], Q = \memory1.ram.main_memory[34] [7:0]).
Adding EN signal on $memory\memory1.ram.main_memory[34]$496 ($dff) from module rv_core (D = \memory1.ram.data_i [15:8], Q = \memory1.ram.main_memory[34] [15:8]).
Adding EN signal on $memory\memory1.ram.main_memory[34]$496 ($dff) from module rv_core (D = \memory1.ram.data_i [23:16], Q = \memory1.ram.main_memory[34] [23:16]).
Adding EN signal on $memory\memory1.ram.main_memory[34]$496 ($dff) from module rv_core (D = \memory1.ram.data_i [31:24], Q = \memory1.ram.main_memory[34] [31:24]).
Adding EN signal on $memory\memory1.ram.main_memory[33]$494 ($dff) from module rv_core (D = \memory1.ram.data_i [7:0], Q = \memory1.ram.main_memory[33] [7:0]).
Adding EN signal on $memory\memory1.ram.main_memory[33]$494 ($dff) from module rv_core (D = \memory1.ram.data_i [15:8], Q = \memory1.ram.main_memory[33] [15:8]).
Adding EN signal on $memory\memory1.ram.main_memory[33]$494 ($dff) from module rv_core (D = \memory1.ram.data_i [23:16], Q = \memory1.ram.main_memory[33] [23:16]).
Adding EN signal on $memory\memory1.ram.main_memory[33]$494 ($dff) from module rv_core (D = \memory1.ram.data_i [31:24], Q = \memory1.ram.main_memory[33] [31:24]).
Adding EN signal on $memory\memory1.ram.main_memory[32]$492 ($dff) from module rv_core (D = \memory1.ram.data_i [7:0], Q = \memory1.ram.main_memory[32] [7:0]).
Adding EN signal on $memory\memory1.ram.main_memory[32]$492 ($dff) from module rv_core (D = \memory1.ram.data_i [15:8], Q = \memory1.ram.main_memory[32] [15:8]).
Adding EN signal on $memory\memory1.ram.main_memory[32]$492 ($dff) from module rv_core (D = \memory1.ram.data_i [23:16], Q = \memory1.ram.main_memory[32] [23:16]).
Adding EN signal on $memory\memory1.ram.main_memory[32]$492 ($dff) from module rv_core (D = \memory1.ram.data_i [31:24], Q = \memory1.ram.main_memory[32] [31:24]).
Adding EN signal on $memory\memory1.ram.main_memory[31]$490 ($dff) from module rv_core (D = \memory1.ram.data_i [7:0], Q = \memory1.ram.main_memory[31] [7:0]).
Adding EN signal on $memory\memory1.ram.main_memory[31]$490 ($dff) from module rv_core (D = \memory1.ram.data_i [15:8], Q = \memory1.ram.main_memory[31] [15:8]).
Adding EN signal on $memory\memory1.ram.main_memory[31]$490 ($dff) from module rv_core (D = \memory1.ram.data_i [23:16], Q = \memory1.ram.main_memory[31] [23:16]).
Adding EN signal on $memory\memory1.ram.main_memory[31]$490 ($dff) from module rv_core (D = \memory1.ram.data_i [31:24], Q = \memory1.ram.main_memory[31] [31:24]).
Adding EN signal on $memory\memory1.ram.main_memory[30]$488 ($dff) from module rv_core (D = \memory1.ram.data_i [7:0], Q = \memory1.ram.main_memory[30] [7:0]).
Adding EN signal on $memory\memory1.ram.main_memory[30]$488 ($dff) from module rv_core (D = \memory1.ram.data_i [15:8], Q = \memory1.ram.main_memory[30] [15:8]).
Adding EN signal on $memory\memory1.ram.main_memory[30]$488 ($dff) from module rv_core (D = \memory1.ram.data_i [23:16], Q = \memory1.ram.main_memory[30] [23:16]).
Adding EN signal on $memory\memory1.ram.main_memory[30]$488 ($dff) from module rv_core (D = \memory1.ram.data_i [31:24], Q = \memory1.ram.main_memory[30] [31:24]).
Adding EN signal on $memory\memory1.ram.main_memory[2]$432 ($dff) from module rv_core (D = \memory1.ram.data_i [7:0], Q = \memory1.ram.main_memory[2] [7:0]).
Adding EN signal on $memory\memory1.ram.main_memory[2]$432 ($dff) from module rv_core (D = \memory1.ram.data_i [15:8], Q = \memory1.ram.main_memory[2] [15:8]).
Adding EN signal on $memory\memory1.ram.main_memory[2]$432 ($dff) from module rv_core (D = \memory1.ram.data_i [23:16], Q = \memory1.ram.main_memory[2] [23:16]).
Adding EN signal on $memory\memory1.ram.main_memory[2]$432 ($dff) from module rv_core (D = \memory1.ram.data_i [31:24], Q = \memory1.ram.main_memory[2] [31:24]).
Adding EN signal on $memory\memory1.ram.main_memory[29]$486 ($dff) from module rv_core (D = \memory1.ram.data_i [7:0], Q = \memory1.ram.main_memory[29] [7:0]).
Adding EN signal on $memory\memory1.ram.main_memory[29]$486 ($dff) from module rv_core (D = \memory1.ram.data_i [15:8], Q = \memory1.ram.main_memory[29] [15:8]).
Adding EN signal on $memory\memory1.ram.main_memory[29]$486 ($dff) from module rv_core (D = \memory1.ram.data_i [23:16], Q = \memory1.ram.main_memory[29] [23:16]).
Adding EN signal on $memory\memory1.ram.main_memory[29]$486 ($dff) from module rv_core (D = \memory1.ram.data_i [31:24], Q = \memory1.ram.main_memory[29] [31:24]).
Adding EN signal on $memory\memory1.ram.main_memory[28]$484 ($dff) from module rv_core (D = \memory1.ram.data_i [7:0], Q = \memory1.ram.main_memory[28] [7:0]).
Adding EN signal on $memory\memory1.ram.main_memory[28]$484 ($dff) from module rv_core (D = \memory1.ram.data_i [15:8], Q = \memory1.ram.main_memory[28] [15:8]).
Adding EN signal on $memory\memory1.ram.main_memory[28]$484 ($dff) from module rv_core (D = \memory1.ram.data_i [23:16], Q = \memory1.ram.main_memory[28] [23:16]).
Adding EN signal on $memory\memory1.ram.main_memory[28]$484 ($dff) from module rv_core (D = \memory1.ram.data_i [31:24], Q = \memory1.ram.main_memory[28] [31:24]).
Adding EN signal on $memory\memory1.ram.main_memory[27]$482 ($dff) from module rv_core (D = \memory1.ram.data_i [7:0], Q = \memory1.ram.main_memory[27] [7:0]).
Adding EN signal on $memory\memory1.ram.main_memory[27]$482 ($dff) from module rv_core (D = \memory1.ram.data_i [15:8], Q = \memory1.ram.main_memory[27] [15:8]).
Adding EN signal on $memory\memory1.ram.main_memory[27]$482 ($dff) from module rv_core (D = \memory1.ram.data_i [23:16], Q = \memory1.ram.main_memory[27] [23:16]).
Adding EN signal on $memory\memory1.ram.main_memory[27]$482 ($dff) from module rv_core (D = \memory1.ram.data_i [31:24], Q = \memory1.ram.main_memory[27] [31:24]).
Adding EN signal on $memory\memory1.ram.main_memory[26]$480 ($dff) from module rv_core (D = \memory1.ram.data_i [7:0], Q = \memory1.ram.main_memory[26] [7:0]).
Adding EN signal on $memory\memory1.ram.main_memory[26]$480 ($dff) from module rv_core (D = \memory1.ram.data_i [15:8], Q = \memory1.ram.main_memory[26] [15:8]).
Adding EN signal on $memory\memory1.ram.main_memory[26]$480 ($dff) from module rv_core (D = \memory1.ram.data_i [23:16], Q = \memory1.ram.main_memory[26] [23:16]).
Adding EN signal on $memory\memory1.ram.main_memory[26]$480 ($dff) from module rv_core (D = \memory1.ram.data_i [31:24], Q = \memory1.ram.main_memory[26] [31:24]).
Adding EN signal on $memory\memory1.ram.main_memory[25]$478 ($dff) from module rv_core (D = \memory1.ram.data_i [7:0], Q = \memory1.ram.main_memory[25] [7:0]).
Adding EN signal on $memory\memory1.ram.main_memory[25]$478 ($dff) from module rv_core (D = \memory1.ram.data_i [15:8], Q = \memory1.ram.main_memory[25] [15:8]).
Adding EN signal on $memory\memory1.ram.main_memory[25]$478 ($dff) from module rv_core (D = \memory1.ram.data_i [23:16], Q = \memory1.ram.main_memory[25] [23:16]).
Adding EN signal on $memory\memory1.ram.main_memory[25]$478 ($dff) from module rv_core (D = \memory1.ram.data_i [31:24], Q = \memory1.ram.main_memory[25] [31:24]).
Adding EN signal on $memory\memory1.ram.main_memory[255]$938 ($dff) from module rv_core (D = \memory1.ram.data_i [7:0], Q = \memory1.ram.main_memory[255] [7:0]).
Adding EN signal on $memory\memory1.ram.main_memory[255]$938 ($dff) from module rv_core (D = \memory1.ram.data_i [15:8], Q = \memory1.ram.main_memory[255] [15:8]).
Adding EN signal on $memory\memory1.ram.main_memory[255]$938 ($dff) from module rv_core (D = \memory1.ram.data_i [23:16], Q = \memory1.ram.main_memory[255] [23:16]).
Adding EN signal on $memory\memory1.ram.main_memory[255]$938 ($dff) from module rv_core (D = \memory1.ram.data_i [31:24], Q = \memory1.ram.main_memory[255] [31:24]).
Adding EN signal on $memory\memory1.ram.main_memory[254]$936 ($dff) from module rv_core (D = \memory1.ram.data_i [7:0], Q = \memory1.ram.main_memory[254] [7:0]).
Adding EN signal on $memory\memory1.ram.main_memory[254]$936 ($dff) from module rv_core (D = \memory1.ram.data_i [15:8], Q = \memory1.ram.main_memory[254] [15:8]).
Adding EN signal on $memory\memory1.ram.main_memory[254]$936 ($dff) from module rv_core (D = \memory1.ram.data_i [23:16], Q = \memory1.ram.main_memory[254] [23:16]).
Adding EN signal on $memory\memory1.ram.main_memory[254]$936 ($dff) from module rv_core (D = \memory1.ram.data_i [31:24], Q = \memory1.ram.main_memory[254] [31:24]).
Adding EN signal on $memory\memory1.ram.main_memory[253]$934 ($dff) from module rv_core (D = \memory1.ram.data_i [7:0], Q = \memory1.ram.main_memory[253] [7:0]).
Adding EN signal on $memory\memory1.ram.main_memory[253]$934 ($dff) from module rv_core (D = \memory1.ram.data_i [15:8], Q = \memory1.ram.main_memory[253] [15:8]).
Adding EN signal on $memory\memory1.ram.main_memory[253]$934 ($dff) from module rv_core (D = \memory1.ram.data_i [23:16], Q = \memory1.ram.main_memory[253] [23:16]).
Adding EN signal on $memory\memory1.ram.main_memory[253]$934 ($dff) from module rv_core (D = \memory1.ram.data_i [31:24], Q = \memory1.ram.main_memory[253] [31:24]).
Adding EN signal on $memory\memory1.ram.main_memory[252]$932 ($dff) from module rv_core (D = \memory1.ram.data_i [7:0], Q = \memory1.ram.main_memory[252] [7:0]).
Adding EN signal on $memory\memory1.ram.main_memory[252]$932 ($dff) from module rv_core (D = \memory1.ram.data_i [15:8], Q = \memory1.ram.main_memory[252] [15:8]).
Adding EN signal on $memory\memory1.ram.main_memory[252]$932 ($dff) from module rv_core (D = \memory1.ram.data_i [23:16], Q = \memory1.ram.main_memory[252] [23:16]).
Adding EN signal on $memory\memory1.ram.main_memory[252]$932 ($dff) from module rv_core (D = \memory1.ram.data_i [31:24], Q = \memory1.ram.main_memory[252] [31:24]).
Adding EN signal on $memory\memory1.ram.main_memory[251]$930 ($dff) from module rv_core (D = \memory1.ram.data_i [7:0], Q = \memory1.ram.main_memory[251] [7:0]).
Adding EN signal on $memory\memory1.ram.main_memory[251]$930 ($dff) from module rv_core (D = \memory1.ram.data_i [15:8], Q = \memory1.ram.main_memory[251] [15:8]).
Adding EN signal on $memory\memory1.ram.main_memory[251]$930 ($dff) from module rv_core (D = \memory1.ram.data_i [23:16], Q = \memory1.ram.main_memory[251] [23:16]).
Adding EN signal on $memory\memory1.ram.main_memory[251]$930 ($dff) from module rv_core (D = \memory1.ram.data_i [31:24], Q = \memory1.ram.main_memory[251] [31:24]).
Adding EN signal on $memory\memory1.ram.main_memory[250]$928 ($dff) from module rv_core (D = \memory1.ram.data_i [7:0], Q = \memory1.ram.main_memory[250] [7:0]).
Adding EN signal on $memory\memory1.ram.main_memory[250]$928 ($dff) from module rv_core (D = \memory1.ram.data_i [15:8], Q = \memory1.ram.main_memory[250] [15:8]).
Adding EN signal on $memory\memory1.ram.main_memory[250]$928 ($dff) from module rv_core (D = \memory1.ram.data_i [23:16], Q = \memory1.ram.main_memory[250] [23:16]).
Adding EN signal on $memory\memory1.ram.main_memory[250]$928 ($dff) from module rv_core (D = \memory1.ram.data_i [31:24], Q = \memory1.ram.main_memory[250] [31:24]).
Adding EN signal on $memory\memory1.ram.main_memory[24]$476 ($dff) from module rv_core (D = \memory1.ram.data_i [7:0], Q = \memory1.ram.main_memory[24] [7:0]).
Adding EN signal on $memory\memory1.ram.main_memory[24]$476 ($dff) from module rv_core (D = \memory1.ram.data_i [15:8], Q = \memory1.ram.main_memory[24] [15:8]).
Adding EN signal on $memory\memory1.ram.main_memory[24]$476 ($dff) from module rv_core (D = \memory1.ram.data_i [23:16], Q = \memory1.ram.main_memory[24] [23:16]).
Adding EN signal on $memory\memory1.ram.main_memory[24]$476 ($dff) from module rv_core (D = \memory1.ram.data_i [31:24], Q = \memory1.ram.main_memory[24] [31:24]).
Adding EN signal on $memory\memory1.ram.main_memory[249]$926 ($dff) from module rv_core (D = \memory1.ram.data_i [7:0], Q = \memory1.ram.main_memory[249] [7:0]).
Adding EN signal on $memory\memory1.ram.main_memory[249]$926 ($dff) from module rv_core (D = \memory1.ram.data_i [15:8], Q = \memory1.ram.main_memory[249] [15:8]).
Adding EN signal on $memory\memory1.ram.main_memory[249]$926 ($dff) from module rv_core (D = \memory1.ram.data_i [23:16], Q = \memory1.ram.main_memory[249] [23:16]).
Adding EN signal on $memory\memory1.ram.main_memory[249]$926 ($dff) from module rv_core (D = \memory1.ram.data_i [31:24], Q = \memory1.ram.main_memory[249] [31:24]).
Adding EN signal on $memory\memory1.ram.main_memory[248]$924 ($dff) from module rv_core (D = \memory1.ram.data_i [7:0], Q = \memory1.ram.main_memory[248] [7:0]).
Adding EN signal on $memory\memory1.ram.main_memory[248]$924 ($dff) from module rv_core (D = \memory1.ram.data_i [15:8], Q = \memory1.ram.main_memory[248] [15:8]).
Adding EN signal on $memory\memory1.ram.main_memory[248]$924 ($dff) from module rv_core (D = \memory1.ram.data_i [23:16], Q = \memory1.ram.main_memory[248] [23:16]).
Adding EN signal on $memory\memory1.ram.main_memory[248]$924 ($dff) from module rv_core (D = \memory1.ram.data_i [31:24], Q = \memory1.ram.main_memory[248] [31:24]).
Adding EN signal on $memory\memory1.ram.main_memory[247]$922 ($dff) from module rv_core (D = \memory1.ram.data_i [7:0], Q = \memory1.ram.main_memory[247] [7:0]).
Adding EN signal on $memory\memory1.ram.main_memory[247]$922 ($dff) from module rv_core (D = \memory1.ram.data_i [15:8], Q = \memory1.ram.main_memory[247] [15:8]).
Adding EN signal on $memory\memory1.ram.main_memory[247]$922 ($dff) from module rv_core (D = \memory1.ram.data_i [23:16], Q = \memory1.ram.main_memory[247] [23:16]).
Adding EN signal on $memory\memory1.ram.main_memory[247]$922 ($dff) from module rv_core (D = \memory1.ram.data_i [31:24], Q = \memory1.ram.main_memory[247] [31:24]).
Adding EN signal on $memory\memory1.ram.main_memory[246]$920 ($dff) from module rv_core (D = \memory1.ram.data_i [7:0], Q = \memory1.ram.main_memory[246] [7:0]).
Adding EN signal on $memory\memory1.ram.main_memory[246]$920 ($dff) from module rv_core (D = \memory1.ram.data_i [15:8], Q = \memory1.ram.main_memory[246] [15:8]).
Adding EN signal on $memory\memory1.ram.main_memory[246]$920 ($dff) from module rv_core (D = \memory1.ram.data_i [23:16], Q = \memory1.ram.main_memory[246] [23:16]).
Adding EN signal on $memory\memory1.ram.main_memory[246]$920 ($dff) from module rv_core (D = \memory1.ram.data_i [31:24], Q = \memory1.ram.main_memory[246] [31:24]).
Adding EN signal on $memory\memory1.ram.main_memory[245]$918 ($dff) from module rv_core (D = \memory1.ram.data_i [7:0], Q = \memory1.ram.main_memory[245] [7:0]).
Adding EN signal on $memory\memory1.ram.main_memory[245]$918 ($dff) from module rv_core (D = \memory1.ram.data_i [15:8], Q = \memory1.ram.main_memory[245] [15:8]).
Adding EN signal on $memory\memory1.ram.main_memory[245]$918 ($dff) from module rv_core (D = \memory1.ram.data_i [23:16], Q = \memory1.ram.main_memory[245] [23:16]).
Adding EN signal on $memory\memory1.ram.main_memory[245]$918 ($dff) from module rv_core (D = \memory1.ram.data_i [31:24], Q = \memory1.ram.main_memory[245] [31:24]).
Adding EN signal on $memory\memory1.ram.main_memory[244]$916 ($dff) from module rv_core (D = \memory1.ram.data_i [7:0], Q = \memory1.ram.main_memory[244] [7:0]).
Adding EN signal on $memory\memory1.ram.main_memory[244]$916 ($dff) from module rv_core (D = \memory1.ram.data_i [15:8], Q = \memory1.ram.main_memory[244] [15:8]).
Adding EN signal on $memory\memory1.ram.main_memory[244]$916 ($dff) from module rv_core (D = \memory1.ram.data_i [23:16], Q = \memory1.ram.main_memory[244] [23:16]).
Adding EN signal on $memory\memory1.ram.main_memory[244]$916 ($dff) from module rv_core (D = \memory1.ram.data_i [31:24], Q = \memory1.ram.main_memory[244] [31:24]).
Adding EN signal on $memory\memory1.ram.main_memory[243]$914 ($dff) from module rv_core (D = \memory1.ram.data_i [7:0], Q = \memory1.ram.main_memory[243] [7:0]).
Adding EN signal on $memory\memory1.ram.main_memory[243]$914 ($dff) from module rv_core (D = \memory1.ram.data_i [15:8], Q = \memory1.ram.main_memory[243] [15:8]).
Adding EN signal on $memory\memory1.ram.main_memory[243]$914 ($dff) from module rv_core (D = \memory1.ram.data_i [23:16], Q = \memory1.ram.main_memory[243] [23:16]).
Adding EN signal on $memory\memory1.ram.main_memory[243]$914 ($dff) from module rv_core (D = \memory1.ram.data_i [31:24], Q = \memory1.ram.main_memory[243] [31:24]).
Adding EN signal on $memory\memory1.ram.main_memory[242]$912 ($dff) from module rv_core (D = \memory1.ram.data_i [7:0], Q = \memory1.ram.main_memory[242] [7:0]).
Adding EN signal on $memory\memory1.ram.main_memory[242]$912 ($dff) from module rv_core (D = \memory1.ram.data_i [15:8], Q = \memory1.ram.main_memory[242] [15:8]).
Adding EN signal on $memory\memory1.ram.main_memory[242]$912 ($dff) from module rv_core (D = \memory1.ram.data_i [23:16], Q = \memory1.ram.main_memory[242] [23:16]).
Adding EN signal on $memory\memory1.ram.main_memory[242]$912 ($dff) from module rv_core (D = \memory1.ram.data_i [31:24], Q = \memory1.ram.main_memory[242] [31:24]).
Adding EN signal on $memory\memory1.ram.main_memory[241]$910 ($dff) from module rv_core (D = \memory1.ram.data_i [7:0], Q = \memory1.ram.main_memory[241] [7:0]).
Adding EN signal on $memory\memory1.ram.main_memory[241]$910 ($dff) from module rv_core (D = \memory1.ram.data_i [15:8], Q = \memory1.ram.main_memory[241] [15:8]).
Adding EN signal on $memory\memory1.ram.main_memory[241]$910 ($dff) from module rv_core (D = \memory1.ram.data_i [23:16], Q = \memory1.ram.main_memory[241] [23:16]).
Adding EN signal on $memory\memory1.ram.main_memory[241]$910 ($dff) from module rv_core (D = \memory1.ram.data_i [31:24], Q = \memory1.ram.main_memory[241] [31:24]).
Adding EN signal on $memory\memory1.ram.main_memory[240]$908 ($dff) from module rv_core (D = \memory1.ram.data_i [7:0], Q = \memory1.ram.main_memory[240] [7:0]).
Adding EN signal on $memory\memory1.ram.main_memory[240]$908 ($dff) from module rv_core (D = \memory1.ram.data_i [15:8], Q = \memory1.ram.main_memory[240] [15:8]).
Adding EN signal on $memory\memory1.ram.main_memory[240]$908 ($dff) from module rv_core (D = \memory1.ram.data_i [23:16], Q = \memory1.ram.main_memory[240] [23:16]).
Adding EN signal on $memory\memory1.ram.main_memory[240]$908 ($dff) from module rv_core (D = \memory1.ram.data_i [31:24], Q = \memory1.ram.main_memory[240] [31:24]).
Adding EN signal on $memory\memory1.ram.main_memory[23]$474 ($dff) from module rv_core (D = \memory1.ram.data_i [7:0], Q = \memory1.ram.main_memory[23] [7:0]).
Adding EN signal on $memory\memory1.ram.main_memory[23]$474 ($dff) from module rv_core (D = \memory1.ram.data_i [15:8], Q = \memory1.ram.main_memory[23] [15:8]).
Adding EN signal on $memory\memory1.ram.main_memory[23]$474 ($dff) from module rv_core (D = \memory1.ram.data_i [23:16], Q = \memory1.ram.main_memory[23] [23:16]).
Adding EN signal on $memory\memory1.ram.main_memory[23]$474 ($dff) from module rv_core (D = \memory1.ram.data_i [31:24], Q = \memory1.ram.main_memory[23] [31:24]).
Adding EN signal on $memory\memory1.ram.main_memory[239]$906 ($dff) from module rv_core (D = \memory1.ram.data_i [7:0], Q = \memory1.ram.main_memory[239] [7:0]).
Adding EN signal on $memory\memory1.ram.main_memory[239]$906 ($dff) from module rv_core (D = \memory1.ram.data_i [15:8], Q = \memory1.ram.main_memory[239] [15:8]).
Adding EN signal on $memory\memory1.ram.main_memory[239]$906 ($dff) from module rv_core (D = \memory1.ram.data_i [23:16], Q = \memory1.ram.main_memory[239] [23:16]).
Adding EN signal on $memory\memory1.ram.main_memory[239]$906 ($dff) from module rv_core (D = \memory1.ram.data_i [31:24], Q = \memory1.ram.main_memory[239] [31:24]).
Adding EN signal on $memory\memory1.ram.main_memory[238]$904 ($dff) from module rv_core (D = \memory1.ram.data_i [7:0], Q = \memory1.ram.main_memory[238] [7:0]).
Adding EN signal on $memory\memory1.ram.main_memory[238]$904 ($dff) from module rv_core (D = \memory1.ram.data_i [15:8], Q = \memory1.ram.main_memory[238] [15:8]).
Adding EN signal on $memory\memory1.ram.main_memory[238]$904 ($dff) from module rv_core (D = \memory1.ram.data_i [23:16], Q = \memory1.ram.main_memory[238] [23:16]).
Adding EN signal on $memory\memory1.ram.main_memory[238]$904 ($dff) from module rv_core (D = \memory1.ram.data_i [31:24], Q = \memory1.ram.main_memory[238] [31:24]).
Adding EN signal on $memory\memory1.ram.main_memory[237]$902 ($dff) from module rv_core (D = \memory1.ram.data_i [7:0], Q = \memory1.ram.main_memory[237] [7:0]).
Adding EN signal on $memory\memory1.ram.main_memory[237]$902 ($dff) from module rv_core (D = \memory1.ram.data_i [15:8], Q = \memory1.ram.main_memory[237] [15:8]).
Adding EN signal on $memory\memory1.ram.main_memory[237]$902 ($dff) from module rv_core (D = \memory1.ram.data_i [23:16], Q = \memory1.ram.main_memory[237] [23:16]).
Adding EN signal on $memory\memory1.ram.main_memory[237]$902 ($dff) from module rv_core (D = \memory1.ram.data_i [31:24], Q = \memory1.ram.main_memory[237] [31:24]).
Adding EN signal on $memory\memory1.ram.main_memory[236]$900 ($dff) from module rv_core (D = \memory1.ram.data_i [7:0], Q = \memory1.ram.main_memory[236] [7:0]).
Adding EN signal on $memory\memory1.ram.main_memory[236]$900 ($dff) from module rv_core (D = \memory1.ram.data_i [15:8], Q = \memory1.ram.main_memory[236] [15:8]).
Adding EN signal on $memory\memory1.ram.main_memory[236]$900 ($dff) from module rv_core (D = \memory1.ram.data_i [23:16], Q = \memory1.ram.main_memory[236] [23:16]).
Adding EN signal on $memory\memory1.ram.main_memory[236]$900 ($dff) from module rv_core (D = \memory1.ram.data_i [31:24], Q = \memory1.ram.main_memory[236] [31:24]).
Adding EN signal on $memory\memory1.ram.main_memory[235]$898 ($dff) from module rv_core (D = \memory1.ram.data_i [7:0], Q = \memory1.ram.main_memory[235] [7:0]).
Adding EN signal on $memory\memory1.ram.main_memory[235]$898 ($dff) from module rv_core (D = \memory1.ram.data_i [15:8], Q = \memory1.ram.main_memory[235] [15:8]).
Adding EN signal on $memory\memory1.ram.main_memory[235]$898 ($dff) from module rv_core (D = \memory1.ram.data_i [23:16], Q = \memory1.ram.main_memory[235] [23:16]).
Adding EN signal on $memory\memory1.ram.main_memory[235]$898 ($dff) from module rv_core (D = \memory1.ram.data_i [31:24], Q = \memory1.ram.main_memory[235] [31:24]).
Adding EN signal on $memory\memory1.ram.main_memory[234]$896 ($dff) from module rv_core (D = \memory1.ram.data_i [7:0], Q = \memory1.ram.main_memory[234] [7:0]).
Adding EN signal on $memory\memory1.ram.main_memory[234]$896 ($dff) from module rv_core (D = \memory1.ram.data_i [15:8], Q = \memory1.ram.main_memory[234] [15:8]).
Adding EN signal on $memory\memory1.ram.main_memory[234]$896 ($dff) from module rv_core (D = \memory1.ram.data_i [23:16], Q = \memory1.ram.main_memory[234] [23:16]).
Adding EN signal on $memory\memory1.ram.main_memory[234]$896 ($dff) from module rv_core (D = \memory1.ram.data_i [31:24], Q = \memory1.ram.main_memory[234] [31:24]).
Adding EN signal on $memory\memory1.ram.main_memory[233]$894 ($dff) from module rv_core (D = \memory1.ram.data_i [7:0], Q = \memory1.ram.main_memory[233] [7:0]).
Adding EN signal on $memory\memory1.ram.main_memory[233]$894 ($dff) from module rv_core (D = \memory1.ram.data_i [15:8], Q = \memory1.ram.main_memory[233] [15:8]).
Adding EN signal on $memory\memory1.ram.main_memory[233]$894 ($dff) from module rv_core (D = \memory1.ram.data_i [23:16], Q = \memory1.ram.main_memory[233] [23:16]).
Adding EN signal on $memory\memory1.ram.main_memory[233]$894 ($dff) from module rv_core (D = \memory1.ram.data_i [31:24], Q = \memory1.ram.main_memory[233] [31:24]).
Adding EN signal on $memory\memory1.ram.main_memory[232]$892 ($dff) from module rv_core (D = \memory1.ram.data_i [7:0], Q = \memory1.ram.main_memory[232] [7:0]).
Adding EN signal on $memory\memory1.ram.main_memory[232]$892 ($dff) from module rv_core (D = \memory1.ram.data_i [15:8], Q = \memory1.ram.main_memory[232] [15:8]).
Adding EN signal on $memory\memory1.ram.main_memory[232]$892 ($dff) from module rv_core (D = \memory1.ram.data_i [23:16], Q = \memory1.ram.main_memory[232] [23:16]).
Adding EN signal on $memory\memory1.ram.main_memory[232]$892 ($dff) from module rv_core (D = \memory1.ram.data_i [31:24], Q = \memory1.ram.main_memory[232] [31:24]).
Adding EN signal on $memory\memory1.ram.main_memory[231]$890 ($dff) from module rv_core (D = \memory1.ram.data_i [7:0], Q = \memory1.ram.main_memory[231] [7:0]).
Adding EN signal on $memory\memory1.ram.main_memory[231]$890 ($dff) from module rv_core (D = \memory1.ram.data_i [15:8], Q = \memory1.ram.main_memory[231] [15:8]).
Adding EN signal on $memory\memory1.ram.main_memory[231]$890 ($dff) from module rv_core (D = \memory1.ram.data_i [23:16], Q = \memory1.ram.main_memory[231] [23:16]).
Adding EN signal on $memory\memory1.ram.main_memory[231]$890 ($dff) from module rv_core (D = \memory1.ram.data_i [31:24], Q = \memory1.ram.main_memory[231] [31:24]).
Adding EN signal on $memory\memory1.ram.main_memory[230]$888 ($dff) from module rv_core (D = \memory1.ram.data_i [7:0], Q = \memory1.ram.main_memory[230] [7:0]).
Adding EN signal on $memory\memory1.ram.main_memory[230]$888 ($dff) from module rv_core (D = \memory1.ram.data_i [15:8], Q = \memory1.ram.main_memory[230] [15:8]).
Adding EN signal on $memory\memory1.ram.main_memory[230]$888 ($dff) from module rv_core (D = \memory1.ram.data_i [23:16], Q = \memory1.ram.main_memory[230] [23:16]).
Adding EN signal on $memory\memory1.ram.main_memory[230]$888 ($dff) from module rv_core (D = \memory1.ram.data_i [31:24], Q = \memory1.ram.main_memory[230] [31:24]).
Adding EN signal on $memory\memory1.ram.main_memory[22]$472 ($dff) from module rv_core (D = \memory1.ram.data_i [7:0], Q = \memory1.ram.main_memory[22] [7:0]).
Adding EN signal on $memory\memory1.ram.main_memory[22]$472 ($dff) from module rv_core (D = \memory1.ram.data_i [15:8], Q = \memory1.ram.main_memory[22] [15:8]).
Adding EN signal on $memory\memory1.ram.main_memory[22]$472 ($dff) from module rv_core (D = \memory1.ram.data_i [23:16], Q = \memory1.ram.main_memory[22] [23:16]).
Adding EN signal on $memory\memory1.ram.main_memory[22]$472 ($dff) from module rv_core (D = \memory1.ram.data_i [31:24], Q = \memory1.ram.main_memory[22] [31:24]).
Adding EN signal on $memory\memory1.ram.main_memory[229]$886 ($dff) from module rv_core (D = \memory1.ram.data_i [7:0], Q = \memory1.ram.main_memory[229] [7:0]).
Adding EN signal on $memory\memory1.ram.main_memory[229]$886 ($dff) from module rv_core (D = \memory1.ram.data_i [15:8], Q = \memory1.ram.main_memory[229] [15:8]).
Adding EN signal on $memory\memory1.ram.main_memory[229]$886 ($dff) from module rv_core (D = \memory1.ram.data_i [23:16], Q = \memory1.ram.main_memory[229] [23:16]).
Adding EN signal on $memory\memory1.ram.main_memory[229]$886 ($dff) from module rv_core (D = \memory1.ram.data_i [31:24], Q = \memory1.ram.main_memory[229] [31:24]).
Adding EN signal on $memory\memory1.ram.main_memory[228]$884 ($dff) from module rv_core (D = \memory1.ram.data_i [7:0], Q = \memory1.ram.main_memory[228] [7:0]).
Adding EN signal on $memory\memory1.ram.main_memory[228]$884 ($dff) from module rv_core (D = \memory1.ram.data_i [15:8], Q = \memory1.ram.main_memory[228] [15:8]).
Adding EN signal on $memory\memory1.ram.main_memory[228]$884 ($dff) from module rv_core (D = \memory1.ram.data_i [23:16], Q = \memory1.ram.main_memory[228] [23:16]).
Adding EN signal on $memory\memory1.ram.main_memory[228]$884 ($dff) from module rv_core (D = \memory1.ram.data_i [31:24], Q = \memory1.ram.main_memory[228] [31:24]).
Adding EN signal on $memory\memory1.ram.main_memory[227]$882 ($dff) from module rv_core (D = \memory1.ram.data_i [7:0], Q = \memory1.ram.main_memory[227] [7:0]).
Adding EN signal on $memory\memory1.ram.main_memory[227]$882 ($dff) from module rv_core (D = \memory1.ram.data_i [15:8], Q = \memory1.ram.main_memory[227] [15:8]).
Adding EN signal on $memory\memory1.ram.main_memory[227]$882 ($dff) from module rv_core (D = \memory1.ram.data_i [23:16], Q = \memory1.ram.main_memory[227] [23:16]).
Adding EN signal on $memory\memory1.ram.main_memory[227]$882 ($dff) from module rv_core (D = \memory1.ram.data_i [31:24], Q = \memory1.ram.main_memory[227] [31:24]).
Adding EN signal on $memory\memory1.ram.main_memory[226]$880 ($dff) from module rv_core (D = \memory1.ram.data_i [7:0], Q = \memory1.ram.main_memory[226] [7:0]).
Adding EN signal on $memory\memory1.ram.main_memory[226]$880 ($dff) from module rv_core (D = \memory1.ram.data_i [15:8], Q = \memory1.ram.main_memory[226] [15:8]).
Adding EN signal on $memory\memory1.ram.main_memory[226]$880 ($dff) from module rv_core (D = \memory1.ram.data_i [23:16], Q = \memory1.ram.main_memory[226] [23:16]).
Adding EN signal on $memory\memory1.ram.main_memory[226]$880 ($dff) from module rv_core (D = \memory1.ram.data_i [31:24], Q = \memory1.ram.main_memory[226] [31:24]).
Adding EN signal on $memory\memory1.ram.main_memory[225]$878 ($dff) from module rv_core (D = \memory1.ram.data_i [7:0], Q = \memory1.ram.main_memory[225] [7:0]).
Adding EN signal on $memory\memory1.ram.main_memory[225]$878 ($dff) from module rv_core (D = \memory1.ram.data_i [15:8], Q = \memory1.ram.main_memory[225] [15:8]).
Adding EN signal on $memory\memory1.ram.main_memory[225]$878 ($dff) from module rv_core (D = \memory1.ram.data_i [23:16], Q = \memory1.ram.main_memory[225] [23:16]).
Adding EN signal on $memory\memory1.ram.main_memory[225]$878 ($dff) from module rv_core (D = \memory1.ram.data_i [31:24], Q = \memory1.ram.main_memory[225] [31:24]).
Adding EN signal on $memory\memory1.ram.main_memory[224]$876 ($dff) from module rv_core (D = \memory1.ram.data_i [7:0], Q = \memory1.ram.main_memory[224] [7:0]).
Adding EN signal on $memory\memory1.ram.main_memory[224]$876 ($dff) from module rv_core (D = \memory1.ram.data_i [15:8], Q = \memory1.ram.main_memory[224] [15:8]).
Adding EN signal on $memory\memory1.ram.main_memory[224]$876 ($dff) from module rv_core (D = \memory1.ram.data_i [23:16], Q = \memory1.ram.main_memory[224] [23:16]).
Adding EN signal on $memory\memory1.ram.main_memory[224]$876 ($dff) from module rv_core (D = \memory1.ram.data_i [31:24], Q = \memory1.ram.main_memory[224] [31:24]).
Adding EN signal on $memory\memory1.ram.main_memory[223]$874 ($dff) from module rv_core (D = \memory1.ram.data_i [7:0], Q = \memory1.ram.main_memory[223] [7:0]).
Adding EN signal on $memory\memory1.ram.main_memory[223]$874 ($dff) from module rv_core (D = \memory1.ram.data_i [15:8], Q = \memory1.ram.main_memory[223] [15:8]).
Adding EN signal on $memory\memory1.ram.main_memory[223]$874 ($dff) from module rv_core (D = \memory1.ram.data_i [23:16], Q = \memory1.ram.main_memory[223] [23:16]).
Adding EN signal on $memory\memory1.ram.main_memory[223]$874 ($dff) from module rv_core (D = \memory1.ram.data_i [31:24], Q = \memory1.ram.main_memory[223] [31:24]).
Adding EN signal on $memory\memory1.ram.main_memory[222]$872 ($dff) from module rv_core (D = \memory1.ram.data_i [7:0], Q = \memory1.ram.main_memory[222] [7:0]).
Adding EN signal on $memory\memory1.ram.main_memory[222]$872 ($dff) from module rv_core (D = \memory1.ram.data_i [15:8], Q = \memory1.ram.main_memory[222] [15:8]).
Adding EN signal on $memory\memory1.ram.main_memory[222]$872 ($dff) from module rv_core (D = \memory1.ram.data_i [23:16], Q = \memory1.ram.main_memory[222] [23:16]).
Adding EN signal on $memory\memory1.ram.main_memory[222]$872 ($dff) from module rv_core (D = \memory1.ram.data_i [31:24], Q = \memory1.ram.main_memory[222] [31:24]).
Adding EN signal on $memory\memory1.ram.main_memory[221]$870 ($dff) from module rv_core (D = \memory1.ram.data_i [7:0], Q = \memory1.ram.main_memory[221] [7:0]).
Adding EN signal on $memory\memory1.ram.main_memory[221]$870 ($dff) from module rv_core (D = \memory1.ram.data_i [15:8], Q = \memory1.ram.main_memory[221] [15:8]).
Adding EN signal on $memory\memory1.ram.main_memory[221]$870 ($dff) from module rv_core (D = \memory1.ram.data_i [23:16], Q = \memory1.ram.main_memory[221] [23:16]).
Adding EN signal on $memory\memory1.ram.main_memory[221]$870 ($dff) from module rv_core (D = \memory1.ram.data_i [31:24], Q = \memory1.ram.main_memory[221] [31:24]).
Adding EN signal on $memory\memory1.ram.main_memory[220]$868 ($dff) from module rv_core (D = \memory1.ram.data_i [7:0], Q = \memory1.ram.main_memory[220] [7:0]).
Adding EN signal on $memory\memory1.ram.main_memory[220]$868 ($dff) from module rv_core (D = \memory1.ram.data_i [15:8], Q = \memory1.ram.main_memory[220] [15:8]).
Adding EN signal on $memory\memory1.ram.main_memory[220]$868 ($dff) from module rv_core (D = \memory1.ram.data_i [23:16], Q = \memory1.ram.main_memory[220] [23:16]).
Adding EN signal on $memory\memory1.ram.main_memory[220]$868 ($dff) from module rv_core (D = \memory1.ram.data_i [31:24], Q = \memory1.ram.main_memory[220] [31:24]).
Adding EN signal on $memory\memory1.ram.main_memory[21]$470 ($dff) from module rv_core (D = \memory1.ram.data_i [7:0], Q = \memory1.ram.main_memory[21] [7:0]).
Adding EN signal on $memory\memory1.ram.main_memory[21]$470 ($dff) from module rv_core (D = \memory1.ram.data_i [15:8], Q = \memory1.ram.main_memory[21] [15:8]).
Adding EN signal on $memory\memory1.ram.main_memory[21]$470 ($dff) from module rv_core (D = \memory1.ram.data_i [23:16], Q = \memory1.ram.main_memory[21] [23:16]).
Adding EN signal on $memory\memory1.ram.main_memory[21]$470 ($dff) from module rv_core (D = \memory1.ram.data_i [31:24], Q = \memory1.ram.main_memory[21] [31:24]).
Adding EN signal on $memory\memory1.ram.main_memory[219]$866 ($dff) from module rv_core (D = \memory1.ram.data_i [7:0], Q = \memory1.ram.main_memory[219] [7:0]).
Adding EN signal on $memory\memory1.ram.main_memory[219]$866 ($dff) from module rv_core (D = \memory1.ram.data_i [15:8], Q = \memory1.ram.main_memory[219] [15:8]).
Adding EN signal on $memory\memory1.ram.main_memory[219]$866 ($dff) from module rv_core (D = \memory1.ram.data_i [23:16], Q = \memory1.ram.main_memory[219] [23:16]).
Adding EN signal on $memory\memory1.ram.main_memory[219]$866 ($dff) from module rv_core (D = \memory1.ram.data_i [31:24], Q = \memory1.ram.main_memory[219] [31:24]).
Adding EN signal on $memory\memory1.ram.main_memory[218]$864 ($dff) from module rv_core (D = \memory1.ram.data_i [7:0], Q = \memory1.ram.main_memory[218] [7:0]).
Adding EN signal on $memory\memory1.ram.main_memory[218]$864 ($dff) from module rv_core (D = \memory1.ram.data_i [15:8], Q = \memory1.ram.main_memory[218] [15:8]).
Adding EN signal on $memory\memory1.ram.main_memory[218]$864 ($dff) from module rv_core (D = \memory1.ram.data_i [23:16], Q = \memory1.ram.main_memory[218] [23:16]).
Adding EN signal on $memory\memory1.ram.main_memory[218]$864 ($dff) from module rv_core (D = \memory1.ram.data_i [31:24], Q = \memory1.ram.main_memory[218] [31:24]).
Adding EN signal on $memory\memory1.ram.main_memory[217]$862 ($dff) from module rv_core (D = \memory1.ram.data_i [7:0], Q = \memory1.ram.main_memory[217] [7:0]).
Adding EN signal on $memory\memory1.ram.main_memory[217]$862 ($dff) from module rv_core (D = \memory1.ram.data_i [15:8], Q = \memory1.ram.main_memory[217] [15:8]).
Adding EN signal on $memory\memory1.ram.main_memory[217]$862 ($dff) from module rv_core (D = \memory1.ram.data_i [23:16], Q = \memory1.ram.main_memory[217] [23:16]).
Adding EN signal on $memory\memory1.ram.main_memory[217]$862 ($dff) from module rv_core (D = \memory1.ram.data_i [31:24], Q = \memory1.ram.main_memory[217] [31:24]).
Adding EN signal on $memory\memory1.ram.main_memory[216]$860 ($dff) from module rv_core (D = \memory1.ram.data_i [7:0], Q = \memory1.ram.main_memory[216] [7:0]).
Adding EN signal on $memory\memory1.ram.main_memory[216]$860 ($dff) from module rv_core (D = \memory1.ram.data_i [15:8], Q = \memory1.ram.main_memory[216] [15:8]).
Adding EN signal on $memory\memory1.ram.main_memory[216]$860 ($dff) from module rv_core (D = \memory1.ram.data_i [23:16], Q = \memory1.ram.main_memory[216] [23:16]).
Adding EN signal on $memory\memory1.ram.main_memory[216]$860 ($dff) from module rv_core (D = \memory1.ram.data_i [31:24], Q = \memory1.ram.main_memory[216] [31:24]).
Adding EN signal on $memory\memory1.ram.main_memory[215]$858 ($dff) from module rv_core (D = \memory1.ram.data_i [7:0], Q = \memory1.ram.main_memory[215] [7:0]).
Adding EN signal on $memory\memory1.ram.main_memory[215]$858 ($dff) from module rv_core (D = \memory1.ram.data_i [15:8], Q = \memory1.ram.main_memory[215] [15:8]).
Adding EN signal on $memory\memory1.ram.main_memory[215]$858 ($dff) from module rv_core (D = \memory1.ram.data_i [23:16], Q = \memory1.ram.main_memory[215] [23:16]).
Adding EN signal on $memory\memory1.ram.main_memory[215]$858 ($dff) from module rv_core (D = \memory1.ram.data_i [31:24], Q = \memory1.ram.main_memory[215] [31:24]).
Adding EN signal on $memory\memory1.ram.main_memory[214]$856 ($dff) from module rv_core (D = \memory1.ram.data_i [7:0], Q = \memory1.ram.main_memory[214] [7:0]).
Adding EN signal on $memory\memory1.ram.main_memory[214]$856 ($dff) from module rv_core (D = \memory1.ram.data_i [15:8], Q = \memory1.ram.main_memory[214] [15:8]).
Adding EN signal on $memory\memory1.ram.main_memory[214]$856 ($dff) from module rv_core (D = \memory1.ram.data_i [23:16], Q = \memory1.ram.main_memory[214] [23:16]).
Adding EN signal on $memory\memory1.ram.main_memory[214]$856 ($dff) from module rv_core (D = \memory1.ram.data_i [31:24], Q = \memory1.ram.main_memory[214] [31:24]).
Adding EN signal on $memory\memory1.ram.main_memory[213]$854 ($dff) from module rv_core (D = \memory1.ram.data_i [7:0], Q = \memory1.ram.main_memory[213] [7:0]).
Adding EN signal on $memory\memory1.ram.main_memory[213]$854 ($dff) from module rv_core (D = \memory1.ram.data_i [15:8], Q = \memory1.ram.main_memory[213] [15:8]).
Adding EN signal on $memory\memory1.ram.main_memory[213]$854 ($dff) from module rv_core (D = \memory1.ram.data_i [23:16], Q = \memory1.ram.main_memory[213] [23:16]).
Adding EN signal on $memory\memory1.ram.main_memory[213]$854 ($dff) from module rv_core (D = \memory1.ram.data_i [31:24], Q = \memory1.ram.main_memory[213] [31:24]).
Adding EN signal on $memory\memory1.ram.main_memory[212]$852 ($dff) from module rv_core (D = \memory1.ram.data_i [7:0], Q = \memory1.ram.main_memory[212] [7:0]).
Adding EN signal on $memory\memory1.ram.main_memory[212]$852 ($dff) from module rv_core (D = \memory1.ram.data_i [15:8], Q = \memory1.ram.main_memory[212] [15:8]).
Adding EN signal on $memory\memory1.ram.main_memory[212]$852 ($dff) from module rv_core (D = \memory1.ram.data_i [23:16], Q = \memory1.ram.main_memory[212] [23:16]).
Adding EN signal on $memory\memory1.ram.main_memory[212]$852 ($dff) from module rv_core (D = \memory1.ram.data_i [31:24], Q = \memory1.ram.main_memory[212] [31:24]).
Adding EN signal on $memory\memory1.ram.main_memory[211]$850 ($dff) from module rv_core (D = \memory1.ram.data_i [7:0], Q = \memory1.ram.main_memory[211] [7:0]).
Adding EN signal on $memory\memory1.ram.main_memory[211]$850 ($dff) from module rv_core (D = \memory1.ram.data_i [15:8], Q = \memory1.ram.main_memory[211] [15:8]).
Adding EN signal on $memory\memory1.ram.main_memory[211]$850 ($dff) from module rv_core (D = \memory1.ram.data_i [23:16], Q = \memory1.ram.main_memory[211] [23:16]).
Adding EN signal on $memory\memory1.ram.main_memory[211]$850 ($dff) from module rv_core (D = \memory1.ram.data_i [31:24], Q = \memory1.ram.main_memory[211] [31:24]).
Adding EN signal on $memory\memory1.ram.main_memory[210]$848 ($dff) from module rv_core (D = \memory1.ram.data_i [7:0], Q = \memory1.ram.main_memory[210] [7:0]).
Adding EN signal on $memory\memory1.ram.main_memory[210]$848 ($dff) from module rv_core (D = \memory1.ram.data_i [15:8], Q = \memory1.ram.main_memory[210] [15:8]).
Adding EN signal on $memory\memory1.ram.main_memory[210]$848 ($dff) from module rv_core (D = \memory1.ram.data_i [23:16], Q = \memory1.ram.main_memory[210] [23:16]).
Adding EN signal on $memory\memory1.ram.main_memory[210]$848 ($dff) from module rv_core (D = \memory1.ram.data_i [31:24], Q = \memory1.ram.main_memory[210] [31:24]).
Adding EN signal on $memory\memory1.ram.main_memory[20]$468 ($dff) from module rv_core (D = \memory1.ram.data_i [7:0], Q = \memory1.ram.main_memory[20] [7:0]).
Adding EN signal on $memory\memory1.ram.main_memory[20]$468 ($dff) from module rv_core (D = \memory1.ram.data_i [15:8], Q = \memory1.ram.main_memory[20] [15:8]).
Adding EN signal on $memory\memory1.ram.main_memory[20]$468 ($dff) from module rv_core (D = \memory1.ram.data_i [23:16], Q = \memory1.ram.main_memory[20] [23:16]).
Adding EN signal on $memory\memory1.ram.main_memory[20]$468 ($dff) from module rv_core (D = \memory1.ram.data_i [31:24], Q = \memory1.ram.main_memory[20] [31:24]).
Adding EN signal on $memory\memory1.ram.main_memory[209]$846 ($dff) from module rv_core (D = \memory1.ram.data_i [7:0], Q = \memory1.ram.main_memory[209] [7:0]).
Adding EN signal on $memory\memory1.ram.main_memory[209]$846 ($dff) from module rv_core (D = \memory1.ram.data_i [15:8], Q = \memory1.ram.main_memory[209] [15:8]).
Adding EN signal on $memory\memory1.ram.main_memory[209]$846 ($dff) from module rv_core (D = \memory1.ram.data_i [23:16], Q = \memory1.ram.main_memory[209] [23:16]).
Adding EN signal on $memory\memory1.ram.main_memory[209]$846 ($dff) from module rv_core (D = \memory1.ram.data_i [31:24], Q = \memory1.ram.main_memory[209] [31:24]).
Adding EN signal on $memory\memory1.ram.main_memory[208]$844 ($dff) from module rv_core (D = \memory1.ram.data_i [7:0], Q = \memory1.ram.main_memory[208] [7:0]).
Adding EN signal on $memory\memory1.ram.main_memory[208]$844 ($dff) from module rv_core (D = \memory1.ram.data_i [15:8], Q = \memory1.ram.main_memory[208] [15:8]).
Adding EN signal on $memory\memory1.ram.main_memory[208]$844 ($dff) from module rv_core (D = \memory1.ram.data_i [23:16], Q = \memory1.ram.main_memory[208] [23:16]).
Adding EN signal on $memory\memory1.ram.main_memory[208]$844 ($dff) from module rv_core (D = \memory1.ram.data_i [31:24], Q = \memory1.ram.main_memory[208] [31:24]).
Adding EN signal on $memory\memory1.ram.main_memory[207]$842 ($dff) from module rv_core (D = \memory1.ram.data_i [7:0], Q = \memory1.ram.main_memory[207] [7:0]).
Adding EN signal on $memory\memory1.ram.main_memory[207]$842 ($dff) from module rv_core (D = \memory1.ram.data_i [15:8], Q = \memory1.ram.main_memory[207] [15:8]).
Adding EN signal on $memory\memory1.ram.main_memory[207]$842 ($dff) from module rv_core (D = \memory1.ram.data_i [23:16], Q = \memory1.ram.main_memory[207] [23:16]).
Adding EN signal on $memory\memory1.ram.main_memory[207]$842 ($dff) from module rv_core (D = \memory1.ram.data_i [31:24], Q = \memory1.ram.main_memory[207] [31:24]).
Adding EN signal on $memory\memory1.ram.main_memory[206]$840 ($dff) from module rv_core (D = \memory1.ram.data_i [7:0], Q = \memory1.ram.main_memory[206] [7:0]).
Adding EN signal on $memory\memory1.ram.main_memory[206]$840 ($dff) from module rv_core (D = \memory1.ram.data_i [15:8], Q = \memory1.ram.main_memory[206] [15:8]).
Adding EN signal on $memory\memory1.ram.main_memory[206]$840 ($dff) from module rv_core (D = \memory1.ram.data_i [23:16], Q = \memory1.ram.main_memory[206] [23:16]).
Adding EN signal on $memory\memory1.ram.main_memory[206]$840 ($dff) from module rv_core (D = \memory1.ram.data_i [31:24], Q = \memory1.ram.main_memory[206] [31:24]).
Adding EN signal on $memory\memory1.ram.main_memory[205]$838 ($dff) from module rv_core (D = \memory1.ram.data_i [7:0], Q = \memory1.ram.main_memory[205] [7:0]).
Adding EN signal on $memory\memory1.ram.main_memory[205]$838 ($dff) from module rv_core (D = \memory1.ram.data_i [15:8], Q = \memory1.ram.main_memory[205] [15:8]).
Adding EN signal on $memory\memory1.ram.main_memory[205]$838 ($dff) from module rv_core (D = \memory1.ram.data_i [23:16], Q = \memory1.ram.main_memory[205] [23:16]).
Adding EN signal on $memory\memory1.ram.main_memory[205]$838 ($dff) from module rv_core (D = \memory1.ram.data_i [31:24], Q = \memory1.ram.main_memory[205] [31:24]).
Adding EN signal on $memory\memory1.ram.main_memory[204]$836 ($dff) from module rv_core (D = \memory1.ram.data_i [7:0], Q = \memory1.ram.main_memory[204] [7:0]).
Adding EN signal on $memory\memory1.ram.main_memory[204]$836 ($dff) from module rv_core (D = \memory1.ram.data_i [15:8], Q = \memory1.ram.main_memory[204] [15:8]).
Adding EN signal on $memory\memory1.ram.main_memory[204]$836 ($dff) from module rv_core (D = \memory1.ram.data_i [23:16], Q = \memory1.ram.main_memory[204] [23:16]).
Adding EN signal on $memory\memory1.ram.main_memory[204]$836 ($dff) from module rv_core (D = \memory1.ram.data_i [31:24], Q = \memory1.ram.main_memory[204] [31:24]).
Adding EN signal on $memory\memory1.ram.main_memory[203]$834 ($dff) from module rv_core (D = \memory1.ram.data_i [7:0], Q = \memory1.ram.main_memory[203] [7:0]).
Adding EN signal on $memory\memory1.ram.main_memory[203]$834 ($dff) from module rv_core (D = \memory1.ram.data_i [15:8], Q = \memory1.ram.main_memory[203] [15:8]).
Adding EN signal on $memory\memory1.ram.main_memory[203]$834 ($dff) from module rv_core (D = \memory1.ram.data_i [23:16], Q = \memory1.ram.main_memory[203] [23:16]).
Adding EN signal on $memory\memory1.ram.main_memory[203]$834 ($dff) from module rv_core (D = \memory1.ram.data_i [31:24], Q = \memory1.ram.main_memory[203] [31:24]).
Adding EN signal on $memory\memory1.ram.main_memory[202]$832 ($dff) from module rv_core (D = \memory1.ram.data_i [7:0], Q = \memory1.ram.main_memory[202] [7:0]).
Adding EN signal on $memory\memory1.ram.main_memory[202]$832 ($dff) from module rv_core (D = \memory1.ram.data_i [15:8], Q = \memory1.ram.main_memory[202] [15:8]).
Adding EN signal on $memory\memory1.ram.main_memory[202]$832 ($dff) from module rv_core (D = \memory1.ram.data_i [23:16], Q = \memory1.ram.main_memory[202] [23:16]).
Adding EN signal on $memory\memory1.ram.main_memory[202]$832 ($dff) from module rv_core (D = \memory1.ram.data_i [31:24], Q = \memory1.ram.main_memory[202] [31:24]).
Adding EN signal on $memory\memory1.ram.main_memory[201]$830 ($dff) from module rv_core (D = \memory1.ram.data_i [7:0], Q = \memory1.ram.main_memory[201] [7:0]).
Adding EN signal on $memory\memory1.ram.main_memory[201]$830 ($dff) from module rv_core (D = \memory1.ram.data_i [15:8], Q = \memory1.ram.main_memory[201] [15:8]).
Adding EN signal on $memory\memory1.ram.main_memory[201]$830 ($dff) from module rv_core (D = \memory1.ram.data_i [23:16], Q = \memory1.ram.main_memory[201] [23:16]).
Adding EN signal on $memory\memory1.ram.main_memory[201]$830 ($dff) from module rv_core (D = \memory1.ram.data_i [31:24], Q = \memory1.ram.main_memory[201] [31:24]).
Adding EN signal on $memory\memory1.ram.main_memory[200]$828 ($dff) from module rv_core (D = \memory1.ram.data_i [7:0], Q = \memory1.ram.main_memory[200] [7:0]).
Adding EN signal on $memory\memory1.ram.main_memory[200]$828 ($dff) from module rv_core (D = \memory1.ram.data_i [15:8], Q = \memory1.ram.main_memory[200] [15:8]).
Adding EN signal on $memory\memory1.ram.main_memory[200]$828 ($dff) from module rv_core (D = \memory1.ram.data_i [23:16], Q = \memory1.ram.main_memory[200] [23:16]).
Adding EN signal on $memory\memory1.ram.main_memory[200]$828 ($dff) from module rv_core (D = \memory1.ram.data_i [31:24], Q = \memory1.ram.main_memory[200] [31:24]).
Adding EN signal on $memory\memory1.ram.main_memory[1]$430 ($dff) from module rv_core (D = \memory1.ram.data_i [7:0], Q = \memory1.ram.main_memory[1] [7:0]).
Adding EN signal on $memory\memory1.ram.main_memory[1]$430 ($dff) from module rv_core (D = \memory1.ram.data_i [15:8], Q = \memory1.ram.main_memory[1] [15:8]).
Adding EN signal on $memory\memory1.ram.main_memory[1]$430 ($dff) from module rv_core (D = \memory1.ram.data_i [23:16], Q = \memory1.ram.main_memory[1] [23:16]).
Adding EN signal on $memory\memory1.ram.main_memory[1]$430 ($dff) from module rv_core (D = \memory1.ram.data_i [31:24], Q = \memory1.ram.main_memory[1] [31:24]).
Adding EN signal on $memory\memory1.ram.main_memory[19]$466 ($dff) from module rv_core (D = \memory1.ram.data_i [7:0], Q = \memory1.ram.main_memory[19] [7:0]).
Adding EN signal on $memory\memory1.ram.main_memory[19]$466 ($dff) from module rv_core (D = \memory1.ram.data_i [15:8], Q = \memory1.ram.main_memory[19] [15:8]).
Adding EN signal on $memory\memory1.ram.main_memory[19]$466 ($dff) from module rv_core (D = \memory1.ram.data_i [23:16], Q = \memory1.ram.main_memory[19] [23:16]).
Adding EN signal on $memory\memory1.ram.main_memory[19]$466 ($dff) from module rv_core (D = \memory1.ram.data_i [31:24], Q = \memory1.ram.main_memory[19] [31:24]).
Adding EN signal on $memory\memory1.ram.main_memory[199]$826 ($dff) from module rv_core (D = \memory1.ram.data_i [7:0], Q = \memory1.ram.main_memory[199] [7:0]).
Adding EN signal on $memory\memory1.ram.main_memory[199]$826 ($dff) from module rv_core (D = \memory1.ram.data_i [15:8], Q = \memory1.ram.main_memory[199] [15:8]).
Adding EN signal on $memory\memory1.ram.main_memory[199]$826 ($dff) from module rv_core (D = \memory1.ram.data_i [23:16], Q = \memory1.ram.main_memory[199] [23:16]).
Adding EN signal on $memory\memory1.ram.main_memory[199]$826 ($dff) from module rv_core (D = \memory1.ram.data_i [31:24], Q = \memory1.ram.main_memory[199] [31:24]).
Adding EN signal on $memory\memory1.ram.main_memory[198]$824 ($dff) from module rv_core (D = \memory1.ram.data_i [7:0], Q = \memory1.ram.main_memory[198] [7:0]).
Adding EN signal on $memory\memory1.ram.main_memory[198]$824 ($dff) from module rv_core (D = \memory1.ram.data_i [15:8], Q = \memory1.ram.main_memory[198] [15:8]).
Adding EN signal on $memory\memory1.ram.main_memory[198]$824 ($dff) from module rv_core (D = \memory1.ram.data_i [23:16], Q = \memory1.ram.main_memory[198] [23:16]).
Adding EN signal on $memory\memory1.ram.main_memory[198]$824 ($dff) from module rv_core (D = \memory1.ram.data_i [31:24], Q = \memory1.ram.main_memory[198] [31:24]).
Adding EN signal on $memory\memory1.ram.main_memory[197]$822 ($dff) from module rv_core (D = \memory1.ram.data_i [7:0], Q = \memory1.ram.main_memory[197] [7:0]).
Adding EN signal on $memory\memory1.ram.main_memory[197]$822 ($dff) from module rv_core (D = \memory1.ram.data_i [15:8], Q = \memory1.ram.main_memory[197] [15:8]).
Adding EN signal on $memory\memory1.ram.main_memory[197]$822 ($dff) from module rv_core (D = \memory1.ram.data_i [23:16], Q = \memory1.ram.main_memory[197] [23:16]).
Adding EN signal on $memory\memory1.ram.main_memory[197]$822 ($dff) from module rv_core (D = \memory1.ram.data_i [31:24], Q = \memory1.ram.main_memory[197] [31:24]).
Adding EN signal on $memory\memory1.ram.main_memory[196]$820 ($dff) from module rv_core (D = \memory1.ram.data_i [7:0], Q = \memory1.ram.main_memory[196] [7:0]).
Adding EN signal on $memory\memory1.ram.main_memory[196]$820 ($dff) from module rv_core (D = \memory1.ram.data_i [15:8], Q = \memory1.ram.main_memory[196] [15:8]).
Adding EN signal on $memory\memory1.ram.main_memory[196]$820 ($dff) from module rv_core (D = \memory1.ram.data_i [23:16], Q = \memory1.ram.main_memory[196] [23:16]).
Adding EN signal on $memory\memory1.ram.main_memory[196]$820 ($dff) from module rv_core (D = \memory1.ram.data_i [31:24], Q = \memory1.ram.main_memory[196] [31:24]).
Adding EN signal on $memory\memory1.ram.main_memory[195]$818 ($dff) from module rv_core (D = \memory1.ram.data_i [7:0], Q = \memory1.ram.main_memory[195] [7:0]).
Adding EN signal on $memory\memory1.ram.main_memory[195]$818 ($dff) from module rv_core (D = \memory1.ram.data_i [15:8], Q = \memory1.ram.main_memory[195] [15:8]).
Adding EN signal on $memory\memory1.ram.main_memory[195]$818 ($dff) from module rv_core (D = \memory1.ram.data_i [23:16], Q = \memory1.ram.main_memory[195] [23:16]).
Adding EN signal on $memory\memory1.ram.main_memory[195]$818 ($dff) from module rv_core (D = \memory1.ram.data_i [31:24], Q = \memory1.ram.main_memory[195] [31:24]).
Adding EN signal on $memory\memory1.ram.main_memory[194]$816 ($dff) from module rv_core (D = \memory1.ram.data_i [7:0], Q = \memory1.ram.main_memory[194] [7:0]).
Adding EN signal on $memory\memory1.ram.main_memory[194]$816 ($dff) from module rv_core (D = \memory1.ram.data_i [15:8], Q = \memory1.ram.main_memory[194] [15:8]).
Adding EN signal on $memory\memory1.ram.main_memory[194]$816 ($dff) from module rv_core (D = \memory1.ram.data_i [23:16], Q = \memory1.ram.main_memory[194] [23:16]).
Adding EN signal on $memory\memory1.ram.main_memory[194]$816 ($dff) from module rv_core (D = \memory1.ram.data_i [31:24], Q = \memory1.ram.main_memory[194] [31:24]).
Adding EN signal on $memory\memory1.ram.main_memory[193]$814 ($dff) from module rv_core (D = \memory1.ram.data_i [7:0], Q = \memory1.ram.main_memory[193] [7:0]).
Adding EN signal on $memory\memory1.ram.main_memory[193]$814 ($dff) from module rv_core (D = \memory1.ram.data_i [15:8], Q = \memory1.ram.main_memory[193] [15:8]).
Adding EN signal on $memory\memory1.ram.main_memory[193]$814 ($dff) from module rv_core (D = \memory1.ram.data_i [23:16], Q = \memory1.ram.main_memory[193] [23:16]).
Adding EN signal on $memory\memory1.ram.main_memory[193]$814 ($dff) from module rv_core (D = \memory1.ram.data_i [31:24], Q = \memory1.ram.main_memory[193] [31:24]).
Adding EN signal on $memory\memory1.ram.main_memory[192]$812 ($dff) from module rv_core (D = \memory1.ram.data_i [7:0], Q = \memory1.ram.main_memory[192] [7:0]).
Adding EN signal on $memory\memory1.ram.main_memory[192]$812 ($dff) from module rv_core (D = \memory1.ram.data_i [15:8], Q = \memory1.ram.main_memory[192] [15:8]).
Adding EN signal on $memory\memory1.ram.main_memory[192]$812 ($dff) from module rv_core (D = \memory1.ram.data_i [23:16], Q = \memory1.ram.main_memory[192] [23:16]).
Adding EN signal on $memory\memory1.ram.main_memory[192]$812 ($dff) from module rv_core (D = \memory1.ram.data_i [31:24], Q = \memory1.ram.main_memory[192] [31:24]).
Adding EN signal on $memory\memory1.ram.main_memory[191]$810 ($dff) from module rv_core (D = \memory1.ram.data_i [7:0], Q = \memory1.ram.main_memory[191] [7:0]).
Adding EN signal on $memory\memory1.ram.main_memory[191]$810 ($dff) from module rv_core (D = \memory1.ram.data_i [15:8], Q = \memory1.ram.main_memory[191] [15:8]).
Adding EN signal on $memory\memory1.ram.main_memory[191]$810 ($dff) from module rv_core (D = \memory1.ram.data_i [23:16], Q = \memory1.ram.main_memory[191] [23:16]).
Adding EN signal on $memory\memory1.ram.main_memory[191]$810 ($dff) from module rv_core (D = \memory1.ram.data_i [31:24], Q = \memory1.ram.main_memory[191] [31:24]).
Adding EN signal on $memory\memory1.ram.main_memory[190]$808 ($dff) from module rv_core (D = \memory1.ram.data_i [7:0], Q = \memory1.ram.main_memory[190] [7:0]).
Adding EN signal on $memory\memory1.ram.main_memory[190]$808 ($dff) from module rv_core (D = \memory1.ram.data_i [15:8], Q = \memory1.ram.main_memory[190] [15:8]).
Adding EN signal on $memory\memory1.ram.main_memory[190]$808 ($dff) from module rv_core (D = \memory1.ram.data_i [23:16], Q = \memory1.ram.main_memory[190] [23:16]).
Adding EN signal on $memory\memory1.ram.main_memory[190]$808 ($dff) from module rv_core (D = \memory1.ram.data_i [31:24], Q = \memory1.ram.main_memory[190] [31:24]).
Adding EN signal on $memory\memory1.ram.main_memory[18]$464 ($dff) from module rv_core (D = \memory1.ram.data_i [7:0], Q = \memory1.ram.main_memory[18] [7:0]).
Adding EN signal on $memory\memory1.ram.main_memory[18]$464 ($dff) from module rv_core (D = \memory1.ram.data_i [15:8], Q = \memory1.ram.main_memory[18] [15:8]).
Adding EN signal on $memory\memory1.ram.main_memory[18]$464 ($dff) from module rv_core (D = \memory1.ram.data_i [23:16], Q = \memory1.ram.main_memory[18] [23:16]).
Adding EN signal on $memory\memory1.ram.main_memory[18]$464 ($dff) from module rv_core (D = \memory1.ram.data_i [31:24], Q = \memory1.ram.main_memory[18] [31:24]).
Adding EN signal on $memory\memory1.ram.main_memory[189]$806 ($dff) from module rv_core (D = \memory1.ram.data_i [7:0], Q = \memory1.ram.main_memory[189] [7:0]).
Adding EN signal on $memory\memory1.ram.main_memory[189]$806 ($dff) from module rv_core (D = \memory1.ram.data_i [15:8], Q = \memory1.ram.main_memory[189] [15:8]).
Adding EN signal on $memory\memory1.ram.main_memory[189]$806 ($dff) from module rv_core (D = \memory1.ram.data_i [23:16], Q = \memory1.ram.main_memory[189] [23:16]).
Adding EN signal on $memory\memory1.ram.main_memory[189]$806 ($dff) from module rv_core (D = \memory1.ram.data_i [31:24], Q = \memory1.ram.main_memory[189] [31:24]).
Adding EN signal on $memory\memory1.ram.main_memory[188]$804 ($dff) from module rv_core (D = \memory1.ram.data_i [7:0], Q = \memory1.ram.main_memory[188] [7:0]).
Adding EN signal on $memory\memory1.ram.main_memory[188]$804 ($dff) from module rv_core (D = \memory1.ram.data_i [15:8], Q = \memory1.ram.main_memory[188] [15:8]).
Adding EN signal on $memory\memory1.ram.main_memory[188]$804 ($dff) from module rv_core (D = \memory1.ram.data_i [23:16], Q = \memory1.ram.main_memory[188] [23:16]).
Adding EN signal on $memory\memory1.ram.main_memory[188]$804 ($dff) from module rv_core (D = \memory1.ram.data_i [31:24], Q = \memory1.ram.main_memory[188] [31:24]).
Adding EN signal on $memory\memory1.ram.main_memory[187]$802 ($dff) from module rv_core (D = \memory1.ram.data_i [7:0], Q = \memory1.ram.main_memory[187] [7:0]).
Adding EN signal on $memory\memory1.ram.main_memory[187]$802 ($dff) from module rv_core (D = \memory1.ram.data_i [15:8], Q = \memory1.ram.main_memory[187] [15:8]).
Adding EN signal on $memory\memory1.ram.main_memory[187]$802 ($dff) from module rv_core (D = \memory1.ram.data_i [23:16], Q = \memory1.ram.main_memory[187] [23:16]).
Adding EN signal on $memory\memory1.ram.main_memory[187]$802 ($dff) from module rv_core (D = \memory1.ram.data_i [31:24], Q = \memory1.ram.main_memory[187] [31:24]).
Adding EN signal on $memory\memory1.ram.main_memory[186]$800 ($dff) from module rv_core (D = \memory1.ram.data_i [7:0], Q = \memory1.ram.main_memory[186] [7:0]).
Adding EN signal on $memory\memory1.ram.main_memory[186]$800 ($dff) from module rv_core (D = \memory1.ram.data_i [15:8], Q = \memory1.ram.main_memory[186] [15:8]).
Adding EN signal on $memory\memory1.ram.main_memory[186]$800 ($dff) from module rv_core (D = \memory1.ram.data_i [23:16], Q = \memory1.ram.main_memory[186] [23:16]).
Adding EN signal on $memory\memory1.ram.main_memory[186]$800 ($dff) from module rv_core (D = \memory1.ram.data_i [31:24], Q = \memory1.ram.main_memory[186] [31:24]).
Adding EN signal on $memory\memory1.ram.main_memory[185]$798 ($dff) from module rv_core (D = \memory1.ram.data_i [7:0], Q = \memory1.ram.main_memory[185] [7:0]).
Adding EN signal on $memory\memory1.ram.main_memory[185]$798 ($dff) from module rv_core (D = \memory1.ram.data_i [15:8], Q = \memory1.ram.main_memory[185] [15:8]).
Adding EN signal on $memory\memory1.ram.main_memory[185]$798 ($dff) from module rv_core (D = \memory1.ram.data_i [23:16], Q = \memory1.ram.main_memory[185] [23:16]).
Adding EN signal on $memory\memory1.ram.main_memory[185]$798 ($dff) from module rv_core (D = \memory1.ram.data_i [31:24], Q = \memory1.ram.main_memory[185] [31:24]).
Adding EN signal on $memory\memory1.ram.main_memory[184]$796 ($dff) from module rv_core (D = \memory1.ram.data_i [7:0], Q = \memory1.ram.main_memory[184] [7:0]).
Adding EN signal on $memory\memory1.ram.main_memory[184]$796 ($dff) from module rv_core (D = \memory1.ram.data_i [15:8], Q = \memory1.ram.main_memory[184] [15:8]).
Adding EN signal on $memory\memory1.ram.main_memory[184]$796 ($dff) from module rv_core (D = \memory1.ram.data_i [23:16], Q = \memory1.ram.main_memory[184] [23:16]).
Adding EN signal on $memory\memory1.ram.main_memory[184]$796 ($dff) from module rv_core (D = \memory1.ram.data_i [31:24], Q = \memory1.ram.main_memory[184] [31:24]).
Adding EN signal on $memory\memory1.ram.main_memory[183]$794 ($dff) from module rv_core (D = \memory1.ram.data_i [7:0], Q = \memory1.ram.main_memory[183] [7:0]).
Adding EN signal on $memory\memory1.ram.main_memory[183]$794 ($dff) from module rv_core (D = \memory1.ram.data_i [15:8], Q = \memory1.ram.main_memory[183] [15:8]).
Adding EN signal on $memory\memory1.ram.main_memory[183]$794 ($dff) from module rv_core (D = \memory1.ram.data_i [23:16], Q = \memory1.ram.main_memory[183] [23:16]).
Adding EN signal on $memory\memory1.ram.main_memory[183]$794 ($dff) from module rv_core (D = \memory1.ram.data_i [31:24], Q = \memory1.ram.main_memory[183] [31:24]).
Adding EN signal on $memory\memory1.ram.main_memory[182]$792 ($dff) from module rv_core (D = \memory1.ram.data_i [7:0], Q = \memory1.ram.main_memory[182] [7:0]).
Adding EN signal on $memory\memory1.ram.main_memory[182]$792 ($dff) from module rv_core (D = \memory1.ram.data_i [15:8], Q = \memory1.ram.main_memory[182] [15:8]).
Adding EN signal on $memory\memory1.ram.main_memory[182]$792 ($dff) from module rv_core (D = \memory1.ram.data_i [23:16], Q = \memory1.ram.main_memory[182] [23:16]).
Adding EN signal on $memory\memory1.ram.main_memory[182]$792 ($dff) from module rv_core (D = \memory1.ram.data_i [31:24], Q = \memory1.ram.main_memory[182] [31:24]).
Adding EN signal on $memory\memory1.ram.main_memory[181]$790 ($dff) from module rv_core (D = \memory1.ram.data_i [7:0], Q = \memory1.ram.main_memory[181] [7:0]).
Adding EN signal on $memory\memory1.ram.main_memory[181]$790 ($dff) from module rv_core (D = \memory1.ram.data_i [15:8], Q = \memory1.ram.main_memory[181] [15:8]).
Adding EN signal on $memory\memory1.ram.main_memory[181]$790 ($dff) from module rv_core (D = \memory1.ram.data_i [23:16], Q = \memory1.ram.main_memory[181] [23:16]).
Adding EN signal on $memory\memory1.ram.main_memory[181]$790 ($dff) from module rv_core (D = \memory1.ram.data_i [31:24], Q = \memory1.ram.main_memory[181] [31:24]).
Adding EN signal on $memory\memory1.ram.main_memory[180]$788 ($dff) from module rv_core (D = \memory1.ram.data_i [7:0], Q = \memory1.ram.main_memory[180] [7:0]).
Adding EN signal on $memory\memory1.ram.main_memory[180]$788 ($dff) from module rv_core (D = \memory1.ram.data_i [15:8], Q = \memory1.ram.main_memory[180] [15:8]).
Adding EN signal on $memory\memory1.ram.main_memory[180]$788 ($dff) from module rv_core (D = \memory1.ram.data_i [23:16], Q = \memory1.ram.main_memory[180] [23:16]).
Adding EN signal on $memory\memory1.ram.main_memory[180]$788 ($dff) from module rv_core (D = \memory1.ram.data_i [31:24], Q = \memory1.ram.main_memory[180] [31:24]).
Adding EN signal on $memory\memory1.ram.main_memory[17]$462 ($dff) from module rv_core (D = \memory1.ram.data_i [7:0], Q = \memory1.ram.main_memory[17] [7:0]).
Adding EN signal on $memory\memory1.ram.main_memory[17]$462 ($dff) from module rv_core (D = \memory1.ram.data_i [15:8], Q = \memory1.ram.main_memory[17] [15:8]).
Adding EN signal on $memory\memory1.ram.main_memory[17]$462 ($dff) from module rv_core (D = \memory1.ram.data_i [23:16], Q = \memory1.ram.main_memory[17] [23:16]).
Adding EN signal on $memory\memory1.ram.main_memory[17]$462 ($dff) from module rv_core (D = \memory1.ram.data_i [31:24], Q = \memory1.ram.main_memory[17] [31:24]).
Adding EN signal on $memory\memory1.ram.main_memory[179]$786 ($dff) from module rv_core (D = \memory1.ram.data_i [7:0], Q = \memory1.ram.main_memory[179] [7:0]).
Adding EN signal on $memory\memory1.ram.main_memory[179]$786 ($dff) from module rv_core (D = \memory1.ram.data_i [15:8], Q = \memory1.ram.main_memory[179] [15:8]).
Adding EN signal on $memory\memory1.ram.main_memory[179]$786 ($dff) from module rv_core (D = \memory1.ram.data_i [23:16], Q = \memory1.ram.main_memory[179] [23:16]).
Adding EN signal on $memory\memory1.ram.main_memory[179]$786 ($dff) from module rv_core (D = \memory1.ram.data_i [31:24], Q = \memory1.ram.main_memory[179] [31:24]).
Adding EN signal on $memory\memory1.ram.main_memory[178]$784 ($dff) from module rv_core (D = \memory1.ram.data_i [7:0], Q = \memory1.ram.main_memory[178] [7:0]).
Adding EN signal on $memory\memory1.ram.main_memory[178]$784 ($dff) from module rv_core (D = \memory1.ram.data_i [15:8], Q = \memory1.ram.main_memory[178] [15:8]).
Adding EN signal on $memory\memory1.ram.main_memory[178]$784 ($dff) from module rv_core (D = \memory1.ram.data_i [23:16], Q = \memory1.ram.main_memory[178] [23:16]).
Adding EN signal on $memory\memory1.ram.main_memory[178]$784 ($dff) from module rv_core (D = \memory1.ram.data_i [31:24], Q = \memory1.ram.main_memory[178] [31:24]).
Adding EN signal on $memory\memory1.ram.main_memory[177]$782 ($dff) from module rv_core (D = \memory1.ram.data_i [7:0], Q = \memory1.ram.main_memory[177] [7:0]).
Adding EN signal on $memory\memory1.ram.main_memory[177]$782 ($dff) from module rv_core (D = \memory1.ram.data_i [15:8], Q = \memory1.ram.main_memory[177] [15:8]).
Adding EN signal on $memory\memory1.ram.main_memory[177]$782 ($dff) from module rv_core (D = \memory1.ram.data_i [23:16], Q = \memory1.ram.main_memory[177] [23:16]).
Adding EN signal on $memory\memory1.ram.main_memory[177]$782 ($dff) from module rv_core (D = \memory1.ram.data_i [31:24], Q = \memory1.ram.main_memory[177] [31:24]).
Adding EN signal on $memory\memory1.ram.main_memory[176]$780 ($dff) from module rv_core (D = \memory1.ram.data_i [7:0], Q = \memory1.ram.main_memory[176] [7:0]).
Adding EN signal on $memory\memory1.ram.main_memory[176]$780 ($dff) from module rv_core (D = \memory1.ram.data_i [15:8], Q = \memory1.ram.main_memory[176] [15:8]).
Adding EN signal on $memory\memory1.ram.main_memory[176]$780 ($dff) from module rv_core (D = \memory1.ram.data_i [23:16], Q = \memory1.ram.main_memory[176] [23:16]).
Adding EN signal on $memory\memory1.ram.main_memory[176]$780 ($dff) from module rv_core (D = \memory1.ram.data_i [31:24], Q = \memory1.ram.main_memory[176] [31:24]).
Adding EN signal on $memory\memory1.ram.main_memory[175]$778 ($dff) from module rv_core (D = \memory1.ram.data_i [7:0], Q = \memory1.ram.main_memory[175] [7:0]).
Adding EN signal on $memory\memory1.ram.main_memory[175]$778 ($dff) from module rv_core (D = \memory1.ram.data_i [15:8], Q = \memory1.ram.main_memory[175] [15:8]).
Adding EN signal on $memory\memory1.ram.main_memory[175]$778 ($dff) from module rv_core (D = \memory1.ram.data_i [23:16], Q = \memory1.ram.main_memory[175] [23:16]).
Adding EN signal on $memory\memory1.ram.main_memory[175]$778 ($dff) from module rv_core (D = \memory1.ram.data_i [31:24], Q = \memory1.ram.main_memory[175] [31:24]).
Adding EN signal on $memory\memory1.ram.main_memory[174]$776 ($dff) from module rv_core (D = \memory1.ram.data_i [7:0], Q = \memory1.ram.main_memory[174] [7:0]).
Adding EN signal on $memory\memory1.ram.main_memory[174]$776 ($dff) from module rv_core (D = \memory1.ram.data_i [15:8], Q = \memory1.ram.main_memory[174] [15:8]).
Adding EN signal on $memory\memory1.ram.main_memory[174]$776 ($dff) from module rv_core (D = \memory1.ram.data_i [23:16], Q = \memory1.ram.main_memory[174] [23:16]).
Adding EN signal on $memory\memory1.ram.main_memory[174]$776 ($dff) from module rv_core (D = \memory1.ram.data_i [31:24], Q = \memory1.ram.main_memory[174] [31:24]).
Adding EN signal on $memory\memory1.ram.main_memory[173]$774 ($dff) from module rv_core (D = \memory1.ram.data_i [7:0], Q = \memory1.ram.main_memory[173] [7:0]).
Adding EN signal on $memory\memory1.ram.main_memory[173]$774 ($dff) from module rv_core (D = \memory1.ram.data_i [15:8], Q = \memory1.ram.main_memory[173] [15:8]).
Adding EN signal on $memory\memory1.ram.main_memory[173]$774 ($dff) from module rv_core (D = \memory1.ram.data_i [23:16], Q = \memory1.ram.main_memory[173] [23:16]).
Adding EN signal on $memory\memory1.ram.main_memory[173]$774 ($dff) from module rv_core (D = \memory1.ram.data_i [31:24], Q = \memory1.ram.main_memory[173] [31:24]).
Adding EN signal on $memory\memory1.ram.main_memory[172]$772 ($dff) from module rv_core (D = \memory1.ram.data_i [7:0], Q = \memory1.ram.main_memory[172] [7:0]).
Adding EN signal on $memory\memory1.ram.main_memory[172]$772 ($dff) from module rv_core (D = \memory1.ram.data_i [15:8], Q = \memory1.ram.main_memory[172] [15:8]).
Adding EN signal on $memory\memory1.ram.main_memory[172]$772 ($dff) from module rv_core (D = \memory1.ram.data_i [23:16], Q = \memory1.ram.main_memory[172] [23:16]).
Adding EN signal on $memory\memory1.ram.main_memory[172]$772 ($dff) from module rv_core (D = \memory1.ram.data_i [31:24], Q = \memory1.ram.main_memory[172] [31:24]).
Adding EN signal on $memory\memory1.ram.main_memory[171]$770 ($dff) from module rv_core (D = \memory1.ram.data_i [7:0], Q = \memory1.ram.main_memory[171] [7:0]).
Adding EN signal on $memory\memory1.ram.main_memory[171]$770 ($dff) from module rv_core (D = \memory1.ram.data_i [15:8], Q = \memory1.ram.main_memory[171] [15:8]).
Adding EN signal on $memory\memory1.ram.main_memory[171]$770 ($dff) from module rv_core (D = \memory1.ram.data_i [23:16], Q = \memory1.ram.main_memory[171] [23:16]).
Adding EN signal on $memory\memory1.ram.main_memory[171]$770 ($dff) from module rv_core (D = \memory1.ram.data_i [31:24], Q = \memory1.ram.main_memory[171] [31:24]).
Adding EN signal on $memory\memory1.ram.main_memory[170]$768 ($dff) from module rv_core (D = \memory1.ram.data_i [7:0], Q = \memory1.ram.main_memory[170] [7:0]).
Adding EN signal on $memory\memory1.ram.main_memory[170]$768 ($dff) from module rv_core (D = \memory1.ram.data_i [15:8], Q = \memory1.ram.main_memory[170] [15:8]).
Adding EN signal on $memory\memory1.ram.main_memory[170]$768 ($dff) from module rv_core (D = \memory1.ram.data_i [23:16], Q = \memory1.ram.main_memory[170] [23:16]).
Adding EN signal on $memory\memory1.ram.main_memory[170]$768 ($dff) from module rv_core (D = \memory1.ram.data_i [31:24], Q = \memory1.ram.main_memory[170] [31:24]).
Adding EN signal on $memory\memory1.ram.main_memory[16]$460 ($dff) from module rv_core (D = \memory1.ram.data_i [7:0], Q = \memory1.ram.main_memory[16] [7:0]).
Adding EN signal on $memory\memory1.ram.main_memory[16]$460 ($dff) from module rv_core (D = \memory1.ram.data_i [15:8], Q = \memory1.ram.main_memory[16] [15:8]).
Adding EN signal on $memory\memory1.ram.main_memory[16]$460 ($dff) from module rv_core (D = \memory1.ram.data_i [23:16], Q = \memory1.ram.main_memory[16] [23:16]).
Adding EN signal on $memory\memory1.ram.main_memory[16]$460 ($dff) from module rv_core (D = \memory1.ram.data_i [31:24], Q = \memory1.ram.main_memory[16] [31:24]).
Adding EN signal on $memory\memory1.ram.main_memory[169]$766 ($dff) from module rv_core (D = \memory1.ram.data_i [7:0], Q = \memory1.ram.main_memory[169] [7:0]).
Adding EN signal on $memory\memory1.ram.main_memory[169]$766 ($dff) from module rv_core (D = \memory1.ram.data_i [15:8], Q = \memory1.ram.main_memory[169] [15:8]).
Adding EN signal on $memory\memory1.ram.main_memory[169]$766 ($dff) from module rv_core (D = \memory1.ram.data_i [23:16], Q = \memory1.ram.main_memory[169] [23:16]).
Adding EN signal on $memory\memory1.ram.main_memory[169]$766 ($dff) from module rv_core (D = \memory1.ram.data_i [31:24], Q = \memory1.ram.main_memory[169] [31:24]).
Adding EN signal on $memory\memory1.ram.main_memory[168]$764 ($dff) from module rv_core (D = \memory1.ram.data_i [7:0], Q = \memory1.ram.main_memory[168] [7:0]).
Adding EN signal on $memory\memory1.ram.main_memory[168]$764 ($dff) from module rv_core (D = \memory1.ram.data_i [15:8], Q = \memory1.ram.main_memory[168] [15:8]).
Adding EN signal on $memory\memory1.ram.main_memory[168]$764 ($dff) from module rv_core (D = \memory1.ram.data_i [23:16], Q = \memory1.ram.main_memory[168] [23:16]).
Adding EN signal on $memory\memory1.ram.main_memory[168]$764 ($dff) from module rv_core (D = \memory1.ram.data_i [31:24], Q = \memory1.ram.main_memory[168] [31:24]).
Adding EN signal on $memory\memory1.ram.main_memory[167]$762 ($dff) from module rv_core (D = \memory1.ram.data_i [7:0], Q = \memory1.ram.main_memory[167] [7:0]).
Adding EN signal on $memory\memory1.ram.main_memory[167]$762 ($dff) from module rv_core (D = \memory1.ram.data_i [15:8], Q = \memory1.ram.main_memory[167] [15:8]).
Adding EN signal on $memory\memory1.ram.main_memory[167]$762 ($dff) from module rv_core (D = \memory1.ram.data_i [23:16], Q = \memory1.ram.main_memory[167] [23:16]).
Adding EN signal on $memory\memory1.ram.main_memory[167]$762 ($dff) from module rv_core (D = \memory1.ram.data_i [31:24], Q = \memory1.ram.main_memory[167] [31:24]).
Adding EN signal on $memory\memory1.ram.main_memory[166]$760 ($dff) from module rv_core (D = \memory1.ram.data_i [7:0], Q = \memory1.ram.main_memory[166] [7:0]).
Adding EN signal on $memory\memory1.ram.main_memory[166]$760 ($dff) from module rv_core (D = \memory1.ram.data_i [15:8], Q = \memory1.ram.main_memory[166] [15:8]).
Adding EN signal on $memory\memory1.ram.main_memory[166]$760 ($dff) from module rv_core (D = \memory1.ram.data_i [23:16], Q = \memory1.ram.main_memory[166] [23:16]).
Adding EN signal on $memory\memory1.ram.main_memory[166]$760 ($dff) from module rv_core (D = \memory1.ram.data_i [31:24], Q = \memory1.ram.main_memory[166] [31:24]).
Adding EN signal on $memory\memory1.ram.main_memory[165]$758 ($dff) from module rv_core (D = \memory1.ram.data_i [7:0], Q = \memory1.ram.main_memory[165] [7:0]).
Adding EN signal on $memory\memory1.ram.main_memory[165]$758 ($dff) from module rv_core (D = \memory1.ram.data_i [15:8], Q = \memory1.ram.main_memory[165] [15:8]).
Adding EN signal on $memory\memory1.ram.main_memory[165]$758 ($dff) from module rv_core (D = \memory1.ram.data_i [23:16], Q = \memory1.ram.main_memory[165] [23:16]).
Adding EN signal on $memory\memory1.ram.main_memory[165]$758 ($dff) from module rv_core (D = \memory1.ram.data_i [31:24], Q = \memory1.ram.main_memory[165] [31:24]).
Adding EN signal on $memory\memory1.ram.main_memory[164]$756 ($dff) from module rv_core (D = \memory1.ram.data_i [7:0], Q = \memory1.ram.main_memory[164] [7:0]).
Adding EN signal on $memory\memory1.ram.main_memory[164]$756 ($dff) from module rv_core (D = \memory1.ram.data_i [15:8], Q = \memory1.ram.main_memory[164] [15:8]).
Adding EN signal on $memory\memory1.ram.main_memory[164]$756 ($dff) from module rv_core (D = \memory1.ram.data_i [23:16], Q = \memory1.ram.main_memory[164] [23:16]).
Adding EN signal on $memory\memory1.ram.main_memory[164]$756 ($dff) from module rv_core (D = \memory1.ram.data_i [31:24], Q = \memory1.ram.main_memory[164] [31:24]).
Adding EN signal on $memory\memory1.ram.main_memory[163]$754 ($dff) from module rv_core (D = \memory1.ram.data_i [7:0], Q = \memory1.ram.main_memory[163] [7:0]).
Adding EN signal on $memory\memory1.ram.main_memory[163]$754 ($dff) from module rv_core (D = \memory1.ram.data_i [15:8], Q = \memory1.ram.main_memory[163] [15:8]).
Adding EN signal on $memory\memory1.ram.main_memory[163]$754 ($dff) from module rv_core (D = \memory1.ram.data_i [23:16], Q = \memory1.ram.main_memory[163] [23:16]).
Adding EN signal on $memory\memory1.ram.main_memory[163]$754 ($dff) from module rv_core (D = \memory1.ram.data_i [31:24], Q = \memory1.ram.main_memory[163] [31:24]).
Adding EN signal on $memory\memory1.ram.main_memory[162]$752 ($dff) from module rv_core (D = \memory1.ram.data_i [7:0], Q = \memory1.ram.main_memory[162] [7:0]).
Adding EN signal on $memory\memory1.ram.main_memory[162]$752 ($dff) from module rv_core (D = \memory1.ram.data_i [15:8], Q = \memory1.ram.main_memory[162] [15:8]).
Adding EN signal on $memory\memory1.ram.main_memory[162]$752 ($dff) from module rv_core (D = \memory1.ram.data_i [23:16], Q = \memory1.ram.main_memory[162] [23:16]).
Adding EN signal on $memory\memory1.ram.main_memory[162]$752 ($dff) from module rv_core (D = \memory1.ram.data_i [31:24], Q = \memory1.ram.main_memory[162] [31:24]).
Adding EN signal on $memory\memory1.ram.main_memory[161]$750 ($dff) from module rv_core (D = \memory1.ram.data_i [7:0], Q = \memory1.ram.main_memory[161] [7:0]).
Adding EN signal on $memory\memory1.ram.main_memory[161]$750 ($dff) from module rv_core (D = \memory1.ram.data_i [15:8], Q = \memory1.ram.main_memory[161] [15:8]).
Adding EN signal on $memory\memory1.ram.main_memory[161]$750 ($dff) from module rv_core (D = \memory1.ram.data_i [23:16], Q = \memory1.ram.main_memory[161] [23:16]).
Adding EN signal on $memory\memory1.ram.main_memory[161]$750 ($dff) from module rv_core (D = \memory1.ram.data_i [31:24], Q = \memory1.ram.main_memory[161] [31:24]).
Adding EN signal on $memory\memory1.ram.main_memory[160]$748 ($dff) from module rv_core (D = \memory1.ram.data_i [7:0], Q = \memory1.ram.main_memory[160] [7:0]).
Adding EN signal on $memory\memory1.ram.main_memory[160]$748 ($dff) from module rv_core (D = \memory1.ram.data_i [15:8], Q = \memory1.ram.main_memory[160] [15:8]).
Adding EN signal on $memory\memory1.ram.main_memory[160]$748 ($dff) from module rv_core (D = \memory1.ram.data_i [23:16], Q = \memory1.ram.main_memory[160] [23:16]).
Adding EN signal on $memory\memory1.ram.main_memory[160]$748 ($dff) from module rv_core (D = \memory1.ram.data_i [31:24], Q = \memory1.ram.main_memory[160] [31:24]).
Adding EN signal on $memory\memory1.ram.main_memory[15]$458 ($dff) from module rv_core (D = \memory1.ram.data_i [7:0], Q = \memory1.ram.main_memory[15] [7:0]).
Adding EN signal on $memory\memory1.ram.main_memory[15]$458 ($dff) from module rv_core (D = \memory1.ram.data_i [15:8], Q = \memory1.ram.main_memory[15] [15:8]).
Adding EN signal on $memory\memory1.ram.main_memory[15]$458 ($dff) from module rv_core (D = \memory1.ram.data_i [23:16], Q = \memory1.ram.main_memory[15] [23:16]).
Adding EN signal on $memory\memory1.ram.main_memory[15]$458 ($dff) from module rv_core (D = \memory1.ram.data_i [31:24], Q = \memory1.ram.main_memory[15] [31:24]).
Adding EN signal on $memory\memory1.ram.main_memory[159]$746 ($dff) from module rv_core (D = \memory1.ram.data_i [7:0], Q = \memory1.ram.main_memory[159] [7:0]).
Adding EN signal on $memory\memory1.ram.main_memory[159]$746 ($dff) from module rv_core (D = \memory1.ram.data_i [15:8], Q = \memory1.ram.main_memory[159] [15:8]).
Adding EN signal on $memory\memory1.ram.main_memory[159]$746 ($dff) from module rv_core (D = \memory1.ram.data_i [23:16], Q = \memory1.ram.main_memory[159] [23:16]).
Adding EN signal on $memory\memory1.ram.main_memory[159]$746 ($dff) from module rv_core (D = \memory1.ram.data_i [31:24], Q = \memory1.ram.main_memory[159] [31:24]).
Adding EN signal on $memory\memory1.ram.main_memory[158]$744 ($dff) from module rv_core (D = \memory1.ram.data_i [7:0], Q = \memory1.ram.main_memory[158] [7:0]).
Adding EN signal on $memory\memory1.ram.main_memory[158]$744 ($dff) from module rv_core (D = \memory1.ram.data_i [15:8], Q = \memory1.ram.main_memory[158] [15:8]).
Adding EN signal on $memory\memory1.ram.main_memory[158]$744 ($dff) from module rv_core (D = \memory1.ram.data_i [23:16], Q = \memory1.ram.main_memory[158] [23:16]).
Adding EN signal on $memory\memory1.ram.main_memory[158]$744 ($dff) from module rv_core (D = \memory1.ram.data_i [31:24], Q = \memory1.ram.main_memory[158] [31:24]).
Adding EN signal on $memory\memory1.ram.main_memory[157]$742 ($dff) from module rv_core (D = \memory1.ram.data_i [7:0], Q = \memory1.ram.main_memory[157] [7:0]).
Adding EN signal on $memory\memory1.ram.main_memory[157]$742 ($dff) from module rv_core (D = \memory1.ram.data_i [15:8], Q = \memory1.ram.main_memory[157] [15:8]).
Adding EN signal on $memory\memory1.ram.main_memory[157]$742 ($dff) from module rv_core (D = \memory1.ram.data_i [23:16], Q = \memory1.ram.main_memory[157] [23:16]).
Adding EN signal on $memory\memory1.ram.main_memory[157]$742 ($dff) from module rv_core (D = \memory1.ram.data_i [31:24], Q = \memory1.ram.main_memory[157] [31:24]).
Adding EN signal on $memory\memory1.ram.main_memory[156]$740 ($dff) from module rv_core (D = \memory1.ram.data_i [7:0], Q = \memory1.ram.main_memory[156] [7:0]).
Adding EN signal on $memory\memory1.ram.main_memory[156]$740 ($dff) from module rv_core (D = \memory1.ram.data_i [15:8], Q = \memory1.ram.main_memory[156] [15:8]).
Adding EN signal on $memory\memory1.ram.main_memory[156]$740 ($dff) from module rv_core (D = \memory1.ram.data_i [23:16], Q = \memory1.ram.main_memory[156] [23:16]).
Adding EN signal on $memory\memory1.ram.main_memory[156]$740 ($dff) from module rv_core (D = \memory1.ram.data_i [31:24], Q = \memory1.ram.main_memory[156] [31:24]).
Adding EN signal on $memory\memory1.ram.main_memory[155]$738 ($dff) from module rv_core (D = \memory1.ram.data_i [7:0], Q = \memory1.ram.main_memory[155] [7:0]).
Adding EN signal on $memory\memory1.ram.main_memory[155]$738 ($dff) from module rv_core (D = \memory1.ram.data_i [15:8], Q = \memory1.ram.main_memory[155] [15:8]).
Adding EN signal on $memory\memory1.ram.main_memory[155]$738 ($dff) from module rv_core (D = \memory1.ram.data_i [23:16], Q = \memory1.ram.main_memory[155] [23:16]).
Adding EN signal on $memory\memory1.ram.main_memory[155]$738 ($dff) from module rv_core (D = \memory1.ram.data_i [31:24], Q = \memory1.ram.main_memory[155] [31:24]).
Adding EN signal on $memory\memory1.ram.main_memory[154]$736 ($dff) from module rv_core (D = \memory1.ram.data_i [7:0], Q = \memory1.ram.main_memory[154] [7:0]).
Adding EN signal on $memory\memory1.ram.main_memory[154]$736 ($dff) from module rv_core (D = \memory1.ram.data_i [15:8], Q = \memory1.ram.main_memory[154] [15:8]).
Adding EN signal on $memory\memory1.ram.main_memory[154]$736 ($dff) from module rv_core (D = \memory1.ram.data_i [23:16], Q = \memory1.ram.main_memory[154] [23:16]).
Adding EN signal on $memory\memory1.ram.main_memory[154]$736 ($dff) from module rv_core (D = \memory1.ram.data_i [31:24], Q = \memory1.ram.main_memory[154] [31:24]).
Adding EN signal on $memory\memory1.ram.main_memory[153]$734 ($dff) from module rv_core (D = \memory1.ram.data_i [7:0], Q = \memory1.ram.main_memory[153] [7:0]).
Adding EN signal on $memory\memory1.ram.main_memory[153]$734 ($dff) from module rv_core (D = \memory1.ram.data_i [15:8], Q = \memory1.ram.main_memory[153] [15:8]).
Adding EN signal on $memory\memory1.ram.main_memory[153]$734 ($dff) from module rv_core (D = \memory1.ram.data_i [23:16], Q = \memory1.ram.main_memory[153] [23:16]).
Adding EN signal on $memory\memory1.ram.main_memory[153]$734 ($dff) from module rv_core (D = \memory1.ram.data_i [31:24], Q = \memory1.ram.main_memory[153] [31:24]).
Adding EN signal on $memory\memory1.ram.main_memory[152]$732 ($dff) from module rv_core (D = \memory1.ram.data_i [7:0], Q = \memory1.ram.main_memory[152] [7:0]).
Adding EN signal on $memory\memory1.ram.main_memory[152]$732 ($dff) from module rv_core (D = \memory1.ram.data_i [15:8], Q = \memory1.ram.main_memory[152] [15:8]).
Adding EN signal on $memory\memory1.ram.main_memory[152]$732 ($dff) from module rv_core (D = \memory1.ram.data_i [23:16], Q = \memory1.ram.main_memory[152] [23:16]).
Adding EN signal on $memory\memory1.ram.main_memory[152]$732 ($dff) from module rv_core (D = \memory1.ram.data_i [31:24], Q = \memory1.ram.main_memory[152] [31:24]).
Adding EN signal on $memory\memory1.ram.main_memory[151]$730 ($dff) from module rv_core (D = \memory1.ram.data_i [7:0], Q = \memory1.ram.main_memory[151] [7:0]).
Adding EN signal on $memory\memory1.ram.main_memory[151]$730 ($dff) from module rv_core (D = \memory1.ram.data_i [15:8], Q = \memory1.ram.main_memory[151] [15:8]).
Adding EN signal on $memory\memory1.ram.main_memory[151]$730 ($dff) from module rv_core (D = \memory1.ram.data_i [23:16], Q = \memory1.ram.main_memory[151] [23:16]).
Adding EN signal on $memory\memory1.ram.main_memory[151]$730 ($dff) from module rv_core (D = \memory1.ram.data_i [31:24], Q = \memory1.ram.main_memory[151] [31:24]).
Adding EN signal on $memory\memory1.ram.main_memory[150]$728 ($dff) from module rv_core (D = \memory1.ram.data_i [7:0], Q = \memory1.ram.main_memory[150] [7:0]).
Adding EN signal on $memory\memory1.ram.main_memory[150]$728 ($dff) from module rv_core (D = \memory1.ram.data_i [15:8], Q = \memory1.ram.main_memory[150] [15:8]).
Adding EN signal on $memory\memory1.ram.main_memory[150]$728 ($dff) from module rv_core (D = \memory1.ram.data_i [23:16], Q = \memory1.ram.main_memory[150] [23:16]).
Adding EN signal on $memory\memory1.ram.main_memory[150]$728 ($dff) from module rv_core (D = \memory1.ram.data_i [31:24], Q = \memory1.ram.main_memory[150] [31:24]).
Adding EN signal on $memory\memory1.ram.main_memory[14]$456 ($dff) from module rv_core (D = \memory1.ram.data_i [7:0], Q = \memory1.ram.main_memory[14] [7:0]).
Adding EN signal on $memory\memory1.ram.main_memory[14]$456 ($dff) from module rv_core (D = \memory1.ram.data_i [15:8], Q = \memory1.ram.main_memory[14] [15:8]).
Adding EN signal on $memory\memory1.ram.main_memory[14]$456 ($dff) from module rv_core (D = \memory1.ram.data_i [23:16], Q = \memory1.ram.main_memory[14] [23:16]).
Adding EN signal on $memory\memory1.ram.main_memory[14]$456 ($dff) from module rv_core (D = \memory1.ram.data_i [31:24], Q = \memory1.ram.main_memory[14] [31:24]).
Adding EN signal on $memory\memory1.ram.main_memory[149]$726 ($dff) from module rv_core (D = \memory1.ram.data_i [7:0], Q = \memory1.ram.main_memory[149] [7:0]).
Adding EN signal on $memory\memory1.ram.main_memory[149]$726 ($dff) from module rv_core (D = \memory1.ram.data_i [15:8], Q = \memory1.ram.main_memory[149] [15:8]).
Adding EN signal on $memory\memory1.ram.main_memory[149]$726 ($dff) from module rv_core (D = \memory1.ram.data_i [23:16], Q = \memory1.ram.main_memory[149] [23:16]).
Adding EN signal on $memory\memory1.ram.main_memory[149]$726 ($dff) from module rv_core (D = \memory1.ram.data_i [31:24], Q = \memory1.ram.main_memory[149] [31:24]).
Adding EN signal on $memory\memory1.ram.main_memory[148]$724 ($dff) from module rv_core (D = \memory1.ram.data_i [7:0], Q = \memory1.ram.main_memory[148] [7:0]).
Adding EN signal on $memory\memory1.ram.main_memory[148]$724 ($dff) from module rv_core (D = \memory1.ram.data_i [15:8], Q = \memory1.ram.main_memory[148] [15:8]).
Adding EN signal on $memory\memory1.ram.main_memory[148]$724 ($dff) from module rv_core (D = \memory1.ram.data_i [23:16], Q = \memory1.ram.main_memory[148] [23:16]).
Adding EN signal on $memory\memory1.ram.main_memory[148]$724 ($dff) from module rv_core (D = \memory1.ram.data_i [31:24], Q = \memory1.ram.main_memory[148] [31:24]).
Adding EN signal on $memory\memory1.ram.main_memory[147]$722 ($dff) from module rv_core (D = \memory1.ram.data_i [7:0], Q = \memory1.ram.main_memory[147] [7:0]).
Adding EN signal on $memory\memory1.ram.main_memory[147]$722 ($dff) from module rv_core (D = \memory1.ram.data_i [15:8], Q = \memory1.ram.main_memory[147] [15:8]).
Adding EN signal on $memory\memory1.ram.main_memory[147]$722 ($dff) from module rv_core (D = \memory1.ram.data_i [23:16], Q = \memory1.ram.main_memory[147] [23:16]).
Adding EN signal on $memory\memory1.ram.main_memory[147]$722 ($dff) from module rv_core (D = \memory1.ram.data_i [31:24], Q = \memory1.ram.main_memory[147] [31:24]).
Adding EN signal on $memory\memory1.ram.main_memory[146]$720 ($dff) from module rv_core (D = \memory1.ram.data_i [7:0], Q = \memory1.ram.main_memory[146] [7:0]).
Adding EN signal on $memory\memory1.ram.main_memory[146]$720 ($dff) from module rv_core (D = \memory1.ram.data_i [15:8], Q = \memory1.ram.main_memory[146] [15:8]).
Adding EN signal on $memory\memory1.ram.main_memory[146]$720 ($dff) from module rv_core (D = \memory1.ram.data_i [23:16], Q = \memory1.ram.main_memory[146] [23:16]).
Adding EN signal on $memory\memory1.ram.main_memory[146]$720 ($dff) from module rv_core (D = \memory1.ram.data_i [31:24], Q = \memory1.ram.main_memory[146] [31:24]).
Adding EN signal on $memory\memory1.ram.main_memory[145]$718 ($dff) from module rv_core (D = \memory1.ram.data_i [7:0], Q = \memory1.ram.main_memory[145] [7:0]).
Adding EN signal on $memory\memory1.ram.main_memory[145]$718 ($dff) from module rv_core (D = \memory1.ram.data_i [15:8], Q = \memory1.ram.main_memory[145] [15:8]).
Adding EN signal on $memory\memory1.ram.main_memory[145]$718 ($dff) from module rv_core (D = \memory1.ram.data_i [23:16], Q = \memory1.ram.main_memory[145] [23:16]).
Adding EN signal on $memory\memory1.ram.main_memory[145]$718 ($dff) from module rv_core (D = \memory1.ram.data_i [31:24], Q = \memory1.ram.main_memory[145] [31:24]).
Adding EN signal on $memory\memory1.ram.main_memory[144]$716 ($dff) from module rv_core (D = \memory1.ram.data_i [7:0], Q = \memory1.ram.main_memory[144] [7:0]).
Adding EN signal on $memory\memory1.ram.main_memory[144]$716 ($dff) from module rv_core (D = \memory1.ram.data_i [15:8], Q = \memory1.ram.main_memory[144] [15:8]).
Adding EN signal on $memory\memory1.ram.main_memory[144]$716 ($dff) from module rv_core (D = \memory1.ram.data_i [23:16], Q = \memory1.ram.main_memory[144] [23:16]).
Adding EN signal on $memory\memory1.ram.main_memory[144]$716 ($dff) from module rv_core (D = \memory1.ram.data_i [31:24], Q = \memory1.ram.main_memory[144] [31:24]).
Adding EN signal on $memory\memory1.ram.main_memory[143]$714 ($dff) from module rv_core (D = \memory1.ram.data_i [7:0], Q = \memory1.ram.main_memory[143] [7:0]).
Adding EN signal on $memory\memory1.ram.main_memory[143]$714 ($dff) from module rv_core (D = \memory1.ram.data_i [15:8], Q = \memory1.ram.main_memory[143] [15:8]).
Adding EN signal on $memory\memory1.ram.main_memory[143]$714 ($dff) from module rv_core (D = \memory1.ram.data_i [23:16], Q = \memory1.ram.main_memory[143] [23:16]).
Adding EN signal on $memory\memory1.ram.main_memory[143]$714 ($dff) from module rv_core (D = \memory1.ram.data_i [31:24], Q = \memory1.ram.main_memory[143] [31:24]).
Adding EN signal on $memory\memory1.ram.main_memory[142]$712 ($dff) from module rv_core (D = \memory1.ram.data_i [7:0], Q = \memory1.ram.main_memory[142] [7:0]).
Adding EN signal on $memory\memory1.ram.main_memory[142]$712 ($dff) from module rv_core (D = \memory1.ram.data_i [15:8], Q = \memory1.ram.main_memory[142] [15:8]).
Adding EN signal on $memory\memory1.ram.main_memory[142]$712 ($dff) from module rv_core (D = \memory1.ram.data_i [23:16], Q = \memory1.ram.main_memory[142] [23:16]).
Adding EN signal on $memory\memory1.ram.main_memory[142]$712 ($dff) from module rv_core (D = \memory1.ram.data_i [31:24], Q = \memory1.ram.main_memory[142] [31:24]).
Adding EN signal on $memory\memory1.ram.main_memory[141]$710 ($dff) from module rv_core (D = \memory1.ram.data_i [7:0], Q = \memory1.ram.main_memory[141] [7:0]).
Adding EN signal on $memory\memory1.ram.main_memory[141]$710 ($dff) from module rv_core (D = \memory1.ram.data_i [15:8], Q = \memory1.ram.main_memory[141] [15:8]).
Adding EN signal on $memory\memory1.ram.main_memory[141]$710 ($dff) from module rv_core (D = \memory1.ram.data_i [23:16], Q = \memory1.ram.main_memory[141] [23:16]).
Adding EN signal on $memory\memory1.ram.main_memory[141]$710 ($dff) from module rv_core (D = \memory1.ram.data_i [31:24], Q = \memory1.ram.main_memory[141] [31:24]).
Adding EN signal on $memory\memory1.ram.main_memory[140]$708 ($dff) from module rv_core (D = \memory1.ram.data_i [7:0], Q = \memory1.ram.main_memory[140] [7:0]).
Adding EN signal on $memory\memory1.ram.main_memory[140]$708 ($dff) from module rv_core (D = \memory1.ram.data_i [15:8], Q = \memory1.ram.main_memory[140] [15:8]).
Adding EN signal on $memory\memory1.ram.main_memory[140]$708 ($dff) from module rv_core (D = \memory1.ram.data_i [23:16], Q = \memory1.ram.main_memory[140] [23:16]).
Adding EN signal on $memory\memory1.ram.main_memory[140]$708 ($dff) from module rv_core (D = \memory1.ram.data_i [31:24], Q = \memory1.ram.main_memory[140] [31:24]).
Adding EN signal on $memory\memory1.ram.main_memory[13]$454 ($dff) from module rv_core (D = \memory1.ram.data_i [7:0], Q = \memory1.ram.main_memory[13] [7:0]).
Adding EN signal on $memory\memory1.ram.main_memory[13]$454 ($dff) from module rv_core (D = \memory1.ram.data_i [15:8], Q = \memory1.ram.main_memory[13] [15:8]).
Adding EN signal on $memory\memory1.ram.main_memory[13]$454 ($dff) from module rv_core (D = \memory1.ram.data_i [23:16], Q = \memory1.ram.main_memory[13] [23:16]).
Adding EN signal on $memory\memory1.ram.main_memory[13]$454 ($dff) from module rv_core (D = \memory1.ram.data_i [31:24], Q = \memory1.ram.main_memory[13] [31:24]).
Adding EN signal on $memory\memory1.ram.main_memory[139]$706 ($dff) from module rv_core (D = \memory1.ram.data_i [7:0], Q = \memory1.ram.main_memory[139] [7:0]).
Adding EN signal on $memory\memory1.ram.main_memory[139]$706 ($dff) from module rv_core (D = \memory1.ram.data_i [15:8], Q = \memory1.ram.main_memory[139] [15:8]).
Adding EN signal on $memory\memory1.ram.main_memory[139]$706 ($dff) from module rv_core (D = \memory1.ram.data_i [23:16], Q = \memory1.ram.main_memory[139] [23:16]).
Adding EN signal on $memory\memory1.ram.main_memory[139]$706 ($dff) from module rv_core (D = \memory1.ram.data_i [31:24], Q = \memory1.ram.main_memory[139] [31:24]).
Adding EN signal on $memory\memory1.ram.main_memory[138]$704 ($dff) from module rv_core (D = \memory1.ram.data_i [7:0], Q = \memory1.ram.main_memory[138] [7:0]).
Adding EN signal on $memory\memory1.ram.main_memory[138]$704 ($dff) from module rv_core (D = \memory1.ram.data_i [15:8], Q = \memory1.ram.main_memory[138] [15:8]).
Adding EN signal on $memory\memory1.ram.main_memory[138]$704 ($dff) from module rv_core (D = \memory1.ram.data_i [23:16], Q = \memory1.ram.main_memory[138] [23:16]).
Adding EN signal on $memory\memory1.ram.main_memory[138]$704 ($dff) from module rv_core (D = \memory1.ram.data_i [31:24], Q = \memory1.ram.main_memory[138] [31:24]).
Adding EN signal on $memory\memory1.ram.main_memory[137]$702 ($dff) from module rv_core (D = \memory1.ram.data_i [7:0], Q = \memory1.ram.main_memory[137] [7:0]).
Adding EN signal on $memory\memory1.ram.main_memory[137]$702 ($dff) from module rv_core (D = \memory1.ram.data_i [15:8], Q = \memory1.ram.main_memory[137] [15:8]).
Adding EN signal on $memory\memory1.ram.main_memory[137]$702 ($dff) from module rv_core (D = \memory1.ram.data_i [23:16], Q = \memory1.ram.main_memory[137] [23:16]).
Adding EN signal on $memory\memory1.ram.main_memory[137]$702 ($dff) from module rv_core (D = \memory1.ram.data_i [31:24], Q = \memory1.ram.main_memory[137] [31:24]).
Adding EN signal on $memory\memory1.ram.main_memory[136]$700 ($dff) from module rv_core (D = \memory1.ram.data_i [7:0], Q = \memory1.ram.main_memory[136] [7:0]).
Adding EN signal on $memory\memory1.ram.main_memory[136]$700 ($dff) from module rv_core (D = \memory1.ram.data_i [15:8], Q = \memory1.ram.main_memory[136] [15:8]).
Adding EN signal on $memory\memory1.ram.main_memory[136]$700 ($dff) from module rv_core (D = \memory1.ram.data_i [23:16], Q = \memory1.ram.main_memory[136] [23:16]).
Adding EN signal on $memory\memory1.ram.main_memory[136]$700 ($dff) from module rv_core (D = \memory1.ram.data_i [31:24], Q = \memory1.ram.main_memory[136] [31:24]).
Adding EN signal on $memory\memory1.ram.main_memory[135]$698 ($dff) from module rv_core (D = \memory1.ram.data_i [7:0], Q = \memory1.ram.main_memory[135] [7:0]).
Adding EN signal on $memory\memory1.ram.main_memory[135]$698 ($dff) from module rv_core (D = \memory1.ram.data_i [15:8], Q = \memory1.ram.main_memory[135] [15:8]).
Adding EN signal on $memory\memory1.ram.main_memory[135]$698 ($dff) from module rv_core (D = \memory1.ram.data_i [23:16], Q = \memory1.ram.main_memory[135] [23:16]).
Adding EN signal on $memory\memory1.ram.main_memory[135]$698 ($dff) from module rv_core (D = \memory1.ram.data_i [31:24], Q = \memory1.ram.main_memory[135] [31:24]).
Adding EN signal on $memory\memory1.ram.main_memory[134]$696 ($dff) from module rv_core (D = \memory1.ram.data_i [7:0], Q = \memory1.ram.main_memory[134] [7:0]).
Adding EN signal on $memory\memory1.ram.main_memory[134]$696 ($dff) from module rv_core (D = \memory1.ram.data_i [15:8], Q = \memory1.ram.main_memory[134] [15:8]).
Adding EN signal on $memory\memory1.ram.main_memory[134]$696 ($dff) from module rv_core (D = \memory1.ram.data_i [23:16], Q = \memory1.ram.main_memory[134] [23:16]).
Adding EN signal on $memory\memory1.ram.main_memory[134]$696 ($dff) from module rv_core (D = \memory1.ram.data_i [31:24], Q = \memory1.ram.main_memory[134] [31:24]).
Adding EN signal on $memory\memory1.ram.main_memory[133]$694 ($dff) from module rv_core (D = \memory1.ram.data_i [7:0], Q = \memory1.ram.main_memory[133] [7:0]).
Adding EN signal on $memory\memory1.ram.main_memory[133]$694 ($dff) from module rv_core (D = \memory1.ram.data_i [15:8], Q = \memory1.ram.main_memory[133] [15:8]).
Adding EN signal on $memory\memory1.ram.main_memory[133]$694 ($dff) from module rv_core (D = \memory1.ram.data_i [23:16], Q = \memory1.ram.main_memory[133] [23:16]).
Adding EN signal on $memory\memory1.ram.main_memory[133]$694 ($dff) from module rv_core (D = \memory1.ram.data_i [31:24], Q = \memory1.ram.main_memory[133] [31:24]).
Adding EN signal on $memory\memory1.ram.main_memory[132]$692 ($dff) from module rv_core (D = \memory1.ram.data_i [7:0], Q = \memory1.ram.main_memory[132] [7:0]).
Adding EN signal on $memory\memory1.ram.main_memory[132]$692 ($dff) from module rv_core (D = \memory1.ram.data_i [15:8], Q = \memory1.ram.main_memory[132] [15:8]).
Adding EN signal on $memory\memory1.ram.main_memory[132]$692 ($dff) from module rv_core (D = \memory1.ram.data_i [23:16], Q = \memory1.ram.main_memory[132] [23:16]).
Adding EN signal on $memory\memory1.ram.main_memory[132]$692 ($dff) from module rv_core (D = \memory1.ram.data_i [31:24], Q = \memory1.ram.main_memory[132] [31:24]).
Adding EN signal on $memory\memory1.ram.main_memory[131]$690 ($dff) from module rv_core (D = \memory1.ram.data_i [7:0], Q = \memory1.ram.main_memory[131] [7:0]).
Adding EN signal on $memory\memory1.ram.main_memory[131]$690 ($dff) from module rv_core (D = \memory1.ram.data_i [15:8], Q = \memory1.ram.main_memory[131] [15:8]).
Adding EN signal on $memory\memory1.ram.main_memory[131]$690 ($dff) from module rv_core (D = \memory1.ram.data_i [23:16], Q = \memory1.ram.main_memory[131] [23:16]).
Adding EN signal on $memory\memory1.ram.main_memory[131]$690 ($dff) from module rv_core (D = \memory1.ram.data_i [31:24], Q = \memory1.ram.main_memory[131] [31:24]).
Adding EN signal on $memory\memory1.ram.main_memory[130]$688 ($dff) from module rv_core (D = \memory1.ram.data_i [7:0], Q = \memory1.ram.main_memory[130] [7:0]).
Adding EN signal on $memory\memory1.ram.main_memory[130]$688 ($dff) from module rv_core (D = \memory1.ram.data_i [15:8], Q = \memory1.ram.main_memory[130] [15:8]).
Adding EN signal on $memory\memory1.ram.main_memory[130]$688 ($dff) from module rv_core (D = \memory1.ram.data_i [23:16], Q = \memory1.ram.main_memory[130] [23:16]).
Adding EN signal on $memory\memory1.ram.main_memory[130]$688 ($dff) from module rv_core (D = \memory1.ram.data_i [31:24], Q = \memory1.ram.main_memory[130] [31:24]).
Adding EN signal on $memory\memory1.ram.main_memory[12]$452 ($dff) from module rv_core (D = \memory1.ram.data_i [7:0], Q = \memory1.ram.main_memory[12] [7:0]).
Adding EN signal on $memory\memory1.ram.main_memory[12]$452 ($dff) from module rv_core (D = \memory1.ram.data_i [15:8], Q = \memory1.ram.main_memory[12] [15:8]).
Adding EN signal on $memory\memory1.ram.main_memory[12]$452 ($dff) from module rv_core (D = \memory1.ram.data_i [23:16], Q = \memory1.ram.main_memory[12] [23:16]).
Adding EN signal on $memory\memory1.ram.main_memory[12]$452 ($dff) from module rv_core (D = \memory1.ram.data_i [31:24], Q = \memory1.ram.main_memory[12] [31:24]).
Adding EN signal on $memory\memory1.ram.main_memory[129]$686 ($dff) from module rv_core (D = \memory1.ram.data_i [7:0], Q = \memory1.ram.main_memory[129] [7:0]).
Adding EN signal on $memory\memory1.ram.main_memory[129]$686 ($dff) from module rv_core (D = \memory1.ram.data_i [15:8], Q = \memory1.ram.main_memory[129] [15:8]).
Adding EN signal on $memory\memory1.ram.main_memory[129]$686 ($dff) from module rv_core (D = \memory1.ram.data_i [23:16], Q = \memory1.ram.main_memory[129] [23:16]).
Adding EN signal on $memory\memory1.ram.main_memory[129]$686 ($dff) from module rv_core (D = \memory1.ram.data_i [31:24], Q = \memory1.ram.main_memory[129] [31:24]).
Adding EN signal on $memory\memory1.ram.main_memory[128]$684 ($dff) from module rv_core (D = \memory1.ram.data_i [7:0], Q = \memory1.ram.main_memory[128] [7:0]).
Adding EN signal on $memory\memory1.ram.main_memory[128]$684 ($dff) from module rv_core (D = \memory1.ram.data_i [15:8], Q = \memory1.ram.main_memory[128] [15:8]).
Adding EN signal on $memory\memory1.ram.main_memory[128]$684 ($dff) from module rv_core (D = \memory1.ram.data_i [23:16], Q = \memory1.ram.main_memory[128] [23:16]).
Adding EN signal on $memory\memory1.ram.main_memory[128]$684 ($dff) from module rv_core (D = \memory1.ram.data_i [31:24], Q = \memory1.ram.main_memory[128] [31:24]).
Adding EN signal on $memory\memory1.ram.main_memory[127]$682 ($dff) from module rv_core (D = \memory1.ram.data_i [7:0], Q = \memory1.ram.main_memory[127] [7:0]).
Adding EN signal on $memory\memory1.ram.main_memory[127]$682 ($dff) from module rv_core (D = \memory1.ram.data_i [15:8], Q = \memory1.ram.main_memory[127] [15:8]).
Adding EN signal on $memory\memory1.ram.main_memory[127]$682 ($dff) from module rv_core (D = \memory1.ram.data_i [23:16], Q = \memory1.ram.main_memory[127] [23:16]).
Adding EN signal on $memory\memory1.ram.main_memory[127]$682 ($dff) from module rv_core (D = \memory1.ram.data_i [31:24], Q = \memory1.ram.main_memory[127] [31:24]).
Adding EN signal on $memory\memory1.ram.main_memory[126]$680 ($dff) from module rv_core (D = \memory1.ram.data_i [7:0], Q = \memory1.ram.main_memory[126] [7:0]).
Adding EN signal on $memory\memory1.ram.main_memory[126]$680 ($dff) from module rv_core (D = \memory1.ram.data_i [15:8], Q = \memory1.ram.main_memory[126] [15:8]).
Adding EN signal on $memory\memory1.ram.main_memory[126]$680 ($dff) from module rv_core (D = \memory1.ram.data_i [23:16], Q = \memory1.ram.main_memory[126] [23:16]).
Adding EN signal on $memory\memory1.ram.main_memory[126]$680 ($dff) from module rv_core (D = \memory1.ram.data_i [31:24], Q = \memory1.ram.main_memory[126] [31:24]).
Adding EN signal on $memory\memory1.ram.main_memory[125]$678 ($dff) from module rv_core (D = \memory1.ram.data_i [7:0], Q = \memory1.ram.main_memory[125] [7:0]).
Adding EN signal on $memory\memory1.ram.main_memory[125]$678 ($dff) from module rv_core (D = \memory1.ram.data_i [15:8], Q = \memory1.ram.main_memory[125] [15:8]).
Adding EN signal on $memory\memory1.ram.main_memory[125]$678 ($dff) from module rv_core (D = \memory1.ram.data_i [23:16], Q = \memory1.ram.main_memory[125] [23:16]).
Adding EN signal on $memory\memory1.ram.main_memory[125]$678 ($dff) from module rv_core (D = \memory1.ram.data_i [31:24], Q = \memory1.ram.main_memory[125] [31:24]).
Adding EN signal on $memory\memory1.ram.main_memory[124]$676 ($dff) from module rv_core (D = \memory1.ram.data_i [7:0], Q = \memory1.ram.main_memory[124] [7:0]).
Adding EN signal on $memory\memory1.ram.main_memory[124]$676 ($dff) from module rv_core (D = \memory1.ram.data_i [15:8], Q = \memory1.ram.main_memory[124] [15:8]).
Adding EN signal on $memory\memory1.ram.main_memory[124]$676 ($dff) from module rv_core (D = \memory1.ram.data_i [23:16], Q = \memory1.ram.main_memory[124] [23:16]).
Adding EN signal on $memory\memory1.ram.main_memory[124]$676 ($dff) from module rv_core (D = \memory1.ram.data_i [31:24], Q = \memory1.ram.main_memory[124] [31:24]).
Adding EN signal on $memory\memory1.ram.main_memory[123]$674 ($dff) from module rv_core (D = \memory1.ram.data_i [7:0], Q = \memory1.ram.main_memory[123] [7:0]).
Adding EN signal on $memory\memory1.ram.main_memory[123]$674 ($dff) from module rv_core (D = \memory1.ram.data_i [15:8], Q = \memory1.ram.main_memory[123] [15:8]).
Adding EN signal on $memory\memory1.ram.main_memory[123]$674 ($dff) from module rv_core (D = \memory1.ram.data_i [23:16], Q = \memory1.ram.main_memory[123] [23:16]).
Adding EN signal on $memory\memory1.ram.main_memory[123]$674 ($dff) from module rv_core (D = \memory1.ram.data_i [31:24], Q = \memory1.ram.main_memory[123] [31:24]).
Adding EN signal on $memory\memory1.ram.main_memory[122]$672 ($dff) from module rv_core (D = \memory1.ram.data_i [7:0], Q = \memory1.ram.main_memory[122] [7:0]).
Adding EN signal on $memory\memory1.ram.main_memory[122]$672 ($dff) from module rv_core (D = \memory1.ram.data_i [15:8], Q = \memory1.ram.main_memory[122] [15:8]).
Adding EN signal on $memory\memory1.ram.main_memory[122]$672 ($dff) from module rv_core (D = \memory1.ram.data_i [23:16], Q = \memory1.ram.main_memory[122] [23:16]).
Adding EN signal on $memory\memory1.ram.main_memory[122]$672 ($dff) from module rv_core (D = \memory1.ram.data_i [31:24], Q = \memory1.ram.main_memory[122] [31:24]).
Adding EN signal on $memory\memory1.ram.main_memory[121]$670 ($dff) from module rv_core (D = \memory1.ram.data_i [7:0], Q = \memory1.ram.main_memory[121] [7:0]).
Adding EN signal on $memory\memory1.ram.main_memory[121]$670 ($dff) from module rv_core (D = \memory1.ram.data_i [15:8], Q = \memory1.ram.main_memory[121] [15:8]).
Adding EN signal on $memory\memory1.ram.main_memory[121]$670 ($dff) from module rv_core (D = \memory1.ram.data_i [23:16], Q = \memory1.ram.main_memory[121] [23:16]).
Adding EN signal on $memory\memory1.ram.main_memory[121]$670 ($dff) from module rv_core (D = \memory1.ram.data_i [31:24], Q = \memory1.ram.main_memory[121] [31:24]).
Adding EN signal on $memory\memory1.ram.main_memory[120]$668 ($dff) from module rv_core (D = \memory1.ram.data_i [7:0], Q = \memory1.ram.main_memory[120] [7:0]).
Adding EN signal on $memory\memory1.ram.main_memory[120]$668 ($dff) from module rv_core (D = \memory1.ram.data_i [15:8], Q = \memory1.ram.main_memory[120] [15:8]).
Adding EN signal on $memory\memory1.ram.main_memory[120]$668 ($dff) from module rv_core (D = \memory1.ram.data_i [23:16], Q = \memory1.ram.main_memory[120] [23:16]).
Adding EN signal on $memory\memory1.ram.main_memory[120]$668 ($dff) from module rv_core (D = \memory1.ram.data_i [31:24], Q = \memory1.ram.main_memory[120] [31:24]).
Adding EN signal on $memory\memory1.ram.main_memory[11]$450 ($dff) from module rv_core (D = \memory1.ram.data_i [7:0], Q = \memory1.ram.main_memory[11] [7:0]).
Adding EN signal on $memory\memory1.ram.main_memory[11]$450 ($dff) from module rv_core (D = \memory1.ram.data_i [15:8], Q = \memory1.ram.main_memory[11] [15:8]).
Adding EN signal on $memory\memory1.ram.main_memory[11]$450 ($dff) from module rv_core (D = \memory1.ram.data_i [23:16], Q = \memory1.ram.main_memory[11] [23:16]).
Adding EN signal on $memory\memory1.ram.main_memory[11]$450 ($dff) from module rv_core (D = \memory1.ram.data_i [31:24], Q = \memory1.ram.main_memory[11] [31:24]).
Adding EN signal on $memory\memory1.ram.main_memory[119]$666 ($dff) from module rv_core (D = \memory1.ram.data_i [7:0], Q = \memory1.ram.main_memory[119] [7:0]).
Adding EN signal on $memory\memory1.ram.main_memory[119]$666 ($dff) from module rv_core (D = \memory1.ram.data_i [15:8], Q = \memory1.ram.main_memory[119] [15:8]).
Adding EN signal on $memory\memory1.ram.main_memory[119]$666 ($dff) from module rv_core (D = \memory1.ram.data_i [23:16], Q = \memory1.ram.main_memory[119] [23:16]).
Adding EN signal on $memory\memory1.ram.main_memory[119]$666 ($dff) from module rv_core (D = \memory1.ram.data_i [31:24], Q = \memory1.ram.main_memory[119] [31:24]).
Adding EN signal on $memory\memory1.ram.main_memory[118]$664 ($dff) from module rv_core (D = \memory1.ram.data_i [7:0], Q = \memory1.ram.main_memory[118] [7:0]).
Adding EN signal on $memory\memory1.ram.main_memory[118]$664 ($dff) from module rv_core (D = \memory1.ram.data_i [15:8], Q = \memory1.ram.main_memory[118] [15:8]).
Adding EN signal on $memory\memory1.ram.main_memory[118]$664 ($dff) from module rv_core (D = \memory1.ram.data_i [23:16], Q = \memory1.ram.main_memory[118] [23:16]).
Adding EN signal on $memory\memory1.ram.main_memory[118]$664 ($dff) from module rv_core (D = \memory1.ram.data_i [31:24], Q = \memory1.ram.main_memory[118] [31:24]).
Adding EN signal on $memory\memory1.ram.main_memory[117]$662 ($dff) from module rv_core (D = \memory1.ram.data_i [7:0], Q = \memory1.ram.main_memory[117] [7:0]).
Adding EN signal on $memory\memory1.ram.main_memory[117]$662 ($dff) from module rv_core (D = \memory1.ram.data_i [15:8], Q = \memory1.ram.main_memory[117] [15:8]).
Adding EN signal on $memory\memory1.ram.main_memory[117]$662 ($dff) from module rv_core (D = \memory1.ram.data_i [23:16], Q = \memory1.ram.main_memory[117] [23:16]).
Adding EN signal on $memory\memory1.ram.main_memory[117]$662 ($dff) from module rv_core (D = \memory1.ram.data_i [31:24], Q = \memory1.ram.main_memory[117] [31:24]).
Adding EN signal on $memory\memory1.ram.main_memory[116]$660 ($dff) from module rv_core (D = \memory1.ram.data_i [7:0], Q = \memory1.ram.main_memory[116] [7:0]).
Adding EN signal on $memory\memory1.ram.main_memory[116]$660 ($dff) from module rv_core (D = \memory1.ram.data_i [15:8], Q = \memory1.ram.main_memory[116] [15:8]).
Adding EN signal on $memory\memory1.ram.main_memory[116]$660 ($dff) from module rv_core (D = \memory1.ram.data_i [23:16], Q = \memory1.ram.main_memory[116] [23:16]).
Adding EN signal on $memory\memory1.ram.main_memory[116]$660 ($dff) from module rv_core (D = \memory1.ram.data_i [31:24], Q = \memory1.ram.main_memory[116] [31:24]).
Adding EN signal on $memory\memory1.ram.main_memory[115]$658 ($dff) from module rv_core (D = \memory1.ram.data_i [7:0], Q = \memory1.ram.main_memory[115] [7:0]).
Adding EN signal on $memory\memory1.ram.main_memory[115]$658 ($dff) from module rv_core (D = \memory1.ram.data_i [15:8], Q = \memory1.ram.main_memory[115] [15:8]).
Adding EN signal on $memory\memory1.ram.main_memory[115]$658 ($dff) from module rv_core (D = \memory1.ram.data_i [23:16], Q = \memory1.ram.main_memory[115] [23:16]).
Adding EN signal on $memory\memory1.ram.main_memory[115]$658 ($dff) from module rv_core (D = \memory1.ram.data_i [31:24], Q = \memory1.ram.main_memory[115] [31:24]).
Adding EN signal on $memory\memory1.ram.main_memory[114]$656 ($dff) from module rv_core (D = \memory1.ram.data_i [7:0], Q = \memory1.ram.main_memory[114] [7:0]).
Adding EN signal on $memory\memory1.ram.main_memory[114]$656 ($dff) from module rv_core (D = \memory1.ram.data_i [15:8], Q = \memory1.ram.main_memory[114] [15:8]).
Adding EN signal on $memory\memory1.ram.main_memory[114]$656 ($dff) from module rv_core (D = \memory1.ram.data_i [23:16], Q = \memory1.ram.main_memory[114] [23:16]).
Adding EN signal on $memory\memory1.ram.main_memory[114]$656 ($dff) from module rv_core (D = \memory1.ram.data_i [31:24], Q = \memory1.ram.main_memory[114] [31:24]).
Adding EN signal on $memory\memory1.ram.main_memory[113]$654 ($dff) from module rv_core (D = \memory1.ram.data_i [7:0], Q = \memory1.ram.main_memory[113] [7:0]).
Adding EN signal on $memory\memory1.ram.main_memory[113]$654 ($dff) from module rv_core (D = \memory1.ram.data_i [15:8], Q = \memory1.ram.main_memory[113] [15:8]).
Adding EN signal on $memory\memory1.ram.main_memory[113]$654 ($dff) from module rv_core (D = \memory1.ram.data_i [23:16], Q = \memory1.ram.main_memory[113] [23:16]).
Adding EN signal on $memory\memory1.ram.main_memory[113]$654 ($dff) from module rv_core (D = \memory1.ram.data_i [31:24], Q = \memory1.ram.main_memory[113] [31:24]).
Adding EN signal on $memory\memory1.ram.main_memory[112]$652 ($dff) from module rv_core (D = \memory1.ram.data_i [7:0], Q = \memory1.ram.main_memory[112] [7:0]).
Adding EN signal on $memory\memory1.ram.main_memory[112]$652 ($dff) from module rv_core (D = \memory1.ram.data_i [15:8], Q = \memory1.ram.main_memory[112] [15:8]).
Adding EN signal on $memory\memory1.ram.main_memory[112]$652 ($dff) from module rv_core (D = \memory1.ram.data_i [23:16], Q = \memory1.ram.main_memory[112] [23:16]).
Adding EN signal on $memory\memory1.ram.main_memory[112]$652 ($dff) from module rv_core (D = \memory1.ram.data_i [31:24], Q = \memory1.ram.main_memory[112] [31:24]).
Adding EN signal on $memory\memory1.ram.main_memory[111]$650 ($dff) from module rv_core (D = \memory1.ram.data_i [7:0], Q = \memory1.ram.main_memory[111] [7:0]).
Adding EN signal on $memory\memory1.ram.main_memory[111]$650 ($dff) from module rv_core (D = \memory1.ram.data_i [15:8], Q = \memory1.ram.main_memory[111] [15:8]).
Adding EN signal on $memory\memory1.ram.main_memory[111]$650 ($dff) from module rv_core (D = \memory1.ram.data_i [23:16], Q = \memory1.ram.main_memory[111] [23:16]).
Adding EN signal on $memory\memory1.ram.main_memory[111]$650 ($dff) from module rv_core (D = \memory1.ram.data_i [31:24], Q = \memory1.ram.main_memory[111] [31:24]).
Adding EN signal on $memory\memory1.ram.main_memory[110]$648 ($dff) from module rv_core (D = \memory1.ram.data_i [7:0], Q = \memory1.ram.main_memory[110] [7:0]).
Adding EN signal on $memory\memory1.ram.main_memory[110]$648 ($dff) from module rv_core (D = \memory1.ram.data_i [15:8], Q = \memory1.ram.main_memory[110] [15:8]).
Adding EN signal on $memory\memory1.ram.main_memory[110]$648 ($dff) from module rv_core (D = \memory1.ram.data_i [23:16], Q = \memory1.ram.main_memory[110] [23:16]).
Adding EN signal on $memory\memory1.ram.main_memory[110]$648 ($dff) from module rv_core (D = \memory1.ram.data_i [31:24], Q = \memory1.ram.main_memory[110] [31:24]).
Adding EN signal on $memory\memory1.ram.main_memory[10]$448 ($dff) from module rv_core (D = \memory1.ram.data_i [7:0], Q = \memory1.ram.main_memory[10] [7:0]).
Adding EN signal on $memory\memory1.ram.main_memory[10]$448 ($dff) from module rv_core (D = \memory1.ram.data_i [15:8], Q = \memory1.ram.main_memory[10] [15:8]).
Adding EN signal on $memory\memory1.ram.main_memory[10]$448 ($dff) from module rv_core (D = \memory1.ram.data_i [23:16], Q = \memory1.ram.main_memory[10] [23:16]).
Adding EN signal on $memory\memory1.ram.main_memory[10]$448 ($dff) from module rv_core (D = \memory1.ram.data_i [31:24], Q = \memory1.ram.main_memory[10] [31:24]).
Adding EN signal on $memory\memory1.ram.main_memory[109]$646 ($dff) from module rv_core (D = \memory1.ram.data_i [7:0], Q = \memory1.ram.main_memory[109] [7:0]).
Adding EN signal on $memory\memory1.ram.main_memory[109]$646 ($dff) from module rv_core (D = \memory1.ram.data_i [15:8], Q = \memory1.ram.main_memory[109] [15:8]).
Adding EN signal on $memory\memory1.ram.main_memory[109]$646 ($dff) from module rv_core (D = \memory1.ram.data_i [23:16], Q = \memory1.ram.main_memory[109] [23:16]).
Adding EN signal on $memory\memory1.ram.main_memory[109]$646 ($dff) from module rv_core (D = \memory1.ram.data_i [31:24], Q = \memory1.ram.main_memory[109] [31:24]).
Adding EN signal on $memory\memory1.ram.main_memory[108]$644 ($dff) from module rv_core (D = \memory1.ram.data_i [7:0], Q = \memory1.ram.main_memory[108] [7:0]).
Adding EN signal on $memory\memory1.ram.main_memory[108]$644 ($dff) from module rv_core (D = \memory1.ram.data_i [15:8], Q = \memory1.ram.main_memory[108] [15:8]).
Adding EN signal on $memory\memory1.ram.main_memory[108]$644 ($dff) from module rv_core (D = \memory1.ram.data_i [23:16], Q = \memory1.ram.main_memory[108] [23:16]).
Adding EN signal on $memory\memory1.ram.main_memory[108]$644 ($dff) from module rv_core (D = \memory1.ram.data_i [31:24], Q = \memory1.ram.main_memory[108] [31:24]).
Adding EN signal on $memory\memory1.ram.main_memory[107]$642 ($dff) from module rv_core (D = \memory1.ram.data_i [7:0], Q = \memory1.ram.main_memory[107] [7:0]).
Adding EN signal on $memory\memory1.ram.main_memory[107]$642 ($dff) from module rv_core (D = \memory1.ram.data_i [15:8], Q = \memory1.ram.main_memory[107] [15:8]).
Adding EN signal on $memory\memory1.ram.main_memory[107]$642 ($dff) from module rv_core (D = \memory1.ram.data_i [23:16], Q = \memory1.ram.main_memory[107] [23:16]).
Adding EN signal on $memory\memory1.ram.main_memory[107]$642 ($dff) from module rv_core (D = \memory1.ram.data_i [31:24], Q = \memory1.ram.main_memory[107] [31:24]).
Adding EN signal on $memory\memory1.ram.main_memory[106]$640 ($dff) from module rv_core (D = \memory1.ram.data_i [7:0], Q = \memory1.ram.main_memory[106] [7:0]).
Adding EN signal on $memory\memory1.ram.main_memory[106]$640 ($dff) from module rv_core (D = \memory1.ram.data_i [15:8], Q = \memory1.ram.main_memory[106] [15:8]).
Adding EN signal on $memory\memory1.ram.main_memory[106]$640 ($dff) from module rv_core (D = \memory1.ram.data_i [23:16], Q = \memory1.ram.main_memory[106] [23:16]).
Adding EN signal on $memory\memory1.ram.main_memory[106]$640 ($dff) from module rv_core (D = \memory1.ram.data_i [31:24], Q = \memory1.ram.main_memory[106] [31:24]).
Adding EN signal on $memory\memory1.ram.main_memory[105]$638 ($dff) from module rv_core (D = \memory1.ram.data_i [7:0], Q = \memory1.ram.main_memory[105] [7:0]).
Adding EN signal on $memory\memory1.ram.main_memory[105]$638 ($dff) from module rv_core (D = \memory1.ram.data_i [15:8], Q = \memory1.ram.main_memory[105] [15:8]).
Adding EN signal on $memory\memory1.ram.main_memory[105]$638 ($dff) from module rv_core (D = \memory1.ram.data_i [23:16], Q = \memory1.ram.main_memory[105] [23:16]).
Adding EN signal on $memory\memory1.ram.main_memory[105]$638 ($dff) from module rv_core (D = \memory1.ram.data_i [31:24], Q = \memory1.ram.main_memory[105] [31:24]).
Adding EN signal on $memory\memory1.ram.main_memory[104]$636 ($dff) from module rv_core (D = \memory1.ram.data_i [7:0], Q = \memory1.ram.main_memory[104] [7:0]).
Adding EN signal on $memory\memory1.ram.main_memory[104]$636 ($dff) from module rv_core (D = \memory1.ram.data_i [15:8], Q = \memory1.ram.main_memory[104] [15:8]).
Adding EN signal on $memory\memory1.ram.main_memory[104]$636 ($dff) from module rv_core (D = \memory1.ram.data_i [23:16], Q = \memory1.ram.main_memory[104] [23:16]).
Adding EN signal on $memory\memory1.ram.main_memory[104]$636 ($dff) from module rv_core (D = \memory1.ram.data_i [31:24], Q = \memory1.ram.main_memory[104] [31:24]).
Adding EN signal on $memory\memory1.ram.main_memory[103]$634 ($dff) from module rv_core (D = \memory1.ram.data_i [7:0], Q = \memory1.ram.main_memory[103] [7:0]).
Adding EN signal on $memory\memory1.ram.main_memory[103]$634 ($dff) from module rv_core (D = \memory1.ram.data_i [15:8], Q = \memory1.ram.main_memory[103] [15:8]).
Adding EN signal on $memory\memory1.ram.main_memory[103]$634 ($dff) from module rv_core (D = \memory1.ram.data_i [23:16], Q = \memory1.ram.main_memory[103] [23:16]).
Adding EN signal on $memory\memory1.ram.main_memory[103]$634 ($dff) from module rv_core (D = \memory1.ram.data_i [31:24], Q = \memory1.ram.main_memory[103] [31:24]).
Adding EN signal on $memory\memory1.ram.main_memory[102]$632 ($dff) from module rv_core (D = \memory1.ram.data_i [7:0], Q = \memory1.ram.main_memory[102] [7:0]).
Adding EN signal on $memory\memory1.ram.main_memory[102]$632 ($dff) from module rv_core (D = \memory1.ram.data_i [15:8], Q = \memory1.ram.main_memory[102] [15:8]).
Adding EN signal on $memory\memory1.ram.main_memory[102]$632 ($dff) from module rv_core (D = \memory1.ram.data_i [23:16], Q = \memory1.ram.main_memory[102] [23:16]).
Adding EN signal on $memory\memory1.ram.main_memory[102]$632 ($dff) from module rv_core (D = \memory1.ram.data_i [31:24], Q = \memory1.ram.main_memory[102] [31:24]).
Adding EN signal on $memory\memory1.ram.main_memory[101]$630 ($dff) from module rv_core (D = \memory1.ram.data_i [7:0], Q = \memory1.ram.main_memory[101] [7:0]).
Adding EN signal on $memory\memory1.ram.main_memory[101]$630 ($dff) from module rv_core (D = \memory1.ram.data_i [15:8], Q = \memory1.ram.main_memory[101] [15:8]).
Adding EN signal on $memory\memory1.ram.main_memory[101]$630 ($dff) from module rv_core (D = \memory1.ram.data_i [23:16], Q = \memory1.ram.main_memory[101] [23:16]).
Adding EN signal on $memory\memory1.ram.main_memory[101]$630 ($dff) from module rv_core (D = \memory1.ram.data_i [31:24], Q = \memory1.ram.main_memory[101] [31:24]).
Adding EN signal on $memory\memory1.ram.main_memory[100]$628 ($dff) from module rv_core (D = \memory1.ram.data_i [7:0], Q = \memory1.ram.main_memory[100] [7:0]).
Adding EN signal on $memory\memory1.ram.main_memory[100]$628 ($dff) from module rv_core (D = \memory1.ram.data_i [15:8], Q = \memory1.ram.main_memory[100] [15:8]).
Adding EN signal on $memory\memory1.ram.main_memory[100]$628 ($dff) from module rv_core (D = \memory1.ram.data_i [23:16], Q = \memory1.ram.main_memory[100] [23:16]).
Adding EN signal on $memory\memory1.ram.main_memory[100]$628 ($dff) from module rv_core (D = \memory1.ram.data_i [31:24], Q = \memory1.ram.main_memory[100] [31:24]).
Adding EN signal on $memory\memory1.ram.main_memory[0]$428 ($dff) from module rv_core (D = \memory1.ram.data_i [7:0], Q = \memory1.ram.main_memory[0] [7:0]).
Adding EN signal on $memory\memory1.ram.main_memory[0]$428 ($dff) from module rv_core (D = \memory1.ram.data_i [15:8], Q = \memory1.ram.main_memory[0] [15:8]).
Adding EN signal on $memory\memory1.ram.main_memory[0]$428 ($dff) from module rv_core (D = \memory1.ram.data_i [23:16], Q = \memory1.ram.main_memory[0] [23:16]).
Adding EN signal on $memory\memory1.ram.main_memory[0]$428 ($dff) from module rv_core (D = \memory1.ram.data_i [31:24], Q = \memory1.ram.main_memory[0] [31:24]).

yosys> opt_clean

7.14. Executing OPT_CLEAN pass (remove unused cells and wires).
Finding unused cells or wires in module \rv_core..
Removed 1024 unused cells and 1024 unused wires.
<suppressed ~1025 debug messages>

yosys> opt_expr

7.15. Executing OPT_EXPR pass (perform const folding).
Optimizing module rv_core.

7.16. Rerunning OPT passes. (Maybe there is more to do..)

yosys> opt_muxtree

7.17. Executing OPT_MUXTREE pass (detect dead branches in mux trees).
Running muxtree optimizer on module \rv_core..
  Creating internal representation of mux trees.
  Evaluating internal representation of mux trees.
  Analyzing evaluation results.
Removed 0 multiplexer ports.
<suppressed ~627 debug messages>

yosys> opt_reduce

7.18. Executing OPT_REDUCE pass (consolidate $*mux and $reduce_* inputs).
  Optimizing cells in module \rv_core.
Performed a total of 0 changes.

yosys> opt_merge

7.19. Executing OPT_MERGE pass (detect identical cells).
Finding identical cells in module `\rv_core'.
Computing hashes of 3723 cells of `\rv_core'.
Finding duplicate cells in `\rv_core'.
Removed a total of 0 cells.

yosys> opt_dff

7.20. Executing OPT_DFF pass (perform DFF optimizations).

yosys> opt_clean

7.21. Executing OPT_CLEAN pass (remove unused cells and wires).
Finding unused cells or wires in module \rv_core..

yosys> opt_expr

7.22. Executing OPT_EXPR pass (perform const folding).
Optimizing module rv_core.

7.23. Finished fast OPT passes. (There is nothing left to do.)

yosys> fsm

8. Executing FSM pass (extract and optimize FSM).

yosys> fsm_detect

8.1. Executing FSM_DETECT pass (finding FSMs in design).
Found FSM state register rv_core.id_ex.alusel_o.
Not marking rv_core.id_ex.wbsel_o as FSM state register:
    Users of register don't seem to benefit from recoding.

yosys> fsm_extract

8.2. Executing FSM_EXTRACT pass (extracting FSM from design).
Extracting FSM `\id_ex.alusel_o' from module `\rv_core'.
  found $adff cell for state register: $driver$id_ex.alusel_o
  root of input selection tree: $id_ex.alusel_o$139
  found reset state: 4'1111 (from async reset)
  found ctrl input: \flush_id_ex
  found ctrl input: $auto$opt_reduce.cc:137:opt_pmux$380
  found ctrl input: $41y
  found ctrl input: $25y
  found state code: 4'0000
  found ctrl input: $procmux$224_CMP
  found ctrl input: $procmux$225_CMP
  found ctrl input: $procmux$212_CMP
  found ctrl input: $procmux$228_CMP
  found ctrl input: $procmux$229_CMP
  found ctrl input: $procmux$230_CMP
  found ctrl input: $procmux$231_CMP
  found ctrl input: $procmux$232_CMP
  found state code: 4'1001
  found state code: 4'1000
  found ctrl input: $70y
  found state code: 4'0110
  found state code: 4'0111
  found state code: 4'0101
  found state code: 4'0010
  found state code: 4'0011
  found state code: 4'0100
  found state code: 4'0001
  found ctrl output: $procmux$109_CMP
  found ctrl output: $procmux$110_CMP
  found ctrl output: $procmux$111_CMP
  found ctrl output: $procmux$112_CMP
  found ctrl output: $procmux$113_CMP
  found ctrl output: $procmux$114_CMP
  found ctrl output: $procmux$115_CMP
  found ctrl output: $procmux$116_CMP
  found ctrl output: $procmux$117_CMP
  found ctrl output: $procmux$118_CMP
  ctrl inputs: { $procmux$232_CMP $procmux$231_CMP $procmux$230_CMP $procmux$229_CMP $procmux$228_CMP $procmux$225_CMP $procmux$224_CMP $procmux$212_CMP $70y $41y $25y \flush_id_ex $auto$opt_reduce.cc:137:opt_pmux$380 }
  ctrl outputs: { $procmux$118_CMP $procmux$117_CMP $procmux$116_CMP $procmux$115_CMP $procmux$114_CMP $procmux$113_CMP $procmux$112_CMP $procmux$111_CMP $procmux$110_CMP $procmux$109_CMP $id_ex.alusel_o$139 }
  transition:     4'0000 13'---------0000 ->     4'1111 14'10000000001111
  transition:     4'0000 13'00000000--10- -> INVALID_STATE(4'x) 14'1000000000xxxx  <ignored invalid transition!>
  transition:     4'0000 13'1-------0-10- ->     4'0000 14'10000000000000
  transition:     4'0000 13'1-------1-10- ->     4'0001 14'10000000000001
  transition:     4'0000 13'-1--------10- ->     4'0100 14'10000000000100
  transition:     4'0000 13'--1-------10- ->     4'0011 14'10000000000011
  transition:     4'0000 13'---1------10- ->     4'0010 14'10000000000010
  transition:     4'0000 13'----1-----10- ->     4'0101 14'10000000000101
  transition:     4'0000 13'-------10-10- ->     4'0110 14'10000000000110
  transition:     4'0000 13'-------11-10- ->     4'0111 14'10000000000111
  transition:     4'0000 13'-----1----10- ->     4'1000 14'10000000001000
  transition:     4'0000 13'------1---10- ->     4'1001 14'10000000001001
  transition:     4'0000 13'00000000-1-0- -> INVALID_STATE(4'x) 14'1000000000xxxx  <ignored invalid transition!>
  transition:     4'0000 13'1--------1-0- ->     4'0000 14'10000000000000
  transition:     4'0000 13'-1-------1-0- ->     4'0100 14'10000000000100
  transition:     4'0000 13'--1------1-0- ->     4'0011 14'10000000000011
  transition:     4'0000 13'---1-----1-0- ->     4'0010 14'10000000000010
  transition:     4'0000 13'----1----1-0- ->     4'0101 14'10000000000101
  transition:     4'0000 13'-------101-0- ->     4'0110 14'10000000000110
  transition:     4'0000 13'-------111-0- ->     4'0111 14'10000000000111
  transition:     4'0000 13'-----1---1-0- ->     4'1000 14'10000000001000
  transition:     4'0000 13'------1--1-0- ->     4'1001 14'10000000001001
  transition:     4'0000 13'-----------01 ->     4'0000 14'10000000000000
  transition:     4'0000 13'-----------1- ->     4'1111 14'10000000001111
  transition:     4'1000 13'---------0000 ->     4'1111 14'00000000101111
  transition:     4'1000 13'00000000--10- -> INVALID_STATE(4'x) 14'0000000010xxxx  <ignored invalid transition!>
  transition:     4'1000 13'1-------0-10- ->     4'0000 14'00000000100000
  transition:     4'1000 13'1-------1-10- ->     4'0001 14'00000000100001
  transition:     4'1000 13'-1--------10- ->     4'0100 14'00000000100100
  transition:     4'1000 13'--1-------10- ->     4'0011 14'00000000100011
  transition:     4'1000 13'---1------10- ->     4'0010 14'00000000100010
  transition:     4'1000 13'----1-----10- ->     4'0101 14'00000000100101
  transition:     4'1000 13'-------10-10- ->     4'0110 14'00000000100110
  transition:     4'1000 13'-------11-10- ->     4'0111 14'00000000100111
  transition:     4'1000 13'-----1----10- ->     4'1000 14'00000000101000
  transition:     4'1000 13'------1---10- ->     4'1001 14'00000000101001
  transition:     4'1000 13'00000000-1-0- -> INVALID_STATE(4'x) 14'0000000010xxxx  <ignored invalid transition!>
  transition:     4'1000 13'1--------1-0- ->     4'0000 14'00000000100000
  transition:     4'1000 13'-1-------1-0- ->     4'0100 14'00000000100100
  transition:     4'1000 13'--1------1-0- ->     4'0011 14'00000000100011
  transition:     4'1000 13'---1-----1-0- ->     4'0010 14'00000000100010
  transition:     4'1000 13'----1----1-0- ->     4'0101 14'00000000100101
  transition:     4'1000 13'-------101-0- ->     4'0110 14'00000000100110
  transition:     4'1000 13'-------111-0- ->     4'0111 14'00000000100111
  transition:     4'1000 13'-----1---1-0- ->     4'1000 14'00000000101000
  transition:     4'1000 13'------1--1-0- ->     4'1001 14'00000000101001
  transition:     4'1000 13'-----------01 ->     4'0000 14'00000000100000
  transition:     4'1000 13'-----------1- ->     4'1111 14'00000000101111
  transition:     4'0100 13'---------0000 ->     4'1111 14'00001000001111
  transition:     4'0100 13'00000000--10- -> INVALID_STATE(4'x) 14'0000100000xxxx  <ignored invalid transition!>
  transition:     4'0100 13'1-------0-10- ->     4'0000 14'00001000000000
  transition:     4'0100 13'1-------1-10- ->     4'0001 14'00001000000001
  transition:     4'0100 13'-1--------10- ->     4'0100 14'00001000000100
  transition:     4'0100 13'--1-------10- ->     4'0011 14'00001000000011
  transition:     4'0100 13'---1------10- ->     4'0010 14'00001000000010
  transition:     4'0100 13'----1-----10- ->     4'0101 14'00001000000101
  transition:     4'0100 13'-------10-10- ->     4'0110 14'00001000000110
  transition:     4'0100 13'-------11-10- ->     4'0111 14'00001000000111
  transition:     4'0100 13'-----1----10- ->     4'1000 14'00001000001000
  transition:     4'0100 13'------1---10- ->     4'1001 14'00001000001001
  transition:     4'0100 13'00000000-1-0- -> INVALID_STATE(4'x) 14'0000100000xxxx  <ignored invalid transition!>
  transition:     4'0100 13'1--------1-0- ->     4'0000 14'00001000000000
  transition:     4'0100 13'-1-------1-0- ->     4'0100 14'00001000000100
  transition:     4'0100 13'--1------1-0- ->     4'0011 14'00001000000011
  transition:     4'0100 13'---1-----1-0- ->     4'0010 14'00001000000010
  transition:     4'0100 13'----1----1-0- ->     4'0101 14'00001000000101
  transition:     4'0100 13'-------101-0- ->     4'0110 14'00001000000110
  transition:     4'0100 13'-------111-0- ->     4'0111 14'00001000000111
  transition:     4'0100 13'-----1---1-0- ->     4'1000 14'00001000001000
  transition:     4'0100 13'------1--1-0- ->     4'1001 14'00001000001001
  transition:     4'0100 13'-----------01 ->     4'0000 14'00001000000000
  transition:     4'0100 13'-----------1- ->     4'1111 14'00001000001111
  transition:     4'0010 13'---------0000 ->     4'1111 14'00100000001111
  transition:     4'0010 13'00000000--10- -> INVALID_STATE(4'x) 14'0010000000xxxx  <ignored invalid transition!>
  transition:     4'0010 13'1-------0-10- ->     4'0000 14'00100000000000
  transition:     4'0010 13'1-------1-10- ->     4'0001 14'00100000000001
  transition:     4'0010 13'-1--------10- ->     4'0100 14'00100000000100
  transition:     4'0010 13'--1-------10- ->     4'0011 14'00100000000011
  transition:     4'0010 13'---1------10- ->     4'0010 14'00100000000010
  transition:     4'0010 13'----1-----10- ->     4'0101 14'00100000000101
  transition:     4'0010 13'-------10-10- ->     4'0110 14'00100000000110
  transition:     4'0010 13'-------11-10- ->     4'0111 14'00100000000111
  transition:     4'0010 13'-----1----10- ->     4'1000 14'00100000001000
  transition:     4'0010 13'------1---10- ->     4'1001 14'00100000001001
  transition:     4'0010 13'00000000-1-0- -> INVALID_STATE(4'x) 14'0010000000xxxx  <ignored invalid transition!>
  transition:     4'0010 13'1--------1-0- ->     4'0000 14'00100000000000
  transition:     4'0010 13'-1-------1-0- ->     4'0100 14'00100000000100
  transition:     4'0010 13'--1------1-0- ->     4'0011 14'00100000000011
  transition:     4'0010 13'---1-----1-0- ->     4'0010 14'00100000000010
  transition:     4'0010 13'----1----1-0- ->     4'0101 14'00100000000101
  transition:     4'0010 13'-------101-0- ->     4'0110 14'00100000000110
  transition:     4'0010 13'-------111-0- ->     4'0111 14'00100000000111
  transition:     4'0010 13'-----1---1-0- ->     4'1000 14'00100000001000
  transition:     4'0010 13'------1--1-0- ->     4'1001 14'00100000001001
  transition:     4'0010 13'-----------01 ->     4'0000 14'00100000000000
  transition:     4'0010 13'-----------1- ->     4'1111 14'00100000001111
  transition:     4'0110 13'---------0000 ->     4'1111 14'00000010001111
  transition:     4'0110 13'00000000--10- -> INVALID_STATE(4'x) 14'0000001000xxxx  <ignored invalid transition!>
  transition:     4'0110 13'1-------0-10- ->     4'0000 14'00000010000000
  transition:     4'0110 13'1-------1-10- ->     4'0001 14'00000010000001
  transition:     4'0110 13'-1--------10- ->     4'0100 14'00000010000100
  transition:     4'0110 13'--1-------10- ->     4'0011 14'00000010000011
  transition:     4'0110 13'---1------10- ->     4'0010 14'00000010000010
  transition:     4'0110 13'----1-----10- ->     4'0101 14'00000010000101
  transition:     4'0110 13'-------10-10- ->     4'0110 14'00000010000110
  transition:     4'0110 13'-------11-10- ->     4'0111 14'00000010000111
  transition:     4'0110 13'-----1----10- ->     4'1000 14'00000010001000
  transition:     4'0110 13'------1---10- ->     4'1001 14'00000010001001
  transition:     4'0110 13'00000000-1-0- -> INVALID_STATE(4'x) 14'0000001000xxxx  <ignored invalid transition!>
  transition:     4'0110 13'1--------1-0- ->     4'0000 14'00000010000000
  transition:     4'0110 13'-1-------1-0- ->     4'0100 14'00000010000100
  transition:     4'0110 13'--1------1-0- ->     4'0011 14'00000010000011
  transition:     4'0110 13'---1-----1-0- ->     4'0010 14'00000010000010
  transition:     4'0110 13'----1----1-0- ->     4'0101 14'00000010000101
  transition:     4'0110 13'-------101-0- ->     4'0110 14'00000010000110
  transition:     4'0110 13'-------111-0- ->     4'0111 14'00000010000111
  transition:     4'0110 13'-----1---1-0- ->     4'1000 14'00000010001000
  transition:     4'0110 13'------1--1-0- ->     4'1001 14'00000010001001
  transition:     4'0110 13'-----------01 ->     4'0000 14'00000010000000
  transition:     4'0110 13'-----------1- ->     4'1111 14'00000010001111
  transition:     4'0001 13'---------0000 ->     4'1111 14'01000000001111
  transition:     4'0001 13'00000000--10- -> INVALID_STATE(4'x) 14'0100000000xxxx  <ignored invalid transition!>
  transition:     4'0001 13'1-------0-10- ->     4'0000 14'01000000000000
  transition:     4'0001 13'1-------1-10- ->     4'0001 14'01000000000001
  transition:     4'0001 13'-1--------10- ->     4'0100 14'01000000000100
  transition:     4'0001 13'--1-------10- ->     4'0011 14'01000000000011
  transition:     4'0001 13'---1------10- ->     4'0010 14'01000000000010
  transition:     4'0001 13'----1-----10- ->     4'0101 14'01000000000101
  transition:     4'0001 13'-------10-10- ->     4'0110 14'01000000000110
  transition:     4'0001 13'-------11-10- ->     4'0111 14'01000000000111
  transition:     4'0001 13'-----1----10- ->     4'1000 14'01000000001000
  transition:     4'0001 13'------1---10- ->     4'1001 14'01000000001001
  transition:     4'0001 13'00000000-1-0- -> INVALID_STATE(4'x) 14'0100000000xxxx  <ignored invalid transition!>
  transition:     4'0001 13'1--------1-0- ->     4'0000 14'01000000000000
  transition:     4'0001 13'-1-------1-0- ->     4'0100 14'01000000000100
  transition:     4'0001 13'--1------1-0- ->     4'0011 14'01000000000011
  transition:     4'0001 13'---1-----1-0- ->     4'0010 14'01000000000010
  transition:     4'0001 13'----1----1-0- ->     4'0101 14'01000000000101
  transition:     4'0001 13'-------101-0- ->     4'0110 14'01000000000110
  transition:     4'0001 13'-------111-0- ->     4'0111 14'01000000000111
  transition:     4'0001 13'-----1---1-0- ->     4'1000 14'01000000001000
  transition:     4'0001 13'------1--1-0- ->     4'1001 14'01000000001001
  transition:     4'0001 13'-----------01 ->     4'0000 14'01000000000000
  transition:     4'0001 13'-----------1- ->     4'1111 14'01000000001111
  transition:     4'1001 13'---------0000 ->     4'1111 14'00000000011111
  transition:     4'1001 13'00000000--10- -> INVALID_STATE(4'x) 14'0000000001xxxx  <ignored invalid transition!>
  transition:     4'1001 13'1-------0-10- ->     4'0000 14'00000000010000
  transition:     4'1001 13'1-------1-10- ->     4'0001 14'00000000010001
  transition:     4'1001 13'-1--------10- ->     4'0100 14'00000000010100
  transition:     4'1001 13'--1-------10- ->     4'0011 14'00000000010011
  transition:     4'1001 13'---1------10- ->     4'0010 14'00000000010010
  transition:     4'1001 13'----1-----10- ->     4'0101 14'00000000010101
  transition:     4'1001 13'-------10-10- ->     4'0110 14'00000000010110
  transition:     4'1001 13'-------11-10- ->     4'0111 14'00000000010111
  transition:     4'1001 13'-----1----10- ->     4'1000 14'00000000011000
  transition:     4'1001 13'------1---10- ->     4'1001 14'00000000011001
  transition:     4'1001 13'00000000-1-0- -> INVALID_STATE(4'x) 14'0000000001xxxx  <ignored invalid transition!>
  transition:     4'1001 13'1--------1-0- ->     4'0000 14'00000000010000
  transition:     4'1001 13'-1-------1-0- ->     4'0100 14'00000000010100
  transition:     4'1001 13'--1------1-0- ->     4'0011 14'00000000010011
  transition:     4'1001 13'---1-----1-0- ->     4'0010 14'00000000010010
  transition:     4'1001 13'----1----1-0- ->     4'0101 14'00000000010101
  transition:     4'1001 13'-------101-0- ->     4'0110 14'00000000010110
  transition:     4'1001 13'-------111-0- ->     4'0111 14'00000000010111
  transition:     4'1001 13'-----1---1-0- ->     4'1000 14'00000000011000
  transition:     4'1001 13'------1--1-0- ->     4'1001 14'00000000011001
  transition:     4'1001 13'-----------01 ->     4'0000 14'00000000010000
  transition:     4'1001 13'-----------1- ->     4'1111 14'00000000011111
  transition:     4'0101 13'---------0000 ->     4'1111 14'00000100001111
  transition:     4'0101 13'00000000--10- -> INVALID_STATE(4'x) 14'0000010000xxxx  <ignored invalid transition!>
  transition:     4'0101 13'1-------0-10- ->     4'0000 14'00000100000000
  transition:     4'0101 13'1-------1-10- ->     4'0001 14'00000100000001
  transition:     4'0101 13'-1--------10- ->     4'0100 14'00000100000100
  transition:     4'0101 13'--1-------10- ->     4'0011 14'00000100000011
  transition:     4'0101 13'---1------10- ->     4'0010 14'00000100000010
  transition:     4'0101 13'----1-----10- ->     4'0101 14'00000100000101
  transition:     4'0101 13'-------10-10- ->     4'0110 14'00000100000110
  transition:     4'0101 13'-------11-10- ->     4'0111 14'00000100000111
  transition:     4'0101 13'-----1----10- ->     4'1000 14'00000100001000
  transition:     4'0101 13'------1---10- ->     4'1001 14'00000100001001
  transition:     4'0101 13'00000000-1-0- -> INVALID_STATE(4'x) 14'0000010000xxxx  <ignored invalid transition!>
  transition:     4'0101 13'1--------1-0- ->     4'0000 14'00000100000000
  transition:     4'0101 13'-1-------1-0- ->     4'0100 14'00000100000100
  transition:     4'0101 13'--1------1-0- ->     4'0011 14'00000100000011
  transition:     4'0101 13'---1-----1-0- ->     4'0010 14'00000100000010
  transition:     4'0101 13'----1----1-0- ->     4'0101 14'00000100000101
  transition:     4'0101 13'-------101-0- ->     4'0110 14'00000100000110
  transition:     4'0101 13'-------111-0- ->     4'0111 14'00000100000111
  transition:     4'0101 13'-----1---1-0- ->     4'1000 14'00000100001000
  transition:     4'0101 13'------1--1-0- ->     4'1001 14'00000100001001
  transition:     4'0101 13'-----------01 ->     4'0000 14'00000100000000
  transition:     4'0101 13'-----------1- ->     4'1111 14'00000100001111
  transition:     4'0011 13'---------0000 ->     4'1111 14'00010000001111
  transition:     4'0011 13'00000000--10- -> INVALID_STATE(4'x) 14'0001000000xxxx  <ignored invalid transition!>
  transition:     4'0011 13'1-------0-10- ->     4'0000 14'00010000000000
  transition:     4'0011 13'1-------1-10- ->     4'0001 14'00010000000001
  transition:     4'0011 13'-1--------10- ->     4'0100 14'00010000000100
  transition:     4'0011 13'--1-------10- ->     4'0011 14'00010000000011
  transition:     4'0011 13'---1------10- ->     4'0010 14'00010000000010
  transition:     4'0011 13'----1-----10- ->     4'0101 14'00010000000101
  transition:     4'0011 13'-------10-10- ->     4'0110 14'00010000000110
  transition:     4'0011 13'-------11-10- ->     4'0111 14'00010000000111
  transition:     4'0011 13'-----1----10- ->     4'1000 14'00010000001000
  transition:     4'0011 13'------1---10- ->     4'1001 14'00010000001001
  transition:     4'0011 13'00000000-1-0- -> INVALID_STATE(4'x) 14'0001000000xxxx  <ignored invalid transition!>
  transition:     4'0011 13'1--------1-0- ->     4'0000 14'00010000000000
  transition:     4'0011 13'-1-------1-0- ->     4'0100 14'00010000000100
  transition:     4'0011 13'--1------1-0- ->     4'0011 14'00010000000011
  transition:     4'0011 13'---1-----1-0- ->     4'0010 14'00010000000010
  transition:     4'0011 13'----1----1-0- ->     4'0101 14'00010000000101
  transition:     4'0011 13'-------101-0- ->     4'0110 14'00010000000110
  transition:     4'0011 13'-------111-0- ->     4'0111 14'00010000000111
  transition:     4'0011 13'-----1---1-0- ->     4'1000 14'00010000001000
  transition:     4'0011 13'------1--1-0- ->     4'1001 14'00010000001001
  transition:     4'0011 13'-----------01 ->     4'0000 14'00010000000000
  transition:     4'0011 13'-----------1- ->     4'1111 14'00010000001111
  transition:     4'0111 13'---------0000 ->     4'1111 14'00000001001111
  transition:     4'0111 13'00000000--10- -> INVALID_STATE(4'x) 14'0000000100xxxx  <ignored invalid transition!>
  transition:     4'0111 13'1-------0-10- ->     4'0000 14'00000001000000
  transition:     4'0111 13'1-------1-10- ->     4'0001 14'00000001000001
  transition:     4'0111 13'-1--------10- ->     4'0100 14'00000001000100
  transition:     4'0111 13'--1-------10- ->     4'0011 14'00000001000011
  transition:     4'0111 13'---1------10- ->     4'0010 14'00000001000010
  transition:     4'0111 13'----1-----10- ->     4'0101 14'00000001000101
  transition:     4'0111 13'-------10-10- ->     4'0110 14'00000001000110
  transition:     4'0111 13'-------11-10- ->     4'0111 14'00000001000111
  transition:     4'0111 13'-----1----10- ->     4'1000 14'00000001001000
  transition:     4'0111 13'------1---10- ->     4'1001 14'00000001001001
  transition:     4'0111 13'00000000-1-0- -> INVALID_STATE(4'x) 14'0000000100xxxx  <ignored invalid transition!>
  transition:     4'0111 13'1--------1-0- ->     4'0000 14'00000001000000
  transition:     4'0111 13'-1-------1-0- ->     4'0100 14'00000001000100
  transition:     4'0111 13'--1------1-0- ->     4'0011 14'00000001000011
  transition:     4'0111 13'---1-----1-0- ->     4'0010 14'00000001000010
  transition:     4'0111 13'----1----1-0- ->     4'0101 14'00000001000101
  transition:     4'0111 13'-------101-0- ->     4'0110 14'00000001000110
  transition:     4'0111 13'-------111-0- ->     4'0111 14'00000001000111
  transition:     4'0111 13'-----1---1-0- ->     4'1000 14'00000001001000
  transition:     4'0111 13'------1--1-0- ->     4'1001 14'00000001001001
  transition:     4'0111 13'-----------01 ->     4'0000 14'00000001000000
  transition:     4'0111 13'-----------1- ->     4'1111 14'00000001001111
  transition:     4'1111 13'---------0000 ->     4'1111 14'00000000001111
  transition:     4'1111 13'00000000--10- -> INVALID_STATE(4'x) 14'0000000000xxxx  <ignored invalid transition!>
  transition:     4'1111 13'1-------0-10- ->     4'0000 14'00000000000000
  transition:     4'1111 13'1-------1-10- ->     4'0001 14'00000000000001
  transition:     4'1111 13'-1--------10- ->     4'0100 14'00000000000100
  transition:     4'1111 13'--1-------10- ->     4'0011 14'00000000000011
  transition:     4'1111 13'---1------10- ->     4'0010 14'00000000000010
  transition:     4'1111 13'----1-----10- ->     4'0101 14'00000000000101
  transition:     4'1111 13'-------10-10- ->     4'0110 14'00000000000110
  transition:     4'1111 13'-------11-10- ->     4'0111 14'00000000000111
  transition:     4'1111 13'-----1----10- ->     4'1000 14'00000000001000
  transition:     4'1111 13'------1---10- ->     4'1001 14'00000000001001
  transition:     4'1111 13'00000000-1-0- -> INVALID_STATE(4'x) 14'0000000000xxxx  <ignored invalid transition!>
  transition:     4'1111 13'1--------1-0- ->     4'0000 14'00000000000000
  transition:     4'1111 13'-1-------1-0- ->     4'0100 14'00000000000100
  transition:     4'1111 13'--1------1-0- ->     4'0011 14'00000000000011
  transition:     4'1111 13'---1-----1-0- ->     4'0010 14'00000000000010
  transition:     4'1111 13'----1----1-0- ->     4'0101 14'00000000000101
  transition:     4'1111 13'-------101-0- ->     4'0110 14'00000000000110
  transition:     4'1111 13'-------111-0- ->     4'0111 14'00000000000111
  transition:     4'1111 13'-----1---1-0- ->     4'1000 14'00000000001000
  transition:     4'1111 13'------1--1-0- ->     4'1001 14'00000000001001
  transition:     4'1111 13'-----------01 ->     4'0000 14'00000000000000
  transition:     4'1111 13'-----------1- ->     4'1111 14'00000000001111

yosys> fsm_opt

8.3. Executing FSM_OPT pass (simple optimizations of FSMs).
Optimizing FSM `$fsm$\id_ex.alusel_o$9344' from module `\rv_core'.

yosys> opt_clean

8.4. Executing OPT_CLEAN pass (remove unused cells and wires).
Finding unused cells or wires in module \rv_core..
Removed 17 unused cells and 21 unused wires.
<suppressed ~23 debug messages>

yosys> fsm_opt

8.5. Executing FSM_OPT pass (simple optimizations of FSMs).
Optimizing FSM `$fsm$\id_ex.alusel_o$9344' from module `\rv_core'.
  Removing unused output signal $id_ex.alusel_o$139 [0].
  Removing unused output signal $id_ex.alusel_o$139 [1].
  Removing unused output signal $id_ex.alusel_o$139 [2].
  Removing unused output signal $id_ex.alusel_o$139 [3].

yosys> fsm_recode

8.6. Executing FSM_RECODE pass (re-assigning FSM state encoding).
Recoding FSM `$fsm$\id_ex.alusel_o$9344' from module `\rv_core' using `auto' encoding:
  mapping auto encoding to `one-hot` for this FSM.
  0000 -> ---------1-
  1000 -> --------1--
  0100 -> -------1---
  0010 -> ------1----
  0110 -> -----1-----
  0001 -> ----1------
  1001 -> ---1-------
  0101 -> --1--------
  0011 -> -1---------
  0111 -> 1----------
  1111 -> ----------1

yosys> fsm_info

8.7. Executing FSM_INFO pass (dumping all available information on FSM cells).

FSM `$fsm$\id_ex.alusel_o$9344' from module `rv_core':
-------------------------------------

  Information on FSM $fsm$\id_ex.alusel_o$9344 (\id_ex.alusel_o):

  Number of input signals:   13
  Number of output signals:  10
  Number of state bits:      11

  Input signals:
    0: $auto$opt_reduce.cc:137:opt_pmux$380
    1: \flush_id_ex
    2: $25y
    3: $41y
    4: $70y
    5: $procmux$212_CMP
    6: $procmux$224_CMP
    7: $procmux$225_CMP
    8: $procmux$228_CMP
    9: $procmux$229_CMP
   10: $procmux$230_CMP
   11: $procmux$231_CMP
   12: $procmux$232_CMP

  Output signals:
    0: $procmux$109_CMP
    1: $procmux$110_CMP
    2: $procmux$111_CMP
    3: $procmux$112_CMP
    4: $procmux$113_CMP
    5: $procmux$114_CMP
    6: $procmux$115_CMP
    7: $procmux$116_CMP
    8: $procmux$117_CMP
    9: $procmux$118_CMP

  State encoding:
    0: 11'---------1-
    1: 11'--------1--
    2: 11'-------1---
    3: 11'------1----
    4: 11'-----1-----
    5: 11'----1------
    6: 11'---1-------
    7: 11'--1--------
    8: 11'-1---------
    9: 11'1----------
   10: 11'----------1  <RESET STATE>

  Transition Table (state_in, ctrl_in, state_out, ctrl_out):
      0:     0 13'-----------01   ->     0 10'1000000000
      1:     0 13'1-------0-10-   ->     0 10'1000000000
      2:     0 13'1--------1-0-   ->     0 10'1000000000
      3:     0 13'-----1----10-   ->     1 10'1000000000
      4:     0 13'-----1---1-0-   ->     1 10'1000000000
      5:     0 13'-1--------10-   ->     2 10'1000000000
      6:     0 13'-1-------1-0-   ->     2 10'1000000000
      7:     0 13'---1------10-   ->     3 10'1000000000
      8:     0 13'---1-----1-0-   ->     3 10'1000000000
      9:     0 13'-------10-10-   ->     4 10'1000000000
     10:     0 13'-------101-0-   ->     4 10'1000000000
     11:     0 13'1-------1-10-   ->     5 10'1000000000
     12:     0 13'------1---10-   ->     6 10'1000000000
     13:     0 13'------1--1-0-   ->     6 10'1000000000
     14:     0 13'----1-----10-   ->     7 10'1000000000
     15:     0 13'----1----1-0-   ->     7 10'1000000000
     16:     0 13'--1-------10-   ->     8 10'1000000000
     17:     0 13'--1------1-0-   ->     8 10'1000000000
     18:     0 13'-------11-10-   ->     9 10'1000000000
     19:     0 13'-------111-0-   ->     9 10'1000000000
     20:     0 13'---------0000   ->    10 10'1000000000
     21:     0 13'-----------1-   ->    10 10'1000000000
     22:     1 13'-----------01   ->     0 10'0000000010
     23:     1 13'1-------0-10-   ->     0 10'0000000010
     24:     1 13'1--------1-0-   ->     0 10'0000000010
     25:     1 13'-----1----10-   ->     1 10'0000000010
     26:     1 13'-----1---1-0-   ->     1 10'0000000010
     27:     1 13'-1--------10-   ->     2 10'0000000010
     28:     1 13'-1-------1-0-   ->     2 10'0000000010
     29:     1 13'---1------10-   ->     3 10'0000000010
     30:     1 13'---1-----1-0-   ->     3 10'0000000010
     31:     1 13'-------10-10-   ->     4 10'0000000010
     32:     1 13'-------101-0-   ->     4 10'0000000010
     33:     1 13'1-------1-10-   ->     5 10'0000000010
     34:     1 13'------1---10-   ->     6 10'0000000010
     35:     1 13'------1--1-0-   ->     6 10'0000000010
     36:     1 13'----1-----10-   ->     7 10'0000000010
     37:     1 13'----1----1-0-   ->     7 10'0000000010
     38:     1 13'--1-------10-   ->     8 10'0000000010
     39:     1 13'--1------1-0-   ->     8 10'0000000010
     40:     1 13'-------11-10-   ->     9 10'0000000010
     41:     1 13'-------111-0-   ->     9 10'0000000010
     42:     1 13'---------0000   ->    10 10'0000000010
     43:     1 13'-----------1-   ->    10 10'0000000010
     44:     2 13'-----------01   ->     0 10'0000100000
     45:     2 13'1-------0-10-   ->     0 10'0000100000
     46:     2 13'1--------1-0-   ->     0 10'0000100000
     47:     2 13'-----1----10-   ->     1 10'0000100000
     48:     2 13'-----1---1-0-   ->     1 10'0000100000
     49:     2 13'-1--------10-   ->     2 10'0000100000
     50:     2 13'-1-------1-0-   ->     2 10'0000100000
     51:     2 13'---1------10-   ->     3 10'0000100000
     52:     2 13'---1-----1-0-   ->     3 10'0000100000
     53:     2 13'-------10-10-   ->     4 10'0000100000
     54:     2 13'-------101-0-   ->     4 10'0000100000
     55:     2 13'1-------1-10-   ->     5 10'0000100000
     56:     2 13'------1---10-   ->     6 10'0000100000
     57:     2 13'------1--1-0-   ->     6 10'0000100000
     58:     2 13'----1-----10-   ->     7 10'0000100000
     59:     2 13'----1----1-0-   ->     7 10'0000100000
     60:     2 13'--1-------10-   ->     8 10'0000100000
     61:     2 13'--1------1-0-   ->     8 10'0000100000
     62:     2 13'-------11-10-   ->     9 10'0000100000
     63:     2 13'-------111-0-   ->     9 10'0000100000
     64:     2 13'---------0000   ->    10 10'0000100000
     65:     2 13'-----------1-   ->    10 10'0000100000
     66:     3 13'-----------01   ->     0 10'0010000000
     67:     3 13'1-------0-10-   ->     0 10'0010000000
     68:     3 13'1--------1-0-   ->     0 10'0010000000
     69:     3 13'-----1----10-   ->     1 10'0010000000
     70:     3 13'-----1---1-0-   ->     1 10'0010000000
     71:     3 13'-1--------10-   ->     2 10'0010000000
     72:     3 13'-1-------1-0-   ->     2 10'0010000000
     73:     3 13'---1------10-   ->     3 10'0010000000
     74:     3 13'---1-----1-0-   ->     3 10'0010000000
     75:     3 13'-------10-10-   ->     4 10'0010000000
     76:     3 13'-------101-0-   ->     4 10'0010000000
     77:     3 13'1-------1-10-   ->     5 10'0010000000
     78:     3 13'------1---10-   ->     6 10'0010000000
     79:     3 13'------1--1-0-   ->     6 10'0010000000
     80:     3 13'----1-----10-   ->     7 10'0010000000
     81:     3 13'----1----1-0-   ->     7 10'0010000000
     82:     3 13'--1-------10-   ->     8 10'0010000000
     83:     3 13'--1------1-0-   ->     8 10'0010000000
     84:     3 13'-------11-10-   ->     9 10'0010000000
     85:     3 13'-------111-0-   ->     9 10'0010000000
     86:     3 13'---------0000   ->    10 10'0010000000
     87:     3 13'-----------1-   ->    10 10'0010000000
     88:     4 13'-----------01   ->     0 10'0000001000
     89:     4 13'1-------0-10-   ->     0 10'0000001000
     90:     4 13'1--------1-0-   ->     0 10'0000001000
     91:     4 13'-----1----10-   ->     1 10'0000001000
     92:     4 13'-----1---1-0-   ->     1 10'0000001000
     93:     4 13'-1--------10-   ->     2 10'0000001000
     94:     4 13'-1-------1-0-   ->     2 10'0000001000
     95:     4 13'---1------10-   ->     3 10'0000001000
     96:     4 13'---1-----1-0-   ->     3 10'0000001000
     97:     4 13'-------10-10-   ->     4 10'0000001000
     98:     4 13'-------101-0-   ->     4 10'0000001000
     99:     4 13'1-------1-10-   ->     5 10'0000001000
    100:     4 13'------1---10-   ->     6 10'0000001000
    101:     4 13'------1--1-0-   ->     6 10'0000001000
    102:     4 13'----1-----10-   ->     7 10'0000001000
    103:     4 13'----1----1-0-   ->     7 10'0000001000
    104:     4 13'--1-------10-   ->     8 10'0000001000
    105:     4 13'--1------1-0-   ->     8 10'0000001000
    106:     4 13'-------11-10-   ->     9 10'0000001000
    107:     4 13'-------111-0-   ->     9 10'0000001000
    108:     4 13'---------0000   ->    10 10'0000001000
    109:     4 13'-----------1-   ->    10 10'0000001000
    110:     5 13'-----------01   ->     0 10'0100000000
    111:     5 13'1-------0-10-   ->     0 10'0100000000
    112:     5 13'1--------1-0-   ->     0 10'0100000000
    113:     5 13'-----1----10-   ->     1 10'0100000000
    114:     5 13'-----1---1-0-   ->     1 10'0100000000
    115:     5 13'-1--------10-   ->     2 10'0100000000
    116:     5 13'-1-------1-0-   ->     2 10'0100000000
    117:     5 13'---1------10-   ->     3 10'0100000000
    118:     5 13'---1-----1-0-   ->     3 10'0100000000
    119:     5 13'-------10-10-   ->     4 10'0100000000
    120:     5 13'-------101-0-   ->     4 10'0100000000
    121:     5 13'1-------1-10-   ->     5 10'0100000000
    122:     5 13'------1---10-   ->     6 10'0100000000
    123:     5 13'------1--1-0-   ->     6 10'0100000000
    124:     5 13'----1-----10-   ->     7 10'0100000000
    125:     5 13'----1----1-0-   ->     7 10'0100000000
    126:     5 13'--1-------10-   ->     8 10'0100000000
    127:     5 13'--1------1-0-   ->     8 10'0100000000
    128:     5 13'-------11-10-   ->     9 10'0100000000
    129:     5 13'-------111-0-   ->     9 10'0100000000
    130:     5 13'---------0000   ->    10 10'0100000000
    131:     5 13'-----------1-   ->    10 10'0100000000
    132:     6 13'-----------01   ->     0 10'0000000001
    133:     6 13'1-------0-10-   ->     0 10'0000000001
    134:     6 13'1--------1-0-   ->     0 10'0000000001
    135:     6 13'-----1----10-   ->     1 10'0000000001
    136:     6 13'-----1---1-0-   ->     1 10'0000000001
    137:     6 13'-1--------10-   ->     2 10'0000000001
    138:     6 13'-1-------1-0-   ->     2 10'0000000001
    139:     6 13'---1------10-   ->     3 10'0000000001
    140:     6 13'---1-----1-0-   ->     3 10'0000000001
    141:     6 13'-------10-10-   ->     4 10'0000000001
    142:     6 13'-------101-0-   ->     4 10'0000000001
    143:     6 13'1-------1-10-   ->     5 10'0000000001
    144:     6 13'------1---10-   ->     6 10'0000000001
    145:     6 13'------1--1-0-   ->     6 10'0000000001
    146:     6 13'----1-----10-   ->     7 10'0000000001
    147:     6 13'----1----1-0-   ->     7 10'0000000001
    148:     6 13'--1-------10-   ->     8 10'0000000001
    149:     6 13'--1------1-0-   ->     8 10'0000000001
    150:     6 13'-------11-10-   ->     9 10'0000000001
    151:     6 13'-------111-0-   ->     9 10'0000000001
    152:     6 13'---------0000   ->    10 10'0000000001
    153:     6 13'-----------1-   ->    10 10'0000000001
    154:     7 13'-----------01   ->     0 10'0000010000
    155:     7 13'1-------0-10-   ->     0 10'0000010000
    156:     7 13'1--------1-0-   ->     0 10'0000010000
    157:     7 13'-----1----10-   ->     1 10'0000010000
    158:     7 13'-----1---1-0-   ->     1 10'0000010000
    159:     7 13'-1--------10-   ->     2 10'0000010000
    160:     7 13'-1-------1-0-   ->     2 10'0000010000
    161:     7 13'---1------10-   ->     3 10'0000010000
    162:     7 13'---1-----1-0-   ->     3 10'0000010000
    163:     7 13'-------10-10-   ->     4 10'0000010000
    164:     7 13'-------101-0-   ->     4 10'0000010000
    165:     7 13'1-------1-10-   ->     5 10'0000010000
    166:     7 13'------1---10-   ->     6 10'0000010000
    167:     7 13'------1--1-0-   ->     6 10'0000010000
    168:     7 13'----1-----10-   ->     7 10'0000010000
    169:     7 13'----1----1-0-   ->     7 10'0000010000
    170:     7 13'--1-------10-   ->     8 10'0000010000
    171:     7 13'--1------1-0-   ->     8 10'0000010000
    172:     7 13'-------11-10-   ->     9 10'0000010000
    173:     7 13'-------111-0-   ->     9 10'0000010000
    174:     7 13'---------0000   ->    10 10'0000010000
    175:     7 13'-----------1-   ->    10 10'0000010000
    176:     8 13'-----------01   ->     0 10'0001000000
    177:     8 13'1-------0-10-   ->     0 10'0001000000
    178:     8 13'1--------1-0-   ->     0 10'0001000000
    179:     8 13'-----1----10-   ->     1 10'0001000000
    180:     8 13'-----1---1-0-   ->     1 10'0001000000
    181:     8 13'-1--------10-   ->     2 10'0001000000
    182:     8 13'-1-------1-0-   ->     2 10'0001000000
    183:     8 13'---1------10-   ->     3 10'0001000000
    184:     8 13'---1-----1-0-   ->     3 10'0001000000
    185:     8 13'-------10-10-   ->     4 10'0001000000
    186:     8 13'-------101-0-   ->     4 10'0001000000
    187:     8 13'1-------1-10-   ->     5 10'0001000000
    188:     8 13'------1---10-   ->     6 10'0001000000
    189:     8 13'------1--1-0-   ->     6 10'0001000000
    190:     8 13'----1-----10-   ->     7 10'0001000000
    191:     8 13'----1----1-0-   ->     7 10'0001000000
    192:     8 13'--1-------10-   ->     8 10'0001000000
    193:     8 13'--1------1-0-   ->     8 10'0001000000
    194:     8 13'-------11-10-   ->     9 10'0001000000
    195:     8 13'-------111-0-   ->     9 10'0001000000
    196:     8 13'---------0000   ->    10 10'0001000000
    197:     8 13'-----------1-   ->    10 10'0001000000
    198:     9 13'-----------01   ->     0 10'0000000100
    199:     9 13'1-------0-10-   ->     0 10'0000000100
    200:     9 13'1--------1-0-   ->     0 10'0000000100
    201:     9 13'-----1----10-   ->     1 10'0000000100
    202:     9 13'-----1---1-0-   ->     1 10'0000000100
    203:     9 13'-1--------10-   ->     2 10'0000000100
    204:     9 13'-1-------1-0-   ->     2 10'0000000100
    205:     9 13'---1------10-   ->     3 10'0000000100
    206:     9 13'---1-----1-0-   ->     3 10'0000000100
    207:     9 13'-------10-10-   ->     4 10'0000000100
    208:     9 13'-------101-0-   ->     4 10'0000000100
    209:     9 13'1-------1-10-   ->     5 10'0000000100
    210:     9 13'------1---10-   ->     6 10'0000000100
    211:     9 13'------1--1-0-   ->     6 10'0000000100
    212:     9 13'----1-----10-   ->     7 10'0000000100
    213:     9 13'----1----1-0-   ->     7 10'0000000100
    214:     9 13'--1-------10-   ->     8 10'0000000100
    215:     9 13'--1------1-0-   ->     8 10'0000000100
    216:     9 13'-------11-10-   ->     9 10'0000000100
    217:     9 13'-------111-0-   ->     9 10'0000000100
    218:     9 13'---------0000   ->    10 10'0000000100
    219:     9 13'-----------1-   ->    10 10'0000000100
    220:    10 13'-----------01   ->     0 10'0000000000
    221:    10 13'1-------0-10-   ->     0 10'0000000000
    222:    10 13'1--------1-0-   ->     0 10'0000000000
    223:    10 13'-----1----10-   ->     1 10'0000000000
    224:    10 13'-----1---1-0-   ->     1 10'0000000000
    225:    10 13'-1--------10-   ->     2 10'0000000000
    226:    10 13'-1-------1-0-   ->     2 10'0000000000
    227:    10 13'---1------10-   ->     3 10'0000000000
    228:    10 13'---1-----1-0-   ->     3 10'0000000000
    229:    10 13'-------10-10-   ->     4 10'0000000000
    230:    10 13'-------101-0-   ->     4 10'0000000000
    231:    10 13'1-------1-10-   ->     5 10'0000000000
    232:    10 13'------1---10-   ->     6 10'0000000000
    233:    10 13'------1--1-0-   ->     6 10'0000000000
    234:    10 13'----1-----10-   ->     7 10'0000000000
    235:    10 13'----1----1-0-   ->     7 10'0000000000
    236:    10 13'--1-------10-   ->     8 10'0000000000
    237:    10 13'--1------1-0-   ->     8 10'0000000000
    238:    10 13'-------11-10-   ->     9 10'0000000000
    239:    10 13'-------111-0-   ->     9 10'0000000000
    240:    10 13'---------0000   ->    10 10'0000000000
    241:    10 13'-----------1-   ->    10 10'0000000000

-------------------------------------

yosys> fsm_map

8.8. Executing FSM_MAP pass (mapping FSMs to basic logic).
Mapping FSM `$fsm$\id_ex.alusel_o$9344' from module `\rv_core'.

yosys> opt

9. Executing OPT pass (performing simple optimizations).

yosys> opt_expr

9.1. Executing OPT_EXPR pass (perform const folding).
Optimizing module rv_core.
<suppressed ~2 debug messages>

yosys> opt_merge -nomux

9.2. Executing OPT_MERGE pass (detect identical cells).
Finding identical cells in module `\rv_core'.
Computing hashes of 3738 cells of `\rv_core'.
Finding duplicate cells in `\rv_core'.
Removed a total of 0 cells.

yosys> opt_muxtree

9.3. Executing OPT_MUXTREE pass (detect dead branches in mux trees).
Running muxtree optimizer on module \rv_core..
  Creating internal representation of mux trees.
  Evaluating internal representation of mux trees.
  Analyzing evaluation results.
Removed 0 multiplexer ports.
<suppressed ~617 debug messages>

yosys> opt_reduce

9.4. Executing OPT_REDUCE pass (consolidate $*mux and $reduce_* inputs).
  Optimizing cells in module \rv_core.
Performed a total of 0 changes.

yosys> opt_merge

9.5. Executing OPT_MERGE pass (detect identical cells).
Finding identical cells in module `\rv_core'.
Computing hashes of 3738 cells of `\rv_core'.
Finding duplicate cells in `\rv_core'.
Removed a total of 0 cells.

yosys> opt_dff

9.6. Executing OPT_DFF pass (perform DFF optimizations).

yosys> opt_clean

9.7. Executing OPT_CLEAN pass (remove unused cells and wires).
Finding unused cells or wires in module \rv_core..
Removed 0 unused cells and 15 unused wires.
<suppressed ~1 debug messages>

yosys> opt_expr

9.8. Executing OPT_EXPR pass (perform const folding).
Optimizing module rv_core.

9.9. Rerunning OPT passes. (Maybe there is more to do..)

yosys> opt_muxtree

9.10. Executing OPT_MUXTREE pass (detect dead branches in mux trees).
Running muxtree optimizer on module \rv_core..
  Creating internal representation of mux trees.
  Evaluating internal representation of mux trees.
  Analyzing evaluation results.
Removed 0 multiplexer ports.
<suppressed ~617 debug messages>

yosys> opt_reduce

9.11. Executing OPT_REDUCE pass (consolidate $*mux and $reduce_* inputs).
  Optimizing cells in module \rv_core.
Performed a total of 0 changes.

yosys> opt_merge

9.12. Executing OPT_MERGE pass (detect identical cells).
Finding identical cells in module `\rv_core'.
Computing hashes of 3738 cells of `\rv_core'.
Finding duplicate cells in `\rv_core'.
Removed a total of 0 cells.

yosys> opt_dff

9.13. Executing OPT_DFF pass (perform DFF optimizations).

yosys> opt_clean

9.14. Executing OPT_CLEAN pass (remove unused cells and wires).
Finding unused cells or wires in module \rv_core..

yosys> opt_expr

9.15. Executing OPT_EXPR pass (perform const folding).
Optimizing module rv_core.

9.16. Finished fast OPT passes. (There is nothing left to do.)

yosys> techmap

10. Executing TECHMAP pass (map to technology primitives).

10.1. Executing Verilog-2005 frontend: /nix/store/f1q0w7rd0a4ny4hqvfxlhs4cmariidcy-yosys-0.62/bin/../share/yosys/techmap.v
Parsing Verilog input from `/nix/store/f1q0w7rd0a4ny4hqvfxlhs4cmariidcy-yosys-0.62/bin/../share/yosys/techmap.v' to AST representation.
Generating RTLIL representation for module `\_90_simplemap_bool_ops'.
Generating RTLIL representation for module `\_90_simplemap_reduce_ops'.
Generating RTLIL representation for module `\_90_simplemap_logic_ops'.
Generating RTLIL representation for module `\_90_simplemap_compare_ops'.
Generating RTLIL representation for module `\_90_simplemap_various'.
Generating RTLIL representation for module `\_90_simplemap_registers'.
Generating RTLIL representation for module `\_90_shift_ops_shr_shl_sshl_sshr'.
Generating RTLIL representation for module `\_90_shift_shiftx'.
Generating RTLIL representation for module `\_90_fa'.
Generating RTLIL representation for module `\_90_lcu_brent_kung'.
Generating RTLIL representation for module `\_90_alu'.
Generating RTLIL representation for module `\_90_macc'.
Generating RTLIL representation for module `\_90_alumacc'.
Generating RTLIL representation for module `$__div_mod_u'.
Generating RTLIL representation for module `$__div_mod_trunc'.
Generating RTLIL representation for module `\_90_div'.
Generating RTLIL representation for module `\_90_mod'.
Generating RTLIL representation for module `$__div_mod_floor'.
Generating RTLIL representation for module `\_90_divfloor'.
Generating RTLIL representation for module `\_90_modfloor'.
Generating RTLIL representation for module `\_90_pow'.
Generating RTLIL representation for module `\_90_pmux'.
Generating RTLIL representation for module `\_90_demux'.
Generating RTLIL representation for module `\_90_lut'.
Generating RTLIL representation for module `$connect'.
Generating RTLIL representation for module `$input_port'.
Successfully finished Verilog frontend.

10.2. Continuing TECHMAP pass.
Using extmapper simplemap for cells of type $reduce_or.
Using extmapper simplemap for cells of type $logic_not.
Using extmapper simplemap for cells of type $eq.
Using extmapper simplemap for cells of type $adff.
Using extmapper simplemap for cells of type $dffe.
Using extmapper simplemap for cells of type $and.
Using extmapper simplemap for cells of type $not.
Using extmapper simplemap for cells of type $adffe.
Using extmapper simplemap for cells of type $ne.
Running "alumacc" on wrapper $extern:wrap:$add:A_SIGNED=0:A_WIDTH=32:B_SIGNED=0:B_WIDTH=32:Y_WIDTH=32:394426c56d1a028ba8fdd5469b163e04011def47.
Using template $extern:wrap:$add:A_SIGNED=0:A_WIDTH=32:B_SIGNED=0:B_WIDTH=32:Y_WIDTH=32:394426c56d1a028ba8fdd5469b163e04011def47 for cells of type $extern:wrap:$add:A_SIGNED=0:A_WIDTH=32:B_SIGNED=0:B_WIDTH=32:Y_WIDTH=32:394426c56d1a028ba8fdd5469b163e04011def47.
Using extmapper simplemap for cells of type $logic_and.
Using extmapper simplemap for cells of type $mux.
Using extmapper simplemap for cells of type $logic_or.
Running "alumacc" on wrapper $extern:wrap:$ge:A_SIGNED=1:A_WIDTH=6:B_SIGNED=1:B_WIDTH=1:Y_WIDTH=1:394426c56d1a028ba8fdd5469b163e04011def47.
Using template $extern:wrap:$ge:A_SIGNED=1:A_WIDTH=6:B_SIGNED=1:B_WIDTH=1:Y_WIDTH=1:394426c56d1a028ba8fdd5469b163e04011def47 for cells of type $extern:wrap:$ge:A_SIGNED=1:A_WIDTH=6:B_SIGNED=1:B_WIDTH=1:Y_WIDTH=1:394426c56d1a028ba8fdd5469b163e04011def47.
Running "alumacc" on wrapper $extern:wrap:$lt:A_SIGNED=1:A_WIDTH=6:B_SIGNED=1:B_WIDTH=7:Y_WIDTH=1:394426c56d1a028ba8fdd5469b163e04011def47.
Using template $extern:wrap:$lt:A_SIGNED=1:A_WIDTH=6:B_SIGNED=1:B_WIDTH=7:Y_WIDTH=1:394426c56d1a028ba8fdd5469b163e04011def47 for cells of type $extern:wrap:$lt:A_SIGNED=1:A_WIDTH=6:B_SIGNED=1:B_WIDTH=7:Y_WIDTH=1:394426c56d1a028ba8fdd5469b163e04011def47.
Using template $paramod$59b03ae2620a41577de8da5f5c97b2919e82362b\_90_demux for cells of type $demux.
Using extmapper simplemap for cells of type $bwmux.
Using extmapper simplemap for cells of type $reduce_bool.
Using extmapper simplemap for cells of type $bmux.
Running "alumacc" on wrapper $extern:wrap:$lt:A_SIGNED=0:A_WIDTH=31:B_SIGNED=0:B_WIDTH=31:Y_WIDTH=1:394426c56d1a028ba8fdd5469b163e04011def47.
Using template $extern:wrap:$lt:A_SIGNED=0:A_WIDTH=31:B_SIGNED=0:B_WIDTH=31:Y_WIDTH=1:394426c56d1a028ba8fdd5469b163e04011def47 for cells of type $extern:wrap:$lt:A_SIGNED=0:A_WIDTH=31:B_SIGNED=0:B_WIDTH=31:Y_WIDTH=1:394426c56d1a028ba8fdd5469b163e04011def47.
Running "alumacc" on wrapper $extern:wrap:$lt:A_SIGNED=0:A_WIDTH=1:B_SIGNED=0:B_WIDTH=1:Y_WIDTH=1:394426c56d1a028ba8fdd5469b163e04011def47.
Using template $extern:wrap:$lt:A_SIGNED=0:A_WIDTH=1:B_SIGNED=0:B_WIDTH=1:Y_WIDTH=1:394426c56d1a028ba8fdd5469b163e04011def47 for cells of type $extern:wrap:$lt:A_SIGNED=0:A_WIDTH=1:B_SIGNED=0:B_WIDTH=1:Y_WIDTH=1:394426c56d1a028ba8fdd5469b163e04011def47.
Running "alumacc" on wrapper $extern:wrap:$gt:A_SIGNED=0:A_WIDTH=1:B_SIGNED=0:B_WIDTH=1:Y_WIDTH=1:394426c56d1a028ba8fdd5469b163e04011def47.
Using template $extern:wrap:$gt:A_SIGNED=0:A_WIDTH=1:B_SIGNED=0:B_WIDTH=1:Y_WIDTH=1:394426c56d1a028ba8fdd5469b163e04011def47 for cells of type $extern:wrap:$gt:A_SIGNED=0:A_WIDTH=1:B_SIGNED=0:B_WIDTH=1:Y_WIDTH=1:394426c56d1a028ba8fdd5469b163e04011def47.
Running "alumacc" on wrapper $extern:wrap:$sub:A_SIGNED=0:A_WIDTH=32:B_SIGNED=0:B_WIDTH=32:Y_WIDTH=32:394426c56d1a028ba8fdd5469b163e04011def47.
Using template $extern:wrap:$sub:A_SIGNED=0:A_WIDTH=32:B_SIGNED=0:B_WIDTH=32:Y_WIDTH=32:394426c56d1a028ba8fdd5469b163e04011def47 for cells of type $extern:wrap:$sub:A_SIGNED=0:A_WIDTH=32:B_SIGNED=0:B_WIDTH=32:Y_WIDTH=32:394426c56d1a028ba8fdd5469b163e04011def47.
Using extmapper simplemap for cells of type $or.
Using extmapper simplemap for cells of type $xor.
Using template $paramod$constmap:4621fcf06a436d1e2a4080e2ed9866a7d07a6e07$paramod$335cfd09f1afa8139c4aafcbbe5f361887b79c5e\_90_shift_ops_shr_shl_sshl_sshr for cells of type $shl.
Using template $paramod$constmap:4621fcf06a436d1e2a4080e2ed9866a7d07a6e07$paramod$feecc7a0dbd012970970f2858f15e786e251f677\_90_shift_ops_shr_shl_sshl_sshr for cells of type $shr.
Using template $paramod$constmap:4621fcf06a436d1e2a4080e2ed9866a7d07a6e07$paramod$e765c459d3029c22a22a27989e94858fd9ebfa9c\_90_shift_ops_shr_shl_sshl_sshr for cells of type $sshr.
Running "alumacc" on wrapper $extern:wrap:$lt:A_SIGNED=1:A_WIDTH=32:B_SIGNED=1:B_WIDTH=32:Y_WIDTH=1:394426c56d1a028ba8fdd5469b163e04011def47.
Using template $extern:wrap:$lt:A_SIGNED=1:A_WIDTH=32:B_SIGNED=1:B_WIDTH=32:Y_WIDTH=1:394426c56d1a028ba8fdd5469b163e04011def47 for cells of type $extern:wrap:$lt:A_SIGNED=1:A_WIDTH=32:B_SIGNED=1:B_WIDTH=32:Y_WIDTH=1:394426c56d1a028ba8fdd5469b163e04011def47.
Running "alumacc" on wrapper $extern:wrap:$lt:A_SIGNED=0:A_WIDTH=32:B_SIGNED=0:B_WIDTH=32:Y_WIDTH=1:394426c56d1a028ba8fdd5469b163e04011def47.
Using template $extern:wrap:$lt:A_SIGNED=0:A_WIDTH=32:B_SIGNED=0:B_WIDTH=32:Y_WIDTH=1:394426c56d1a028ba8fdd5469b163e04011def47 for cells of type $extern:wrap:$lt:A_SIGNED=0:A_WIDTH=32:B_SIGNED=0:B_WIDTH=32:Y_WIDTH=1:394426c56d1a028ba8fdd5469b163e04011def47.
Using template $paramod$constmap:048f8a801c01c4023e85f2d0ca3ff10e741d9d07$paramod$56955d0f36f77738c952d3505dc563df3ee11b94\_90_shift_ops_shr_shl_sshl_sshr for cells of type $shr.
Using template $paramod$constmap:6f839b88a62e7966712adf872dbe4c4a5cbcd49f$paramod$7b0bb309dce042ecaf2e0bfa495da988fc49fdf1\_90_shift_ops_shr_shl_sshl_sshr for cells of type $shl.
Analyzing pattern of constant bits for this cell:
  Constant input on bit 0 of port A: 1'1
  Constant input on bit 1 of port A: 1'1
  Constant input on bit 2 of port A: 1'0
  Constant input on bit 3 of port A: 1'0
Creating constmapped module `$paramod$constmap:e3a1e2f7f10cbec2a7b26551c723f78bdec761f9$paramod$7b0bb309dce042ecaf2e0bfa495da988fc49fdf1\_90_shift_ops_shr_shl_sshl_sshr'.

yosys [$paramod$constmap:e3a1e2f7f10cbec2a7b26551c723f78bdec761f9$paramod$7b0bb309dce042ecaf2e0bfaopt_muxtree

10.48. Executing OPT_MUXTREE pass (detect dead branches in mux trees).
Running muxtree optimizer on module $paramod$constmap:e3a1e2f7f10cbec2a7b26551c723f78bdec761f9$paramod$7b0bb309dce042ecaf2e0bfa495da988fc49fdf1\_90_shift_ops_shr_shl_sshl_sshr..
  Creating internal representation of mux trees.
  No muxes found in this module.
Removed 0 multiplexer ports.
<suppressed ~4705 debug messages>

yosys [$paramod$constmap:e3a1e2f7f10cbec2a7b26551c723f78bdec761f9$paramod$7b0bb309dce042ecaf2e0bfaopt_expr -mux_undef -mux_bool -fine

10.49. Executing OPT_EXPR pass (perform const folding).
Optimizing module $paramod$constmap:e3a1e2f7f10cbec2a7b26551c723f78bdec761f9$paramod$7b0bb309dce042ecaf2e0bfa495da988fc49fdf1\_90_shift_ops_shr_shl_sshl_sshr.
<suppressed ~12 debug messages>

yosys [$paramod$constmap:e3a1e2f7f10cbec2a7b26551c723f78bdec761f9$paramod$7b0bb309dce042ecaf2e0bfaclean -purge
Removed 0 unused cells and 7 unused wires.
Using template $paramod$constmap:e3a1e2f7f10cbec2a7b26551c723f78bdec761f9$paramod$7b0bb309dce042ecaf2e0bfa495da988fc49fdf1\_90_shift_ops_shr_shl_sshl_sshr for cells of type $shl.
Analyzing pattern of constant bits for this cell:
  Constant input on bit 0 of port A: 1'1
  Constant input on bit 1 of port A: 1'1
  Constant input on bit 2 of port A: 1'1
  Constant input on bit 3 of port A: 1'1
Creating constmapped module `$paramod$constmap:eaab8ad93248122125e72c86b2516b282c336b13$paramod$7b0bb309dce042ecaf2e0bfa495da988fc49fdf1\_90_shift_ops_shr_shl_sshl_sshr'.

yosys [$paramod$constmap:eaab8ad93248122125e72c86b2516b282c336b13$paramod$7b0bb309dce042ecaf2e0bfaopt_muxtree

10.50. Executing OPT_MUXTREE pass (detect dead branches in mux trees).
Running muxtree optimizer on module $paramod$constmap:eaab8ad93248122125e72c86b2516b282c336b13$paramod$7b0bb309dce042ecaf2e0bfa495da988fc49fdf1\_90_shift_ops_shr_shl_sshl_sshr..
  Creating internal representation of mux trees.
  No muxes found in this module.
Removed 0 multiplexer ports.
<suppressed ~1 debug messages>

yosys [$paramod$constmap:eaab8ad93248122125e72c86b2516b282c336b13$paramod$7b0bb309dce042ecaf2e0bfaopt_expr -mux_undef -mux_bool -fine

10.51. Executing OPT_EXPR pass (perform const folding).
Optimizing module $paramod$constmap:eaab8ad93248122125e72c86b2516b282c336b13$paramod$7b0bb309dce042ecaf2e0bfa495da988fc49fdf1\_90_shift_ops_shr_shl_sshl_sshr.
<suppressed ~12 debug messages>

yosys [$paramod$constmap:eaab8ad93248122125e72c86b2516b282c336b13$paramod$7b0bb309dce042ecaf2e0bfaclean -purge
Removed 0 unused cells and 7 unused wires.
Using template $paramod$constmap:eaab8ad93248122125e72c86b2516b282c336b13$paramod$7b0bb309dce042ecaf2e0bfa495da988fc49fdf1\_90_shift_ops_shr_shl_sshl_sshr for cells of type $shl.
Running "alumacc" on wrapper $extern:wrap:$ge:A_SIGNED=0:A_WIDTH=32:B_SIGNED=0:B_WIDTH=32:Y_WIDTH=1:394426c56d1a028ba8fdd5469b163e04011def47.
Using template $extern:wrap:$ge:A_SIGNED=0:A_WIDTH=32:B_SIGNED=0:B_WIDTH=32:Y_WIDTH=1:394426c56d1a028ba8fdd5469b163e04011def47 for cells of type $extern:wrap:$ge:A_SIGNED=0:A_WIDTH=32:B_SIGNED=0:B_WIDTH=32:Y_WIDTH=1:394426c56d1a028ba8fdd5469b163e04011def47.
Using template $paramod$c2e415ef15bc3ccd2723772353a6b450d3d76206\_90_pmux for cells of type $pmux.
Using template $paramod$54d740639e1393b22262823179ff783ea9f17a35\_90_pmux for cells of type $pmux.
Using template $paramod$b098bc6f249c0ac91c4d6e19d54b23c285914115\_90_pmux for cells of type $pmux.
Using template $paramod$104d3d1e82b09b030a785dad8a5e608a6d4401f7\_90_pmux for cells of type $pmux.
Using template $paramod$b3b6ac92d800c6f07aa48f510f923d86a674e5a7\_90_pmux for cells of type $pmux.
Using template $paramod$97565c3687be688407d1272a293bd9d0ae6852dc\_90_pmux for cells of type $pmux.
Using template $paramod$59b03ae2620a41577de8da5f5c97b2919e82362b\_90_pmux for cells of type $pmux.
Using template $paramod$fbc7873bff55778c0b3173955b7e4bce1d9d6834\_90_alu for cells of type $alu.
Using extmapper simplemap for cells of type $reduce_and.
Using template $paramod$2653f68ddb8eab7b1907b4a20767b72a824a7a36\_90_alu for cells of type $alu.
Using template $paramod$fc972a7a46956c1788f3cb5257b53c8f1df2d0cc\_90_alu for cells of type $alu.
Using template $paramod$ebf89ea36a793f0f77858f212141d47c833068ad\_90_alu for cells of type $alu.
Using template $paramod$e220987722512cccf3ac0a29a948e22e694f8057\_90_alu for cells of type $alu.
Using template $paramod$63301a5e78ceb1f2c17a4ac1894f292ed5701c1f\_90_demux for cells of type $demux.
Using template $paramod$46c272b461898a6a76adeeeedb0917ce1a81b478\_90_demux for cells of type $demux.
Using template $paramod$797f304753ada25e81e0136e8550054714e53b0b\_90_alu for cells of type $alu.
Using extmapper simplemap for cells of type $pos.
Using template $paramod$5d1d2614b24accd0f9d06c4779fd9ef771faf494\_90_demux for cells of type $demux.
Using template $paramod\_90_fa\WIDTH=32'00000000000000000000000000000111 for cells of type $fa.
Using template $paramod\_90_lcu_brent_kung\WIDTH=32'00000000000000000000000000000111 for cells of type $lcu.
Using template $paramod\_90_fa\WIDTH=32'00000000000000000000000000011111 for cells of type $fa.
Using template $paramod\_90_lcu_brent_kung\WIDTH=32'00000000000000000000000000011111 for cells of type $lcu.
Using template $paramod\_90_fa\WIDTH=32'00000000000000000000000000000001 for cells of type $fa.
Using template $paramod\_90_lcu_brent_kung\WIDTH=32'00000000000000000000000000000001 for cells of type $lcu.
Using template $paramod\_90_fa\WIDTH=32'00000000000000000000000000100000 for cells of type $fa.
Using template $paramod\_90_lcu_brent_kung\WIDTH=32'00000000000000000000000000100000 for cells of type $lcu.
Using template $paramod\_90_fa\WIDTH=32'00000000000000000000000000000110 for cells of type $fa.
Using template $paramod\_90_lcu_brent_kung\WIDTH=32'00000000000000000000000000000110 for cells of type $lcu.
No more expansions possible.
<suppressed ~5530 debug messages>

yosys> opt

11. Executing OPT pass (performing simple optimizations).

yosys> opt_expr

11.1. Executing OPT_EXPR pass (perform const folding).
Optimizing module rv_core.
<suppressed ~4922 debug messages>

yosys> opt_merge -nomux

11.2. Executing OPT_MERGE pass (detect identical cells).
Finding identical cells in module `\rv_core'.
Computing hashes of 38423 cells of `\rv_core'.
Finding duplicate cells in `\rv_core'.
Computing hashes of 36782 cells of `\rv_core'.
Finding duplicate cells in `\rv_core'.
Computing hashes of 36429 cells of `\rv_core'.
Finding duplicate cells in `\rv_core'.
Computing hashes of 36252 cells of `\rv_core'.
Finding duplicate cells in `\rv_core'.
Computing hashes of 36145 cells of `\rv_core'.
Finding duplicate cells in `\rv_core'.
Computing hashes of 36099 cells of `\rv_core'.
Finding duplicate cells in `\rv_core'.
Computing hashes of 36061 cells of `\rv_core'.
Finding duplicate cells in `\rv_core'.
Computing hashes of 36037 cells of `\rv_core'.
Finding duplicate cells in `\rv_core'.
Computing hashes of 36008 cells of `\rv_core'.
Finding duplicate cells in `\rv_core'.
Computing hashes of 35983 cells of `\rv_core'.
Finding duplicate cells in `\rv_core'.
Computing hashes of 35949 cells of `\rv_core'.
Finding duplicate cells in `\rv_core'.
Computing hashes of 35920 cells of `\rv_core'.
Finding duplicate cells in `\rv_core'.
Computing hashes of 35875 cells of `\rv_core'.
Finding duplicate cells in `\rv_core'.
Computing hashes of 35842 cells of `\rv_core'.
Finding duplicate cells in `\rv_core'.
Computing hashes of 35796 cells of `\rv_core'.
Finding duplicate cells in `\rv_core'.
Computing hashes of 35770 cells of `\rv_core'.
Finding duplicate cells in `\rv_core'.
Computing hashes of 35736 cells of `\rv_core'.
Finding duplicate cells in `\rv_core'.
Computing hashes of 35723 cells of `\rv_core'.
Finding duplicate cells in `\rv_core'.
Computing hashes of 35708 cells of `\rv_core'.
Finding duplicate cells in `\rv_core'.
Computing hashes of 35705 cells of `\rv_core'.
Finding duplicate cells in `\rv_core'.
Computing hashes of 35703 cells of `\rv_core'.
Finding duplicate cells in `\rv_core'.
<suppressed ~8160 debug messages>
Removed a total of 2720 cells.

yosys> opt_muxtree

11.3. Executing OPT_MUXTREE pass (detect dead branches in mux trees).
Running muxtree optimizer on module \rv_core..
  Creating internal representation of mux trees.
  No muxes found in this module.
Removed 0 multiplexer ports.

yosys> opt_reduce

11.4. Executing OPT_REDUCE pass (consolidate $*mux and $reduce_* inputs).
  Optimizing cells in module \rv_core.
Performed a total of 0 changes.

yosys> opt_merge

11.5. Executing OPT_MERGE pass (detect identical cells).
Finding identical cells in module `\rv_core'.
Computing hashes of 35703 cells of `\rv_core'.
Finding duplicate cells in `\rv_core'.
Removed a total of 0 cells.

yosys> opt_dff

11.6. Executing OPT_DFF pass (perform DFF optimizations).
Adding EN signal on $auto$ff.cc:337:slice$18989 ($_DFFE_PP0P_) from module rv_core (D = \register_file1.datawb_i [31], Q = \register_file1.x [31]).
Adding EN signal on $auto$ff.cc:337:slice$19021 ($_DFFE_PP0P_) from module rv_core (D = \register_file1.datawb_i [31], Q = \register_file1.x [351]).
Adding EN signal on $auto$ff.cc:337:slice$19053 ($_DFFE_PP0P_) from module rv_core (D = \register_file1.datawb_i [31], Q = \register_file1.x [383]).
Adding EN signal on $auto$ff.cc:337:slice$19085 ($_DFFE_PP0P_) from module rv_core (D = \register_file1.datawb_i [31], Q = \register_file1.x [415]).
Adding EN signal on $auto$ff.cc:337:slice$19117 ($_DFFE_PP0P_) from module rv_core (D = \register_file1.datawb_i [31], Q = \register_file1.x [447]).
Adding EN signal on $auto$ff.cc:337:slice$19149 ($_DFFE_PP0P_) from module rv_core (D = \register_file1.datawb_i [31], Q = \register_file1.x [479]).
Adding EN signal on $auto$ff.cc:337:slice$19181 ($_DFFE_PP0P_) from module rv_core (D = \register_file1.datawb_i [31], Q = \register_file1.x [511]).
Adding EN signal on $auto$ff.cc:337:slice$19213 ($_DFFE_PP0P_) from module rv_core (D = \register_file1.datawb_i [31], Q = \register_file1.x [543]).
Adding EN signal on $auto$ff.cc:337:slice$19245 ($_DFFE_PP0P_) from module rv_core (D = \register_file1.datawb_i [31], Q = \register_file1.x [575]).
Adding EN signal on $auto$ff.cc:337:slice$19277 ($_DFFE_PP0P_) from module rv_core (D = \register_file1.datawb_i [31], Q = \register_file1.x [607]).
Adding EN signal on $auto$ff.cc:337:slice$19309 ($_DFFE_PP0P_) from module rv_core (D = \register_file1.datawb_i [31], Q = \register_file1.x [639]).
Adding EN signal on $auto$ff.cc:337:slice$19341 ($_DFFE_PP0P_) from module rv_core (D = \register_file1.datawb_i [31], Q = \register_file1.x [63]).
Adding EN signal on $auto$ff.cc:337:slice$19373 ($_DFFE_PP0P_) from module rv_core (D = \register_file1.datawb_i [31], Q = \register_file1.x [671]).
Adding EN signal on $auto$ff.cc:337:slice$19405 ($_DFFE_PP0P_) from module rv_core (D = \register_file1.datawb_i [31], Q = \register_file1.x [703]).
Adding EN signal on $auto$ff.cc:337:slice$19437 ($_DFFE_PP0P_) from module rv_core (D = \register_file1.datawb_i [31], Q = \register_file1.x [735]).
Adding EN signal on $auto$ff.cc:337:slice$19469 ($_DFFE_PP0P_) from module rv_core (D = \register_file1.datawb_i [31], Q = \register_file1.x [767]).
Adding EN signal on $auto$ff.cc:337:slice$19501 ($_DFFE_PP0P_) from module rv_core (D = \register_file1.datawb_i [31], Q = \register_file1.x [799]).
Adding EN signal on $auto$ff.cc:337:slice$19533 ($_DFFE_PP0P_) from module rv_core (D = \register_file1.datawb_i [31], Q = \register_file1.x [831]).
Adding EN signal on $auto$ff.cc:337:slice$19565 ($_DFFE_PP0P_) from module rv_core (D = \register_file1.datawb_i [31], Q = \register_file1.x [863]).
Adding EN signal on $auto$ff.cc:337:slice$19597 ($_DFFE_PP0P_) from module rv_core (D = \register_file1.datawb_i [31], Q = \register_file1.x [895]).
Adding EN signal on $auto$ff.cc:337:slice$19629 ($_DFFE_PP0P_) from module rv_core (D = \register_file1.datawb_i [31], Q = \register_file1.x [927]).
Adding EN signal on $auto$ff.cc:337:slice$19661 ($_DFFE_PP0P_) from module rv_core (D = \register_file1.datawb_i [31], Q = \register_file1.x [959]).
Adding EN signal on $auto$ff.cc:337:slice$19693 ($_DFFE_PP0P_) from module rv_core (D = \register_file1.datawb_i [31], Q = \register_file1.x [95]).
Adding EN signal on $auto$ff.cc:337:slice$19725 ($_DFFE_PP0P_) from module rv_core (D = \register_file1.datawb_i [31], Q = \register_file1.x [991]).
Adding EN signal on $auto$ff.cc:337:slice$19757 ($_DFFE_PP0P_) from module rv_core (D = \register_file1.datawb_i [31], Q = \register_file1.x [1023]).
Adding EN signal on $auto$ff.cc:337:slice$19789 ($_DFFE_PP0P_) from module rv_core (D = \register_file1.datawb_i [31], Q = \register_file1.x [127]).
Adding EN signal on $auto$ff.cc:337:slice$19821 ($_DFFE_PP0P_) from module rv_core (D = \register_file1.datawb_i [31], Q = \register_file1.x [159]).
Adding EN signal on $auto$ff.cc:337:slice$19853 ($_DFFE_PP0P_) from module rv_core (D = \register_file1.datawb_i [31], Q = \register_file1.x [191]).
Adding EN signal on $auto$ff.cc:337:slice$19885 ($_DFFE_PP0P_) from module rv_core (D = \register_file1.datawb_i [31], Q = \register_file1.x [223]).
Adding EN signal on $auto$ff.cc:337:slice$19917 ($_DFFE_PP0P_) from module rv_core (D = \register_file1.datawb_i [31], Q = \register_file1.x [255]).
Adding EN signal on $auto$ff.cc:337:slice$19949 ($_DFFE_PP0P_) from module rv_core (D = \register_file1.datawb_i [31], Q = \register_file1.x [287]).
Adding EN signal on $auto$ff.cc:337:slice$19981 ($_DFFE_PP0P_) from module rv_core (D = \register_file1.datawb_i [31], Q = \register_file1.x [319]).
Adding EN signal on $auto$ff.cc:337:slice$18855 ($_DFFE_PP0N_) from module rv_core (D = $fetch1.pc$5 [0], Q = \fetch1.pc [0]).
Adding EN signal on $auto$ff.cc:337:slice$18856 ($_DFFE_PP0N_) from module rv_core (D = $fetch1.pc$5 [1], Q = \fetch1.pc [1]).
Adding EN signal on $auto$ff.cc:337:slice$18958 ($_DFFE_PP0P_) from module rv_core (D = \register_file1.datawb_i [0], Q = \register_file1.x [0]).
Adding EN signal on $auto$ff.cc:337:slice$18959 ($_DFFE_PP0P_) from module rv_core (D = \register_file1.datawb_i [1], Q = \register_file1.x [1]).
Adding EN signal on $auto$ff.cc:337:slice$18960 ($_DFFE_PP0P_) from module rv_core (D = \register_file1.datawb_i [2], Q = \register_file1.x [2]).
Adding EN signal on $auto$ff.cc:337:slice$18961 ($_DFFE_PP0P_) from module rv_core (D = \register_file1.datawb_i [3], Q = \register_file1.x [3]).
Adding EN signal on $auto$ff.cc:337:slice$18962 ($_DFFE_PP0P_) from module rv_core (D = \register_file1.datawb_i [4], Q = \register_file1.x [4]).
Adding EN signal on $auto$ff.cc:337:slice$18963 ($_DFFE_PP0P_) from module rv_core (D = \register_file1.datawb_i [5], Q = \register_file1.x [5]).
Adding EN signal on $auto$ff.cc:337:slice$18964 ($_DFFE_PP0P_) from module rv_core (D = \register_file1.datawb_i [6], Q = \register_file1.x [6]).
Adding EN signal on $auto$ff.cc:337:slice$18965 ($_DFFE_PP0P_) from module rv_core (D = \register_file1.datawb_i [7], Q = \register_file1.x [7]).
Adding EN signal on $auto$ff.cc:337:slice$18966 ($_DFFE_PP0P_) from module rv_core (D = \register_file1.datawb_i [8], Q = \register_file1.x [8]).
Adding EN signal on $auto$ff.cc:337:slice$18967 ($_DFFE_PP0P_) from module rv_core (D = \register_file1.datawb_i [9], Q = \register_file1.x [9]).
Adding EN signal on $auto$ff.cc:337:slice$18968 ($_DFFE_PP0P_) from module rv_core (D = \register_file1.datawb_i [10], Q = \register_file1.x [10]).
Adding EN signal on $auto$ff.cc:337:slice$18969 ($_DFFE_PP0P_) from module rv_core (D = \register_file1.datawb_i [11], Q = \register_file1.x [11]).
Adding EN signal on $auto$ff.cc:337:slice$18970 ($_DFFE_PP0P_) from module rv_core (D = \register_file1.datawb_i [12], Q = \register_file1.x [12]).
Adding EN signal on $auto$ff.cc:337:slice$18971 ($_DFFE_PP0P_) from module rv_core (D = \register_file1.datawb_i [13], Q = \register_file1.x [13]).
Adding EN signal on $auto$ff.cc:337:slice$18972 ($_DFFE_PP0P_) from module rv_core (D = \register_file1.datawb_i [14], Q = \register_file1.x [14]).
Adding EN signal on $auto$ff.cc:337:slice$18973 ($_DFFE_PP0P_) from module rv_core (D = \register_file1.datawb_i [15], Q = \register_file1.x [15]).
Adding EN signal on $auto$ff.cc:337:slice$18974 ($_DFFE_PP0P_) from module rv_core (D = \register_file1.datawb_i [16], Q = \register_file1.x [16]).
Adding EN signal on $auto$ff.cc:337:slice$18975 ($_DFFE_PP0P_) from module rv_core (D = \register_file1.datawb_i [17], Q = \register_file1.x [17]).
Adding EN signal on $auto$ff.cc:337:slice$18976 ($_DFFE_PP0P_) from module rv_core (D = \register_file1.datawb_i [18], Q = \register_file1.x [18]).
Adding EN signal on $auto$ff.cc:337:slice$18977 ($_DFFE_PP0P_) from module rv_core (D = \register_file1.datawb_i [19], Q = \register_file1.x [19]).
Adding EN signal on $auto$ff.cc:337:slice$18978 ($_DFFE_PP0P_) from module rv_core (D = \register_file1.datawb_i [20], Q = \register_file1.x [20]).
Adding EN signal on $auto$ff.cc:337:slice$18979 ($_DFFE_PP0P_) from module rv_core (D = \register_file1.datawb_i [21], Q = \register_file1.x [21]).
Adding EN signal on $auto$ff.cc:337:slice$18980 ($_DFFE_PP0P_) from module rv_core (D = \register_file1.datawb_i [22], Q = \register_file1.x [22]).
Adding EN signal on $auto$ff.cc:337:slice$18981 ($_DFFE_PP0P_) from module rv_core (D = \register_file1.datawb_i [23], Q = \register_file1.x [23]).
Adding EN signal on $auto$ff.cc:337:slice$18982 ($_DFFE_PP0P_) from module rv_core (D = \register_file1.datawb_i [24], Q = \register_file1.x [24]).
Adding EN signal on $auto$ff.cc:337:slice$18983 ($_DFFE_PP0P_) from module rv_core (D = \register_file1.datawb_i [25], Q = \register_file1.x [25]).
Adding EN signal on $auto$ff.cc:337:slice$18984 ($_DFFE_PP0P_) from module rv_core (D = \register_file1.datawb_i [26], Q = \register_file1.x [26]).
Adding EN signal on $auto$ff.cc:337:slice$18985 ($_DFFE_PP0P_) from module rv_core (D = \register_file1.datawb_i [27], Q = \register_file1.x [27]).
Adding EN signal on $auto$ff.cc:337:slice$18986 ($_DFFE_PP0P_) from module rv_core (D = \register_file1.datawb_i [28], Q = \register_file1.x [28]).
Adding EN signal on $auto$ff.cc:337:slice$18987 ($_DFFE_PP0P_) from module rv_core (D = \register_file1.datawb_i [29], Q = \register_file1.x [29]).
Adding EN signal on $auto$ff.cc:337:slice$18988 ($_DFFE_PP0P_) from module rv_core (D = \register_file1.datawb_i [30], Q = \register_file1.x [30]).
Adding EN signal on $auto$ff.cc:337:slice$18990 ($_DFFE_PP0P_) from module rv_core (D = \register_file1.datawb_i [0], Q = \register_file1.x [320]).
Adding EN signal on $auto$ff.cc:337:slice$18991 ($_DFFE_PP0P_) from module rv_core (D = \register_file1.datawb_i [1], Q = \register_file1.x [321]).
Adding EN signal on $auto$ff.cc:337:slice$18992 ($_DFFE_PP0P_) from module rv_core (D = \register_file1.datawb_i [2], Q = \register_file1.x [322]).
Adding EN signal on $auto$ff.cc:337:slice$18993 ($_DFFE_PP0P_) from module rv_core (D = \register_file1.datawb_i [3], Q = \register_file1.x [323]).
Adding EN signal on $auto$ff.cc:337:slice$18994 ($_DFFE_PP0P_) from module rv_core (D = \register_file1.datawb_i [4], Q = \register_file1.x [324]).
Adding EN signal on $auto$ff.cc:337:slice$18995 ($_DFFE_PP0P_) from module rv_core (D = \register_file1.datawb_i [5], Q = \register_file1.x [325]).
Adding EN signal on $auto$ff.cc:337:slice$18996 ($_DFFE_PP0P_) from module rv_core (D = \register_file1.datawb_i [6], Q = \register_file1.x [326]).
Adding EN signal on $auto$ff.cc:337:slice$18997 ($_DFFE_PP0P_) from module rv_core (D = \register_file1.datawb_i [7], Q = \register_file1.x [327]).
Adding EN signal on $auto$ff.cc:337:slice$18998 ($_DFFE_PP0P_) from module rv_core (D = \register_file1.datawb_i [8], Q = \register_file1.x [328]).
Adding EN signal on $auto$ff.cc:337:slice$18999 ($_DFFE_PP0P_) from module rv_core (D = \register_file1.datawb_i [9], Q = \register_file1.x [329]).
Adding EN signal on $auto$ff.cc:337:slice$19000 ($_DFFE_PP0P_) from module rv_core (D = \register_file1.datawb_i [10], Q = \register_file1.x [330]).
Adding EN signal on $auto$ff.cc:337:slice$19001 ($_DFFE_PP0P_) from module rv_core (D = \register_file1.datawb_i [11], Q = \register_file1.x [331]).
Adding EN signal on $auto$ff.cc:337:slice$19002 ($_DFFE_PP0P_) from module rv_core (D = \register_file1.datawb_i [12], Q = \register_file1.x [332]).
Adding EN signal on $auto$ff.cc:337:slice$19003 ($_DFFE_PP0P_) from module rv_core (D = \register_file1.datawb_i [13], Q = \register_file1.x [333]).
Adding EN signal on $auto$ff.cc:337:slice$19004 ($_DFFE_PP0P_) from module rv_core (D = \register_file1.datawb_i [14], Q = \register_file1.x [334]).
Adding EN signal on $auto$ff.cc:337:slice$19005 ($_DFFE_PP0P_) from module rv_core (D = \register_file1.datawb_i [15], Q = \register_file1.x [335]).
Adding EN signal on $auto$ff.cc:337:slice$19006 ($_DFFE_PP0P_) from module rv_core (D = \register_file1.datawb_i [16], Q = \register_file1.x [336]).
Adding EN signal on $auto$ff.cc:337:slice$19007 ($_DFFE_PP0P_) from module rv_core (D = \register_file1.datawb_i [17], Q = \register_file1.x [337]).
Adding EN signal on $auto$ff.cc:337:slice$19008 ($_DFFE_PP0P_) from module rv_core (D = \register_file1.datawb_i [18], Q = \register_file1.x [338]).
Adding EN signal on $auto$ff.cc:337:slice$19009 ($_DFFE_PP0P_) from module rv_core (D = \register_file1.datawb_i [19], Q = \register_file1.x [339]).
Adding EN signal on $auto$ff.cc:337:slice$19010 ($_DFFE_PP0P_) from module rv_core (D = \register_file1.datawb_i [20], Q = \register_file1.x [340]).
Adding EN signal on $auto$ff.cc:337:slice$19011 ($_DFFE_PP0P_) from module rv_core (D = \register_file1.datawb_i [21], Q = \register_file1.x [341]).
Adding EN signal on $auto$ff.cc:337:slice$19012 ($_DFFE_PP0P_) from module rv_core (D = \register_file1.datawb_i [22], Q = \register_file1.x [342]).
Adding EN signal on $auto$ff.cc:337:slice$19013 ($_DFFE_PP0P_) from module rv_core (D = \register_file1.datawb_i [23], Q = \register_file1.x [343]).
Adding EN signal on $auto$ff.cc:337:slice$19014 ($_DFFE_PP0P_) from module rv_core (D = \register_file1.datawb_i [24], Q = \register_file1.x [344]).
Adding EN signal on $auto$ff.cc:337:slice$19015 ($_DFFE_PP0P_) from module rv_core (D = \register_file1.datawb_i [25], Q = \register_file1.x [345]).
Adding EN signal on $auto$ff.cc:337:slice$19016 ($_DFFE_PP0P_) from module rv_core (D = \register_file1.datawb_i [26], Q = \register_file1.x [346]).
Adding EN signal on $auto$ff.cc:337:slice$19017 ($_DFFE_PP0P_) from module rv_core (D = \register_file1.datawb_i [27], Q = \register_file1.x [347]).
Adding EN signal on $auto$ff.cc:337:slice$19018 ($_DFFE_PP0P_) from module rv_core (D = \register_file1.datawb_i [28], Q = \register_file1.x [348]).
Adding EN signal on $auto$ff.cc:337:slice$19019 ($_DFFE_PP0P_) from module rv_core (D = \register_file1.datawb_i [29], Q = \register_file1.x [349]).
Adding EN signal on $auto$ff.cc:337:slice$19020 ($_DFFE_PP0P_) from module rv_core (D = \register_file1.datawb_i [30], Q = \register_file1.x [350]).
Adding EN signal on $auto$ff.cc:337:slice$19022 ($_DFFE_PP0P_) from module rv_core (D = \register_file1.datawb_i [0], Q = \register_file1.x [352]).
Adding EN signal on $auto$ff.cc:337:slice$19023 ($_DFFE_PP0P_) from module rv_core (D = \register_file1.datawb_i [1], Q = \register_file1.x [353]).
Adding EN signal on $auto$ff.cc:337:slice$19024 ($_DFFE_PP0P_) from module rv_core (D = \register_file1.datawb_i [2], Q = \register_file1.x [354]).
Adding EN signal on $auto$ff.cc:337:slice$19025 ($_DFFE_PP0P_) from module rv_core (D = \register_file1.datawb_i [3], Q = \register_file1.x [355]).
Adding EN signal on $auto$ff.cc:337:slice$19026 ($_DFFE_PP0P_) from module rv_core (D = \register_file1.datawb_i [4], Q = \register_file1.x [356]).
Adding EN signal on $auto$ff.cc:337:slice$19027 ($_DFFE_PP0P_) from module rv_core (D = \register_file1.datawb_i [5], Q = \register_file1.x [357]).
Adding EN signal on $auto$ff.cc:337:slice$19028 ($_DFFE_PP0P_) from module rv_core (D = \register_file1.datawb_i [6], Q = \register_file1.x [358]).
Adding EN signal on $auto$ff.cc:337:slice$19029 ($_DFFE_PP0P_) from module rv_core (D = \register_file1.datawb_i [7], Q = \register_file1.x [359]).
Adding EN signal on $auto$ff.cc:337:slice$19030 ($_DFFE_PP0P_) from module rv_core (D = \register_file1.datawb_i [8], Q = \register_file1.x [360]).
Adding EN signal on $auto$ff.cc:337:slice$19031 ($_DFFE_PP0P_) from module rv_core (D = \register_file1.datawb_i [9], Q = \register_file1.x [361]).
Adding EN signal on $auto$ff.cc:337:slice$19032 ($_DFFE_PP0P_) from module rv_core (D = \register_file1.datawb_i [10], Q = \register_file1.x [362]).
Adding EN signal on $auto$ff.cc:337:slice$19033 ($_DFFE_PP0P_) from module rv_core (D = \register_file1.datawb_i [11], Q = \register_file1.x [363]).
Adding EN signal on $auto$ff.cc:337:slice$19034 ($_DFFE_PP0P_) from module rv_core (D = \register_file1.datawb_i [12], Q = \register_file1.x [364]).
Adding EN signal on $auto$ff.cc:337:slice$19035 ($_DFFE_PP0P_) from module rv_core (D = \register_file1.datawb_i [13], Q = \register_file1.x [365]).
Adding EN signal on $auto$ff.cc:337:slice$19036 ($_DFFE_PP0P_) from module rv_core (D = \register_file1.datawb_i [14], Q = \register_file1.x [366]).
Adding EN signal on $auto$ff.cc:337:slice$19037 ($_DFFE_PP0P_) from module rv_core (D = \register_file1.datawb_i [15], Q = \register_file1.x [367]).
Adding EN signal on $auto$ff.cc:337:slice$19038 ($_DFFE_PP0P_) from module rv_core (D = \register_file1.datawb_i [16], Q = \register_file1.x [368]).
Adding EN signal on $auto$ff.cc:337:slice$19039 ($_DFFE_PP0P_) from module rv_core (D = \register_file1.datawb_i [17], Q = \register_file1.x [369]).
Adding EN signal on $auto$ff.cc:337:slice$19040 ($_DFFE_PP0P_) from module rv_core (D = \register_file1.datawb_i [18], Q = \register_file1.x [370]).
Adding EN signal on $auto$ff.cc:337:slice$19041 ($_DFFE_PP0P_) from module rv_core (D = \register_file1.datawb_i [19], Q = \register_file1.x [371]).
Adding EN signal on $auto$ff.cc:337:slice$19042 ($_DFFE_PP0P_) from module rv_core (D = \register_file1.datawb_i [20], Q = \register_file1.x [372]).
Adding EN signal on $auto$ff.cc:337:slice$19043 ($_DFFE_PP0P_) from module rv_core (D = \register_file1.datawb_i [21], Q = \register_file1.x [373]).
Adding EN signal on $auto$ff.cc:337:slice$19044 ($_DFFE_PP0P_) from module rv_core (D = \register_file1.datawb_i [22], Q = \register_file1.x [374]).
Adding EN signal on $auto$ff.cc:337:slice$19045 ($_DFFE_PP0P_) from module rv_core (D = \register_file1.datawb_i [23], Q = \register_file1.x [375]).
Adding EN signal on $auto$ff.cc:337:slice$19046 ($_DFFE_PP0P_) from module rv_core (D = \register_file1.datawb_i [24], Q = \register_file1.x [376]).
Adding EN signal on $auto$ff.cc:337:slice$19047 ($_DFFE_PP0P_) from module rv_core (D = \register_file1.datawb_i [25], Q = \register_file1.x [377]).
Adding EN signal on $auto$ff.cc:337:slice$19048 ($_DFFE_PP0P_) from module rv_core (D = \register_file1.datawb_i [26], Q = \register_file1.x [378]).
Adding EN signal on $auto$ff.cc:337:slice$19049 ($_DFFE_PP0P_) from module rv_core (D = \register_file1.datawb_i [27], Q = \register_file1.x [379]).
Adding EN signal on $auto$ff.cc:337:slice$19050 ($_DFFE_PP0P_) from module rv_core (D = \register_file1.datawb_i [28], Q = \register_file1.x [380]).
Adding EN signal on $auto$ff.cc:337:slice$19051 ($_DFFE_PP0P_) from module rv_core (D = \register_file1.datawb_i [29], Q = \register_file1.x [381]).
Adding EN signal on $auto$ff.cc:337:slice$19052 ($_DFFE_PP0P_) from module rv_core (D = \register_file1.datawb_i [30], Q = \register_file1.x [382]).
Adding EN signal on $auto$ff.cc:337:slice$19054 ($_DFFE_PP0P_) from module rv_core (D = \register_file1.datawb_i [0], Q = \register_file1.x [384]).
Adding EN signal on $auto$ff.cc:337:slice$19055 ($_DFFE_PP0P_) from module rv_core (D = \register_file1.datawb_i [1], Q = \register_file1.x [385]).
Adding EN signal on $auto$ff.cc:337:slice$19056 ($_DFFE_PP0P_) from module rv_core (D = \register_file1.datawb_i [2], Q = \register_file1.x [386]).
Adding EN signal on $auto$ff.cc:337:slice$19057 ($_DFFE_PP0P_) from module rv_core (D = \register_file1.datawb_i [3], Q = \register_file1.x [387]).
Adding EN signal on $auto$ff.cc:337:slice$19058 ($_DFFE_PP0P_) from module rv_core (D = \register_file1.datawb_i [4], Q = \register_file1.x [388]).
Adding EN signal on $auto$ff.cc:337:slice$19059 ($_DFFE_PP0P_) from module rv_core (D = \register_file1.datawb_i [5], Q = \register_file1.x [389]).
Adding EN signal on $auto$ff.cc:337:slice$19060 ($_DFFE_PP0P_) from module rv_core (D = \register_file1.datawb_i [6], Q = \register_file1.x [390]).
Adding EN signal on $auto$ff.cc:337:slice$19061 ($_DFFE_PP0P_) from module rv_core (D = \register_file1.datawb_i [7], Q = \register_file1.x [391]).
Adding EN signal on $auto$ff.cc:337:slice$19062 ($_DFFE_PP0P_) from module rv_core (D = \register_file1.datawb_i [8], Q = \register_file1.x [392]).
Adding EN signal on $auto$ff.cc:337:slice$19063 ($_DFFE_PP0P_) from module rv_core (D = \register_file1.datawb_i [9], Q = \register_file1.x [393]).
Adding EN signal on $auto$ff.cc:337:slice$19064 ($_DFFE_PP0P_) from module rv_core (D = \register_file1.datawb_i [10], Q = \register_file1.x [394]).
Adding EN signal on $auto$ff.cc:337:slice$19065 ($_DFFE_PP0P_) from module rv_core (D = \register_file1.datawb_i [11], Q = \register_file1.x [395]).
Adding EN signal on $auto$ff.cc:337:slice$19066 ($_DFFE_PP0P_) from module rv_core (D = \register_file1.datawb_i [12], Q = \register_file1.x [396]).
Adding EN signal on $auto$ff.cc:337:slice$19067 ($_DFFE_PP0P_) from module rv_core (D = \register_file1.datawb_i [13], Q = \register_file1.x [397]).
Adding EN signal on $auto$ff.cc:337:slice$19068 ($_DFFE_PP0P_) from module rv_core (D = \register_file1.datawb_i [14], Q = \register_file1.x [398]).
Adding EN signal on $auto$ff.cc:337:slice$19069 ($_DFFE_PP0P_) from module rv_core (D = \register_file1.datawb_i [15], Q = \register_file1.x [399]).
Adding EN signal on $auto$ff.cc:337:slice$19070 ($_DFFE_PP0P_) from module rv_core (D = \register_file1.datawb_i [16], Q = \register_file1.x [400]).
Adding EN signal on $auto$ff.cc:337:slice$19071 ($_DFFE_PP0P_) from module rv_core (D = \register_file1.datawb_i [17], Q = \register_file1.x [401]).
Adding EN signal on $auto$ff.cc:337:slice$19072 ($_DFFE_PP0P_) from module rv_core (D = \register_file1.datawb_i [18], Q = \register_file1.x [402]).
Adding EN signal on $auto$ff.cc:337:slice$19073 ($_DFFE_PP0P_) from module rv_core (D = \register_file1.datawb_i [19], Q = \register_file1.x [403]).
Adding EN signal on $auto$ff.cc:337:slice$19074 ($_DFFE_PP0P_) from module rv_core (D = \register_file1.datawb_i [20], Q = \register_file1.x [404]).
Adding EN signal on $auto$ff.cc:337:slice$19075 ($_DFFE_PP0P_) from module rv_core (D = \register_file1.datawb_i [21], Q = \register_file1.x [405]).
Adding EN signal on $auto$ff.cc:337:slice$19076 ($_DFFE_PP0P_) from module rv_core (D = \register_file1.datawb_i [22], Q = \register_file1.x [406]).
Adding EN signal on $auto$ff.cc:337:slice$19077 ($_DFFE_PP0P_) from module rv_core (D = \register_file1.datawb_i [23], Q = \register_file1.x [407]).
Adding EN signal on $auto$ff.cc:337:slice$19078 ($_DFFE_PP0P_) from module rv_core (D = \register_file1.datawb_i [24], Q = \register_file1.x [408]).
Adding EN signal on $auto$ff.cc:337:slice$19079 ($_DFFE_PP0P_) from module rv_core (D = \register_file1.datawb_i [25], Q = \register_file1.x [409]).
Adding EN signal on $auto$ff.cc:337:slice$19080 ($_DFFE_PP0P_) from module rv_core (D = \register_file1.datawb_i [26], Q = \register_file1.x [410]).
Adding EN signal on $auto$ff.cc:337:slice$19081 ($_DFFE_PP0P_) from module rv_core (D = \register_file1.datawb_i [27], Q = \register_file1.x [411]).
Adding EN signal on $auto$ff.cc:337:slice$19082 ($_DFFE_PP0P_) from module rv_core (D = \register_file1.datawb_i [28], Q = \register_file1.x [412]).
Adding EN signal on $auto$ff.cc:337:slice$19083 ($_DFFE_PP0P_) from module rv_core (D = \register_file1.datawb_i [29], Q = \register_file1.x [413]).
Adding EN signal on $auto$ff.cc:337:slice$19084 ($_DFFE_PP0P_) from module rv_core (D = \register_file1.datawb_i [30], Q = \register_file1.x [414]).
Adding EN signal on $auto$ff.cc:337:slice$19086 ($_DFFE_PP0P_) from module rv_core (D = \register_file1.datawb_i [0], Q = \register_file1.x [416]).
Adding EN signal on $auto$ff.cc:337:slice$19087 ($_DFFE_PP0P_) from module rv_core (D = \register_file1.datawb_i [1], Q = \register_file1.x [417]).
Adding EN signal on $auto$ff.cc:337:slice$19088 ($_DFFE_PP0P_) from module rv_core (D = \register_file1.datawb_i [2], Q = \register_file1.x [418]).
Adding EN signal on $auto$ff.cc:337:slice$19089 ($_DFFE_PP0P_) from module rv_core (D = \register_file1.datawb_i [3], Q = \register_file1.x [419]).
Adding EN signal on $auto$ff.cc:337:slice$19090 ($_DFFE_PP0P_) from module rv_core (D = \register_file1.datawb_i [4], Q = \register_file1.x [420]).
Adding EN signal on $auto$ff.cc:337:slice$19091 ($_DFFE_PP0P_) from module rv_core (D = \register_file1.datawb_i [5], Q = \register_file1.x [421]).
Adding EN signal on $auto$ff.cc:337:slice$19092 ($_DFFE_PP0P_) from module rv_core (D = \register_file1.datawb_i [6], Q = \register_file1.x [422]).
Adding EN signal on $auto$ff.cc:337:slice$19093 ($_DFFE_PP0P_) from module rv_core (D = \register_file1.datawb_i [7], Q = \register_file1.x [423]).
Adding EN signal on $auto$ff.cc:337:slice$19094 ($_DFFE_PP0P_) from module rv_core (D = \register_file1.datawb_i [8], Q = \register_file1.x [424]).
Adding EN signal on $auto$ff.cc:337:slice$19095 ($_DFFE_PP0P_) from module rv_core (D = \register_file1.datawb_i [9], Q = \register_file1.x [425]).
Adding EN signal on $auto$ff.cc:337:slice$19096 ($_DFFE_PP0P_) from module rv_core (D = \register_file1.datawb_i [10], Q = \register_file1.x [426]).
Adding EN signal on $auto$ff.cc:337:slice$19097 ($_DFFE_PP0P_) from module rv_core (D = \register_file1.datawb_i [11], Q = \register_file1.x [427]).
Adding EN signal on $auto$ff.cc:337:slice$19098 ($_DFFE_PP0P_) from module rv_core (D = \register_file1.datawb_i [12], Q = \register_file1.x [428]).
Adding EN signal on $auto$ff.cc:337:slice$19099 ($_DFFE_PP0P_) from module rv_core (D = \register_file1.datawb_i [13], Q = \register_file1.x [429]).
Adding EN signal on $auto$ff.cc:337:slice$19100 ($_DFFE_PP0P_) from module rv_core (D = \register_file1.datawb_i [14], Q = \register_file1.x [430]).
Adding EN signal on $auto$ff.cc:337:slice$19101 ($_DFFE_PP0P_) from module rv_core (D = \register_file1.datawb_i [15], Q = \register_file1.x [431]).
Adding EN signal on $auto$ff.cc:337:slice$19102 ($_DFFE_PP0P_) from module rv_core (D = \register_file1.datawb_i [16], Q = \register_file1.x [432]).
Adding EN signal on $auto$ff.cc:337:slice$19103 ($_DFFE_PP0P_) from module rv_core (D = \register_file1.datawb_i [17], Q = \register_file1.x [433]).
Adding EN signal on $auto$ff.cc:337:slice$19104 ($_DFFE_PP0P_) from module rv_core (D = \register_file1.datawb_i [18], Q = \register_file1.x [434]).
Adding EN signal on $auto$ff.cc:337:slice$19105 ($_DFFE_PP0P_) from module rv_core (D = \register_file1.datawb_i [19], Q = \register_file1.x [435]).
Adding EN signal on $auto$ff.cc:337:slice$19106 ($_DFFE_PP0P_) from module rv_core (D = \register_file1.datawb_i [20], Q = \register_file1.x [436]).
Adding EN signal on $auto$ff.cc:337:slice$19107 ($_DFFE_PP0P_) from module rv_core (D = \register_file1.datawb_i [21], Q = \register_file1.x [437]).
Adding EN signal on $auto$ff.cc:337:slice$19108 ($_DFFE_PP0P_) from module rv_core (D = \register_file1.datawb_i [22], Q = \register_file1.x [438]).
Adding EN signal on $auto$ff.cc:337:slice$19109 ($_DFFE_PP0P_) from module rv_core (D = \register_file1.datawb_i [23], Q = \register_file1.x [439]).
Adding EN signal on $auto$ff.cc:337:slice$19110 ($_DFFE_PP0P_) from module rv_core (D = \register_file1.datawb_i [24], Q = \register_file1.x [440]).
Adding EN signal on $auto$ff.cc:337:slice$19111 ($_DFFE_PP0P_) from module rv_core (D = \register_file1.datawb_i [25], Q = \register_file1.x [441]).
Adding EN signal on $auto$ff.cc:337:slice$19112 ($_DFFE_PP0P_) from module rv_core (D = \register_file1.datawb_i [26], Q = \register_file1.x [442]).
Adding EN signal on $auto$ff.cc:337:slice$19113 ($_DFFE_PP0P_) from module rv_core (D = \register_file1.datawb_i [27], Q = \register_file1.x [443]).
Adding EN signal on $auto$ff.cc:337:slice$19114 ($_DFFE_PP0P_) from module rv_core (D = \register_file1.datawb_i [28], Q = \register_file1.x [444]).
Adding EN signal on $auto$ff.cc:337:slice$19115 ($_DFFE_PP0P_) from module rv_core (D = \register_file1.datawb_i [29], Q = \register_file1.x [445]).
Adding EN signal on $auto$ff.cc:337:slice$19116 ($_DFFE_PP0P_) from module rv_core (D = \register_file1.datawb_i [30], Q = \register_file1.x [446]).
Adding EN signal on $auto$ff.cc:337:slice$19118 ($_DFFE_PP0P_) from module rv_core (D = \register_file1.datawb_i [0], Q = \register_file1.x [448]).
Adding EN signal on $auto$ff.cc:337:slice$19119 ($_DFFE_PP0P_) from module rv_core (D = \register_file1.datawb_i [1], Q = \register_file1.x [449]).
Adding EN signal on $auto$ff.cc:337:slice$19120 ($_DFFE_PP0P_) from module rv_core (D = \register_file1.datawb_i [2], Q = \register_file1.x [450]).
Adding EN signal on $auto$ff.cc:337:slice$19121 ($_DFFE_PP0P_) from module rv_core (D = \register_file1.datawb_i [3], Q = \register_file1.x [451]).
Adding EN signal on $auto$ff.cc:337:slice$19122 ($_DFFE_PP0P_) from module rv_core (D = \register_file1.datawb_i [4], Q = \register_file1.x [452]).
Adding EN signal on $auto$ff.cc:337:slice$19123 ($_DFFE_PP0P_) from module rv_core (D = \register_file1.datawb_i [5], Q = \register_file1.x [453]).
Adding EN signal on $auto$ff.cc:337:slice$19124 ($_DFFE_PP0P_) from module rv_core (D = \register_file1.datawb_i [6], Q = \register_file1.x [454]).
Adding EN signal on $auto$ff.cc:337:slice$19125 ($_DFFE_PP0P_) from module rv_core (D = \register_file1.datawb_i [7], Q = \register_file1.x [455]).
Adding EN signal on $auto$ff.cc:337:slice$19126 ($_DFFE_PP0P_) from module rv_core (D = \register_file1.datawb_i [8], Q = \register_file1.x [456]).
Adding EN signal on $auto$ff.cc:337:slice$19127 ($_DFFE_PP0P_) from module rv_core (D = \register_file1.datawb_i [9], Q = \register_file1.x [457]).
Adding EN signal on $auto$ff.cc:337:slice$19128 ($_DFFE_PP0P_) from module rv_core (D = \register_file1.datawb_i [10], Q = \register_file1.x [458]).
Adding EN signal on $auto$ff.cc:337:slice$19129 ($_DFFE_PP0P_) from module rv_core (D = \register_file1.datawb_i [11], Q = \register_file1.x [459]).
Adding EN signal on $auto$ff.cc:337:slice$19130 ($_DFFE_PP0P_) from module rv_core (D = \register_file1.datawb_i [12], Q = \register_file1.x [460]).
Adding EN signal on $auto$ff.cc:337:slice$19131 ($_DFFE_PP0P_) from module rv_core (D = \register_file1.datawb_i [13], Q = \register_file1.x [461]).
Adding EN signal on $auto$ff.cc:337:slice$19132 ($_DFFE_PP0P_) from module rv_core (D = \register_file1.datawb_i [14], Q = \register_file1.x [462]).
Adding EN signal on $auto$ff.cc:337:slice$19133 ($_DFFE_PP0P_) from module rv_core (D = \register_file1.datawb_i [15], Q = \register_file1.x [463]).
Adding EN signal on $auto$ff.cc:337:slice$19134 ($_DFFE_PP0P_) from module rv_core (D = \register_file1.datawb_i [16], Q = \register_file1.x [464]).
Adding EN signal on $auto$ff.cc:337:slice$19135 ($_DFFE_PP0P_) from module rv_core (D = \register_file1.datawb_i [17], Q = \register_file1.x [465]).
Adding EN signal on $auto$ff.cc:337:slice$19136 ($_DFFE_PP0P_) from module rv_core (D = \register_file1.datawb_i [18], Q = \register_file1.x [466]).
Adding EN signal on $auto$ff.cc:337:slice$19137 ($_DFFE_PP0P_) from module rv_core (D = \register_file1.datawb_i [19], Q = \register_file1.x [467]).
Adding EN signal on $auto$ff.cc:337:slice$19138 ($_DFFE_PP0P_) from module rv_core (D = \register_file1.datawb_i [20], Q = \register_file1.x [468]).
Adding EN signal on $auto$ff.cc:337:slice$19139 ($_DFFE_PP0P_) from module rv_core (D = \register_file1.datawb_i [21], Q = \register_file1.x [469]).
Adding EN signal on $auto$ff.cc:337:slice$19140 ($_DFFE_PP0P_) from module rv_core (D = \register_file1.datawb_i [22], Q = \register_file1.x [470]).
Adding EN signal on $auto$ff.cc:337:slice$19141 ($_DFFE_PP0P_) from module rv_core (D = \register_file1.datawb_i [23], Q = \register_file1.x [471]).
Adding EN signal on $auto$ff.cc:337:slice$19142 ($_DFFE_PP0P_) from module rv_core (D = \register_file1.datawb_i [24], Q = \register_file1.x [472]).
Adding EN signal on $auto$ff.cc:337:slice$19143 ($_DFFE_PP0P_) from module rv_core (D = \register_file1.datawb_i [25], Q = \register_file1.x [473]).
Adding EN signal on $auto$ff.cc:337:slice$19144 ($_DFFE_PP0P_) from module rv_core (D = \register_file1.datawb_i [26], Q = \register_file1.x [474]).
Adding EN signal on $auto$ff.cc:337:slice$19145 ($_DFFE_PP0P_) from module rv_core (D = \register_file1.datawb_i [27], Q = \register_file1.x [475]).
Adding EN signal on $auto$ff.cc:337:slice$19146 ($_DFFE_PP0P_) from module rv_core (D = \register_file1.datawb_i [28], Q = \register_file1.x [476]).
Adding EN signal on $auto$ff.cc:337:slice$19147 ($_DFFE_PP0P_) from module rv_core (D = \register_file1.datawb_i [29], Q = \register_file1.x [477]).
Adding EN signal on $auto$ff.cc:337:slice$19148 ($_DFFE_PP0P_) from module rv_core (D = \register_file1.datawb_i [30], Q = \register_file1.x [478]).
Adding EN signal on $auto$ff.cc:337:slice$19150 ($_DFFE_PP0P_) from module rv_core (D = \register_file1.datawb_i [0], Q = \register_file1.x [480]).
Adding EN signal on $auto$ff.cc:337:slice$19151 ($_DFFE_PP0P_) from module rv_core (D = \register_file1.datawb_i [1], Q = \register_file1.x [481]).
Adding EN signal on $auto$ff.cc:337:slice$19152 ($_DFFE_PP0P_) from module rv_core (D = \register_file1.datawb_i [2], Q = \register_file1.x [482]).
Adding EN signal on $auto$ff.cc:337:slice$19153 ($_DFFE_PP0P_) from module rv_core (D = \register_file1.datawb_i [3], Q = \register_file1.x [483]).
Adding EN signal on $auto$ff.cc:337:slice$19154 ($_DFFE_PP0P_) from module rv_core (D = \register_file1.datawb_i [4], Q = \register_file1.x [484]).
Adding EN signal on $auto$ff.cc:337:slice$19155 ($_DFFE_PP0P_) from module rv_core (D = \register_file1.datawb_i [5], Q = \register_file1.x [485]).
Adding EN signal on $auto$ff.cc:337:slice$19156 ($_DFFE_PP0P_) from module rv_core (D = \register_file1.datawb_i [6], Q = \register_file1.x [486]).
Adding EN signal on $auto$ff.cc:337:slice$19157 ($_DFFE_PP0P_) from module rv_core (D = \register_file1.datawb_i [7], Q = \register_file1.x [487]).
Adding EN signal on $auto$ff.cc:337:slice$19158 ($_DFFE_PP0P_) from module rv_core (D = \register_file1.datawb_i [8], Q = \register_file1.x [488]).
Adding EN signal on $auto$ff.cc:337:slice$19159 ($_DFFE_PP0P_) from module rv_core (D = \register_file1.datawb_i [9], Q = \register_file1.x [489]).
Adding EN signal on $auto$ff.cc:337:slice$19160 ($_DFFE_PP0P_) from module rv_core (D = \register_file1.datawb_i [10], Q = \register_file1.x [490]).
Adding EN signal on $auto$ff.cc:337:slice$19161 ($_DFFE_PP0P_) from module rv_core (D = \register_file1.datawb_i [11], Q = \register_file1.x [491]).
Adding EN signal on $auto$ff.cc:337:slice$19162 ($_DFFE_PP0P_) from module rv_core (D = \register_file1.datawb_i [12], Q = \register_file1.x [492]).
Adding EN signal on $auto$ff.cc:337:slice$19163 ($_DFFE_PP0P_) from module rv_core (D = \register_file1.datawb_i [13], Q = \register_file1.x [493]).
Adding EN signal on $auto$ff.cc:337:slice$19164 ($_DFFE_PP0P_) from module rv_core (D = \register_file1.datawb_i [14], Q = \register_file1.x [494]).
Adding EN signal on $auto$ff.cc:337:slice$19165 ($_DFFE_PP0P_) from module rv_core (D = \register_file1.datawb_i [15], Q = \register_file1.x [495]).
Adding EN signal on $auto$ff.cc:337:slice$19166 ($_DFFE_PP0P_) from module rv_core (D = \register_file1.datawb_i [16], Q = \register_file1.x [496]).
Adding EN signal on $auto$ff.cc:337:slice$19167 ($_DFFE_PP0P_) from module rv_core (D = \register_file1.datawb_i [17], Q = \register_file1.x [497]).
Adding EN signal on $auto$ff.cc:337:slice$19168 ($_DFFE_PP0P_) from module rv_core (D = \register_file1.datawb_i [18], Q = \register_file1.x [498]).
Adding EN signal on $auto$ff.cc:337:slice$19169 ($_DFFE_PP0P_) from module rv_core (D = \register_file1.datawb_i [19], Q = \register_file1.x [499]).
Adding EN signal on $auto$ff.cc:337:slice$19170 ($_DFFE_PP0P_) from module rv_core (D = \register_file1.datawb_i [20], Q = \register_file1.x [500]).
Adding EN signal on $auto$ff.cc:337:slice$19171 ($_DFFE_PP0P_) from module rv_core (D = \register_file1.datawb_i [21], Q = \register_file1.x [501]).
Adding EN signal on $auto$ff.cc:337:slice$19172 ($_DFFE_PP0P_) from module rv_core (D = \register_file1.datawb_i [22], Q = \register_file1.x [502]).
Adding EN signal on $auto$ff.cc:337:slice$19173 ($_DFFE_PP0P_) from module rv_core (D = \register_file1.datawb_i [23], Q = \register_file1.x [503]).
Adding EN signal on $auto$ff.cc:337:slice$19174 ($_DFFE_PP0P_) from module rv_core (D = \register_file1.datawb_i [24], Q = \register_file1.x [504]).
Adding EN signal on $auto$ff.cc:337:slice$19175 ($_DFFE_PP0P_) from module rv_core (D = \register_file1.datawb_i [25], Q = \register_file1.x [505]).
Adding EN signal on $auto$ff.cc:337:slice$19176 ($_DFFE_PP0P_) from module rv_core (D = \register_file1.datawb_i [26], Q = \register_file1.x [506]).
Adding EN signal on $auto$ff.cc:337:slice$19177 ($_DFFE_PP0P_) from module rv_core (D = \register_file1.datawb_i [27], Q = \register_file1.x [507]).
Adding EN signal on $auto$ff.cc:337:slice$19178 ($_DFFE_PP0P_) from module rv_core (D = \register_file1.datawb_i [28], Q = \register_file1.x [508]).
Adding EN signal on $auto$ff.cc:337:slice$19179 ($_DFFE_PP0P_) from module rv_core (D = \register_file1.datawb_i [29], Q = \register_file1.x [509]).
Adding EN signal on $auto$ff.cc:337:slice$19180 ($_DFFE_PP0P_) from module rv_core (D = \register_file1.datawb_i [30], Q = \register_file1.x [510]).
Adding EN signal on $auto$ff.cc:337:slice$19182 ($_DFFE_PP0P_) from module rv_core (D = \register_file1.datawb_i [0], Q = \register_file1.x [512]).
Adding EN signal on $auto$ff.cc:337:slice$19183 ($_DFFE_PP0P_) from module rv_core (D = \register_file1.datawb_i [1], Q = \register_file1.x [513]).
Adding EN signal on $auto$ff.cc:337:slice$19184 ($_DFFE_PP0P_) from module rv_core (D = \register_file1.datawb_i [2], Q = \register_file1.x [514]).
Adding EN signal on $auto$ff.cc:337:slice$19185 ($_DFFE_PP0P_) from module rv_core (D = \register_file1.datawb_i [3], Q = \register_file1.x [515]).
Adding EN signal on $auto$ff.cc:337:slice$19186 ($_DFFE_PP0P_) from module rv_core (D = \register_file1.datawb_i [4], Q = \register_file1.x [516]).
Adding EN signal on $auto$ff.cc:337:slice$19187 ($_DFFE_PP0P_) from module rv_core (D = \register_file1.datawb_i [5], Q = \register_file1.x [517]).
Adding EN signal on $auto$ff.cc:337:slice$19188 ($_DFFE_PP0P_) from module rv_core (D = \register_file1.datawb_i [6], Q = \register_file1.x [518]).
Adding EN signal on $auto$ff.cc:337:slice$19189 ($_DFFE_PP0P_) from module rv_core (D = \register_file1.datawb_i [7], Q = \register_file1.x [519]).
Adding EN signal on $auto$ff.cc:337:slice$19190 ($_DFFE_PP0P_) from module rv_core (D = \register_file1.datawb_i [8], Q = \register_file1.x [520]).
Adding EN signal on $auto$ff.cc:337:slice$19191 ($_DFFE_PP0P_) from module rv_core (D = \register_file1.datawb_i [9], Q = \register_file1.x [521]).
Adding EN signal on $auto$ff.cc:337:slice$19192 ($_DFFE_PP0P_) from module rv_core (D = \register_file1.datawb_i [10], Q = \register_file1.x [522]).
Adding EN signal on $auto$ff.cc:337:slice$19193 ($_DFFE_PP0P_) from module rv_core (D = \register_file1.datawb_i [11], Q = \register_file1.x [523]).
Adding EN signal on $auto$ff.cc:337:slice$19194 ($_DFFE_PP0P_) from module rv_core (D = \register_file1.datawb_i [12], Q = \register_file1.x [524]).
Adding EN signal on $auto$ff.cc:337:slice$19195 ($_DFFE_PP0P_) from module rv_core (D = \register_file1.datawb_i [13], Q = \register_file1.x [525]).
Adding EN signal on $auto$ff.cc:337:slice$19196 ($_DFFE_PP0P_) from module rv_core (D = \register_file1.datawb_i [14], Q = \register_file1.x [526]).
Adding EN signal on $auto$ff.cc:337:slice$19197 ($_DFFE_PP0P_) from module rv_core (D = \register_file1.datawb_i [15], Q = \register_file1.x [527]).
Adding EN signal on $auto$ff.cc:337:slice$19198 ($_DFFE_PP0P_) from module rv_core (D = \register_file1.datawb_i [16], Q = \register_file1.x [528]).
Adding EN signal on $auto$ff.cc:337:slice$19199 ($_DFFE_PP0P_) from module rv_core (D = \register_file1.datawb_i [17], Q = \register_file1.x [529]).
Adding EN signal on $auto$ff.cc:337:slice$19200 ($_DFFE_PP0P_) from module rv_core (D = \register_file1.datawb_i [18], Q = \register_file1.x [530]).
Adding EN signal on $auto$ff.cc:337:slice$19201 ($_DFFE_PP0P_) from module rv_core (D = \register_file1.datawb_i [19], Q = \register_file1.x [531]).
Adding EN signal on $auto$ff.cc:337:slice$19202 ($_DFFE_PP0P_) from module rv_core (D = \register_file1.datawb_i [20], Q = \register_file1.x [532]).
Adding EN signal on $auto$ff.cc:337:slice$19203 ($_DFFE_PP0P_) from module rv_core (D = \register_file1.datawb_i [21], Q = \register_file1.x [533]).
Adding EN signal on $auto$ff.cc:337:slice$19204 ($_DFFE_PP0P_) from module rv_core (D = \register_file1.datawb_i [22], Q = \register_file1.x [534]).
Adding EN signal on $auto$ff.cc:337:slice$19205 ($_DFFE_PP0P_) from module rv_core (D = \register_file1.datawb_i [23], Q = \register_file1.x [535]).
Adding EN signal on $auto$ff.cc:337:slice$19206 ($_DFFE_PP0P_) from module rv_core (D = \register_file1.datawb_i [24], Q = \register_file1.x [536]).
Adding EN signal on $auto$ff.cc:337:slice$19207 ($_DFFE_PP0P_) from module rv_core (D = \register_file1.datawb_i [25], Q = \register_file1.x [537]).
Adding EN signal on $auto$ff.cc:337:slice$19208 ($_DFFE_PP0P_) from module rv_core (D = \register_file1.datawb_i [26], Q = \register_file1.x [538]).
Adding EN signal on $auto$ff.cc:337:slice$19209 ($_DFFE_PP0P_) from module rv_core (D = \register_file1.datawb_i [27], Q = \register_file1.x [539]).
Adding EN signal on $auto$ff.cc:337:slice$19210 ($_DFFE_PP0P_) from module rv_core (D = \register_file1.datawb_i [28], Q = \register_file1.x [540]).
Adding EN signal on $auto$ff.cc:337:slice$19211 ($_DFFE_PP0P_) from module rv_core (D = \register_file1.datawb_i [29], Q = \register_file1.x [541]).
Adding EN signal on $auto$ff.cc:337:slice$19212 ($_DFFE_PP0P_) from module rv_core (D = \register_file1.datawb_i [30], Q = \register_file1.x [542]).
Adding EN signal on $auto$ff.cc:337:slice$19214 ($_DFFE_PP0P_) from module rv_core (D = \register_file1.datawb_i [0], Q = \register_file1.x [544]).
Adding EN signal on $auto$ff.cc:337:slice$19215 ($_DFFE_PP0P_) from module rv_core (D = \register_file1.datawb_i [1], Q = \register_file1.x [545]).
Adding EN signal on $auto$ff.cc:337:slice$19216 ($_DFFE_PP0P_) from module rv_core (D = \register_file1.datawb_i [2], Q = \register_file1.x [546]).
Adding EN signal on $auto$ff.cc:337:slice$19217 ($_DFFE_PP0P_) from module rv_core (D = \register_file1.datawb_i [3], Q = \register_file1.x [547]).
Adding EN signal on $auto$ff.cc:337:slice$19218 ($_DFFE_PP0P_) from module rv_core (D = \register_file1.datawb_i [4], Q = \register_file1.x [548]).
Adding EN signal on $auto$ff.cc:337:slice$19219 ($_DFFE_PP0P_) from module rv_core (D = \register_file1.datawb_i [5], Q = \register_file1.x [549]).
Adding EN signal on $auto$ff.cc:337:slice$19220 ($_DFFE_PP0P_) from module rv_core (D = \register_file1.datawb_i [6], Q = \register_file1.x [550]).
Adding EN signal on $auto$ff.cc:337:slice$19221 ($_DFFE_PP0P_) from module rv_core (D = \register_file1.datawb_i [7], Q = \register_file1.x [551]).
Adding EN signal on $auto$ff.cc:337:slice$19222 ($_DFFE_PP0P_) from module rv_core (D = \register_file1.datawb_i [8], Q = \register_file1.x [552]).
Adding EN signal on $auto$ff.cc:337:slice$19223 ($_DFFE_PP0P_) from module rv_core (D = \register_file1.datawb_i [9], Q = \register_file1.x [553]).
Adding EN signal on $auto$ff.cc:337:slice$19224 ($_DFFE_PP0P_) from module rv_core (D = \register_file1.datawb_i [10], Q = \register_file1.x [554]).
Adding EN signal on $auto$ff.cc:337:slice$19225 ($_DFFE_PP0P_) from module rv_core (D = \register_file1.datawb_i [11], Q = \register_file1.x [555]).
Adding EN signal on $auto$ff.cc:337:slice$19226 ($_DFFE_PP0P_) from module rv_core (D = \register_file1.datawb_i [12], Q = \register_file1.x [556]).
Adding EN signal on $auto$ff.cc:337:slice$19227 ($_DFFE_PP0P_) from module rv_core (D = \register_file1.datawb_i [13], Q = \register_file1.x [557]).
Adding EN signal on $auto$ff.cc:337:slice$19228 ($_DFFE_PP0P_) from module rv_core (D = \register_file1.datawb_i [14], Q = \register_file1.x [558]).
Adding EN signal on $auto$ff.cc:337:slice$19229 ($_DFFE_PP0P_) from module rv_core (D = \register_file1.datawb_i [15], Q = \register_file1.x [559]).
Adding EN signal on $auto$ff.cc:337:slice$19230 ($_DFFE_PP0P_) from module rv_core (D = \register_file1.datawb_i [16], Q = \register_file1.x [560]).
Adding EN signal on $auto$ff.cc:337:slice$19231 ($_DFFE_PP0P_) from module rv_core (D = \register_file1.datawb_i [17], Q = \register_file1.x [561]).
Adding EN signal on $auto$ff.cc:337:slice$19232 ($_DFFE_PP0P_) from module rv_core (D = \register_file1.datawb_i [18], Q = \register_file1.x [562]).
Adding EN signal on $auto$ff.cc:337:slice$19233 ($_DFFE_PP0P_) from module rv_core (D = \register_file1.datawb_i [19], Q = \register_file1.x [563]).
Adding EN signal on $auto$ff.cc:337:slice$19234 ($_DFFE_PP0P_) from module rv_core (D = \register_file1.datawb_i [20], Q = \register_file1.x [564]).
Adding EN signal on $auto$ff.cc:337:slice$19235 ($_DFFE_PP0P_) from module rv_core (D = \register_file1.datawb_i [21], Q = \register_file1.x [565]).
Adding EN signal on $auto$ff.cc:337:slice$19236 ($_DFFE_PP0P_) from module rv_core (D = \register_file1.datawb_i [22], Q = \register_file1.x [566]).
Adding EN signal on $auto$ff.cc:337:slice$19237 ($_DFFE_PP0P_) from module rv_core (D = \register_file1.datawb_i [23], Q = \register_file1.x [567]).
Adding EN signal on $auto$ff.cc:337:slice$19238 ($_DFFE_PP0P_) from module rv_core (D = \register_file1.datawb_i [24], Q = \register_file1.x [568]).
Adding EN signal on $auto$ff.cc:337:slice$19239 ($_DFFE_PP0P_) from module rv_core (D = \register_file1.datawb_i [25], Q = \register_file1.x [569]).
Adding EN signal on $auto$ff.cc:337:slice$19240 ($_DFFE_PP0P_) from module rv_core (D = \register_file1.datawb_i [26], Q = \register_file1.x [570]).
Adding EN signal on $auto$ff.cc:337:slice$19241 ($_DFFE_PP0P_) from module rv_core (D = \register_file1.datawb_i [27], Q = \register_file1.x [571]).
Adding EN signal on $auto$ff.cc:337:slice$19242 ($_DFFE_PP0P_) from module rv_core (D = \register_file1.datawb_i [28], Q = \register_file1.x [572]).
Adding EN signal on $auto$ff.cc:337:slice$19243 ($_DFFE_PP0P_) from module rv_core (D = \register_file1.datawb_i [29], Q = \register_file1.x [573]).
Adding EN signal on $auto$ff.cc:337:slice$19244 ($_DFFE_PP0P_) from module rv_core (D = \register_file1.datawb_i [30], Q = \register_file1.x [574]).
Adding EN signal on $auto$ff.cc:337:slice$19246 ($_DFFE_PP0P_) from module rv_core (D = \register_file1.datawb_i [0], Q = \register_file1.x [576]).
Adding EN signal on $auto$ff.cc:337:slice$19247 ($_DFFE_PP0P_) from module rv_core (D = \register_file1.datawb_i [1], Q = \register_file1.x [577]).
Adding EN signal on $auto$ff.cc:337:slice$19248 ($_DFFE_PP0P_) from module rv_core (D = \register_file1.datawb_i [2], Q = \register_file1.x [578]).
Adding EN signal on $auto$ff.cc:337:slice$19249 ($_DFFE_PP0P_) from module rv_core (D = \register_file1.datawb_i [3], Q = \register_file1.x [579]).
Adding EN signal on $auto$ff.cc:337:slice$19250 ($_DFFE_PP0P_) from module rv_core (D = \register_file1.datawb_i [4], Q = \register_file1.x [580]).
Adding EN signal on $auto$ff.cc:337:slice$19251 ($_DFFE_PP0P_) from module rv_core (D = \register_file1.datawb_i [5], Q = \register_file1.x [581]).
Adding EN signal on $auto$ff.cc:337:slice$19252 ($_DFFE_PP0P_) from module rv_core (D = \register_file1.datawb_i [6], Q = \register_file1.x [582]).
Adding EN signal on $auto$ff.cc:337:slice$19253 ($_DFFE_PP0P_) from module rv_core (D = \register_file1.datawb_i [7], Q = \register_file1.x [583]).
Adding EN signal on $auto$ff.cc:337:slice$19254 ($_DFFE_PP0P_) from module rv_core (D = \register_file1.datawb_i [8], Q = \register_file1.x [584]).
Adding EN signal on $auto$ff.cc:337:slice$19255 ($_DFFE_PP0P_) from module rv_core (D = \register_file1.datawb_i [9], Q = \register_file1.x [585]).
Adding EN signal on $auto$ff.cc:337:slice$19256 ($_DFFE_PP0P_) from module rv_core (D = \register_file1.datawb_i [10], Q = \register_file1.x [586]).
Adding EN signal on $auto$ff.cc:337:slice$19257 ($_DFFE_PP0P_) from module rv_core (D = \register_file1.datawb_i [11], Q = \register_file1.x [587]).
Adding EN signal on $auto$ff.cc:337:slice$19258 ($_DFFE_PP0P_) from module rv_core (D = \register_file1.datawb_i [12], Q = \register_file1.x [588]).
Adding EN signal on $auto$ff.cc:337:slice$19259 ($_DFFE_PP0P_) from module rv_core (D = \register_file1.datawb_i [13], Q = \register_file1.x [589]).
Adding EN signal on $auto$ff.cc:337:slice$19260 ($_DFFE_PP0P_) from module rv_core (D = \register_file1.datawb_i [14], Q = \register_file1.x [590]).
Adding EN signal on $auto$ff.cc:337:slice$19261 ($_DFFE_PP0P_) from module rv_core (D = \register_file1.datawb_i [15], Q = \register_file1.x [591]).
Adding EN signal on $auto$ff.cc:337:slice$19262 ($_DFFE_PP0P_) from module rv_core (D = \register_file1.datawb_i [16], Q = \register_file1.x [592]).
Adding EN signal on $auto$ff.cc:337:slice$19263 ($_DFFE_PP0P_) from module rv_core (D = \register_file1.datawb_i [17], Q = \register_file1.x [593]).
Adding EN signal on $auto$ff.cc:337:slice$19264 ($_DFFE_PP0P_) from module rv_core (D = \register_file1.datawb_i [18], Q = \register_file1.x [594]).
Adding EN signal on $auto$ff.cc:337:slice$19265 ($_DFFE_PP0P_) from module rv_core (D = \register_file1.datawb_i [19], Q = \register_file1.x [595]).
Adding EN signal on $auto$ff.cc:337:slice$19266 ($_DFFE_PP0P_) from module rv_core (D = \register_file1.datawb_i [20], Q = \register_file1.x [596]).
Adding EN signal on $auto$ff.cc:337:slice$19267 ($_DFFE_PP0P_) from module rv_core (D = \register_file1.datawb_i [21], Q = \register_file1.x [597]).
Adding EN signal on $auto$ff.cc:337:slice$19268 ($_DFFE_PP0P_) from module rv_core (D = \register_file1.datawb_i [22], Q = \register_file1.x [598]).
Adding EN signal on $auto$ff.cc:337:slice$19269 ($_DFFE_PP0P_) from module rv_core (D = \register_file1.datawb_i [23], Q = \register_file1.x [599]).
Adding EN signal on $auto$ff.cc:337:slice$19270 ($_DFFE_PP0P_) from module rv_core (D = \register_file1.datawb_i [24], Q = \register_file1.x [600]).
Adding EN signal on $auto$ff.cc:337:slice$19271 ($_DFFE_PP0P_) from module rv_core (D = \register_file1.datawb_i [25], Q = \register_file1.x [601]).
Adding EN signal on $auto$ff.cc:337:slice$19272 ($_DFFE_PP0P_) from module rv_core (D = \register_file1.datawb_i [26], Q = \register_file1.x [602]).
Adding EN signal on $auto$ff.cc:337:slice$19273 ($_DFFE_PP0P_) from module rv_core (D = \register_file1.datawb_i [27], Q = \register_file1.x [603]).
Adding EN signal on $auto$ff.cc:337:slice$19274 ($_DFFE_PP0P_) from module rv_core (D = \register_file1.datawb_i [28], Q = \register_file1.x [604]).
Adding EN signal on $auto$ff.cc:337:slice$19275 ($_DFFE_PP0P_) from module rv_core (D = \register_file1.datawb_i [29], Q = \register_file1.x [605]).
Adding EN signal on $auto$ff.cc:337:slice$19276 ($_DFFE_PP0P_) from module rv_core (D = \register_file1.datawb_i [30], Q = \register_file1.x [606]).
Adding EN signal on $auto$ff.cc:337:slice$19278 ($_DFFE_PP0P_) from module rv_core (D = \register_file1.datawb_i [0], Q = \register_file1.x [608]).
Adding EN signal on $auto$ff.cc:337:slice$19279 ($_DFFE_PP0P_) from module rv_core (D = \register_file1.datawb_i [1], Q = \register_file1.x [609]).
Adding EN signal on $auto$ff.cc:337:slice$19280 ($_DFFE_PP0P_) from module rv_core (D = \register_file1.datawb_i [2], Q = \register_file1.x [610]).
Adding EN signal on $auto$ff.cc:337:slice$19281 ($_DFFE_PP0P_) from module rv_core (D = \register_file1.datawb_i [3], Q = \register_file1.x [611]).
Adding EN signal on $auto$ff.cc:337:slice$19282 ($_DFFE_PP0P_) from module rv_core (D = \register_file1.datawb_i [4], Q = \register_file1.x [612]).
Adding EN signal on $auto$ff.cc:337:slice$19283 ($_DFFE_PP0P_) from module rv_core (D = \register_file1.datawb_i [5], Q = \register_file1.x [613]).
Adding EN signal on $auto$ff.cc:337:slice$19284 ($_DFFE_PP0P_) from module rv_core (D = \register_file1.datawb_i [6], Q = \register_file1.x [614]).
Adding EN signal on $auto$ff.cc:337:slice$19285 ($_DFFE_PP0P_) from module rv_core (D = \register_file1.datawb_i [7], Q = \register_file1.x [615]).
Adding EN signal on $auto$ff.cc:337:slice$19286 ($_DFFE_PP0P_) from module rv_core (D = \register_file1.datawb_i [8], Q = \register_file1.x [616]).
Adding EN signal on $auto$ff.cc:337:slice$19287 ($_DFFE_PP0P_) from module rv_core (D = \register_file1.datawb_i [9], Q = \register_file1.x [617]).
Adding EN signal on $auto$ff.cc:337:slice$19288 ($_DFFE_PP0P_) from module rv_core (D = \register_file1.datawb_i [10], Q = \register_file1.x [618]).
Adding EN signal on $auto$ff.cc:337:slice$19289 ($_DFFE_PP0P_) from module rv_core (D = \register_file1.datawb_i [11], Q = \register_file1.x [619]).
Adding EN signal on $auto$ff.cc:337:slice$19290 ($_DFFE_PP0P_) from module rv_core (D = \register_file1.datawb_i [12], Q = \register_file1.x [620]).
Adding EN signal on $auto$ff.cc:337:slice$19291 ($_DFFE_PP0P_) from module rv_core (D = \register_file1.datawb_i [13], Q = \register_file1.x [621]).
Adding EN signal on $auto$ff.cc:337:slice$19292 ($_DFFE_PP0P_) from module rv_core (D = \register_file1.datawb_i [14], Q = \register_file1.x [622]).
Adding EN signal on $auto$ff.cc:337:slice$19293 ($_DFFE_PP0P_) from module rv_core (D = \register_file1.datawb_i [15], Q = \register_file1.x [623]).
Adding EN signal on $auto$ff.cc:337:slice$19294 ($_DFFE_PP0P_) from module rv_core (D = \register_file1.datawb_i [16], Q = \register_file1.x [624]).
Adding EN signal on $auto$ff.cc:337:slice$19295 ($_DFFE_PP0P_) from module rv_core (D = \register_file1.datawb_i [17], Q = \register_file1.x [625]).
Adding EN signal on $auto$ff.cc:337:slice$19296 ($_DFFE_PP0P_) from module rv_core (D = \register_file1.datawb_i [18], Q = \register_file1.x [626]).
Adding EN signal on $auto$ff.cc:337:slice$19297 ($_DFFE_PP0P_) from module rv_core (D = \register_file1.datawb_i [19], Q = \register_file1.x [627]).
Adding EN signal on $auto$ff.cc:337:slice$19298 ($_DFFE_PP0P_) from module rv_core (D = \register_file1.datawb_i [20], Q = \register_file1.x [628]).
Adding EN signal on $auto$ff.cc:337:slice$19299 ($_DFFE_PP0P_) from module rv_core (D = \register_file1.datawb_i [21], Q = \register_file1.x [629]).
Adding EN signal on $auto$ff.cc:337:slice$19300 ($_DFFE_PP0P_) from module rv_core (D = \register_file1.datawb_i [22], Q = \register_file1.x [630]).
Adding EN signal on $auto$ff.cc:337:slice$19301 ($_DFFE_PP0P_) from module rv_core (D = \register_file1.datawb_i [23], Q = \register_file1.x [631]).
Adding EN signal on $auto$ff.cc:337:slice$19302 ($_DFFE_PP0P_) from module rv_core (D = \register_file1.datawb_i [24], Q = \register_file1.x [632]).
Adding EN signal on $auto$ff.cc:337:slice$19303 ($_DFFE_PP0P_) from module rv_core (D = \register_file1.datawb_i [25], Q = \register_file1.x [633]).
Adding EN signal on $auto$ff.cc:337:slice$19304 ($_DFFE_PP0P_) from module rv_core (D = \register_file1.datawb_i [26], Q = \register_file1.x [634]).
Adding EN signal on $auto$ff.cc:337:slice$19305 ($_DFFE_PP0P_) from module rv_core (D = \register_file1.datawb_i [27], Q = \register_file1.x [635]).
Adding EN signal on $auto$ff.cc:337:slice$19306 ($_DFFE_PP0P_) from module rv_core (D = \register_file1.datawb_i [28], Q = \register_file1.x [636]).
Adding EN signal on $auto$ff.cc:337:slice$19307 ($_DFFE_PP0P_) from module rv_core (D = \register_file1.datawb_i [29], Q = \register_file1.x [637]).
Adding EN signal on $auto$ff.cc:337:slice$19308 ($_DFFE_PP0P_) from module rv_core (D = \register_file1.datawb_i [30], Q = \register_file1.x [638]).
Adding EN signal on $auto$ff.cc:337:slice$19310 ($_DFFE_PP0P_) from module rv_core (D = \register_file1.datawb_i [0], Q = \register_file1.x [32]).
Adding EN signal on $auto$ff.cc:337:slice$19311 ($_DFFE_PP0P_) from module rv_core (D = \register_file1.datawb_i [1], Q = \register_file1.x [33]).
Adding EN signal on $auto$ff.cc:337:slice$19312 ($_DFFE_PP0P_) from module rv_core (D = \register_file1.datawb_i [2], Q = \register_file1.x [34]).
Adding EN signal on $auto$ff.cc:337:slice$19313 ($_DFFE_PP0P_) from module rv_core (D = \register_file1.datawb_i [3], Q = \register_file1.x [35]).
Adding EN signal on $auto$ff.cc:337:slice$19314 ($_DFFE_PP0P_) from module rv_core (D = \register_file1.datawb_i [4], Q = \register_file1.x [36]).
Adding EN signal on $auto$ff.cc:337:slice$19315 ($_DFFE_PP0P_) from module rv_core (D = \register_file1.datawb_i [5], Q = \register_file1.x [37]).
Adding EN signal on $auto$ff.cc:337:slice$19316 ($_DFFE_PP0P_) from module rv_core (D = \register_file1.datawb_i [6], Q = \register_file1.x [38]).
Adding EN signal on $auto$ff.cc:337:slice$19317 ($_DFFE_PP0P_) from module rv_core (D = \register_file1.datawb_i [7], Q = \register_file1.x [39]).
Adding EN signal on $auto$ff.cc:337:slice$19318 ($_DFFE_PP0P_) from module rv_core (D = \register_file1.datawb_i [8], Q = \register_file1.x [40]).
Adding EN signal on $auto$ff.cc:337:slice$19319 ($_DFFE_PP0P_) from module rv_core (D = \register_file1.datawb_i [9], Q = \register_file1.x [41]).
Adding EN signal on $auto$ff.cc:337:slice$19320 ($_DFFE_PP0P_) from module rv_core (D = \register_file1.datawb_i [10], Q = \register_file1.x [42]).
Adding EN signal on $auto$ff.cc:337:slice$19321 ($_DFFE_PP0P_) from module rv_core (D = \register_file1.datawb_i [11], Q = \register_file1.x [43]).
Adding EN signal on $auto$ff.cc:337:slice$19322 ($_DFFE_PP0P_) from module rv_core (D = \register_file1.datawb_i [12], Q = \register_file1.x [44]).
Adding EN signal on $auto$ff.cc:337:slice$19323 ($_DFFE_PP0P_) from module rv_core (D = \register_file1.datawb_i [13], Q = \register_file1.x [45]).
Adding EN signal on $auto$ff.cc:337:slice$19324 ($_DFFE_PP0P_) from module rv_core (D = \register_file1.datawb_i [14], Q = \register_file1.x [46]).
Adding EN signal on $auto$ff.cc:337:slice$19325 ($_DFFE_PP0P_) from module rv_core (D = \register_file1.datawb_i [15], Q = \register_file1.x [47]).
Adding EN signal on $auto$ff.cc:337:slice$19326 ($_DFFE_PP0P_) from module rv_core (D = \register_file1.datawb_i [16], Q = \register_file1.x [48]).
Adding EN signal on $auto$ff.cc:337:slice$19327 ($_DFFE_PP0P_) from module rv_core (D = \register_file1.datawb_i [17], Q = \register_file1.x [49]).
Adding EN signal on $auto$ff.cc:337:slice$19328 ($_DFFE_PP0P_) from module rv_core (D = \register_file1.datawb_i [18], Q = \register_file1.x [50]).
Adding EN signal on $auto$ff.cc:337:slice$19329 ($_DFFE_PP0P_) from module rv_core (D = \register_file1.datawb_i [19], Q = \register_file1.x [51]).
Adding EN signal on $auto$ff.cc:337:slice$19330 ($_DFFE_PP0P_) from module rv_core (D = \register_file1.datawb_i [20], Q = \register_file1.x [52]).
Adding EN signal on $auto$ff.cc:337:slice$19331 ($_DFFE_PP0P_) from module rv_core (D = \register_file1.datawb_i [21], Q = \register_file1.x [53]).
Adding EN signal on $auto$ff.cc:337:slice$19332 ($_DFFE_PP0P_) from module rv_core (D = \register_file1.datawb_i [22], Q = \register_file1.x [54]).
Adding EN signal on $auto$ff.cc:337:slice$19333 ($_DFFE_PP0P_) from module rv_core (D = \register_file1.datawb_i [23], Q = \register_file1.x [55]).
Adding EN signal on $auto$ff.cc:337:slice$19334 ($_DFFE_PP0P_) from module rv_core (D = \register_file1.datawb_i [24], Q = \register_file1.x [56]).
Adding EN signal on $auto$ff.cc:337:slice$19335 ($_DFFE_PP0P_) from module rv_core (D = \register_file1.datawb_i [25], Q = \register_file1.x [57]).
Adding EN signal on $auto$ff.cc:337:slice$19336 ($_DFFE_PP0P_) from module rv_core (D = \register_file1.datawb_i [26], Q = \register_file1.x [58]).
Adding EN signal on $auto$ff.cc:337:slice$19337 ($_DFFE_PP0P_) from module rv_core (D = \register_file1.datawb_i [27], Q = \register_file1.x [59]).
Adding EN signal on $auto$ff.cc:337:slice$19338 ($_DFFE_PP0P_) from module rv_core (D = \register_file1.datawb_i [28], Q = \register_file1.x [60]).
Adding EN signal on $auto$ff.cc:337:slice$19339 ($_DFFE_PP0P_) from module rv_core (D = \register_file1.datawb_i [29], Q = \register_file1.x [61]).
Adding EN signal on $auto$ff.cc:337:slice$19340 ($_DFFE_PP0P_) from module rv_core (D = \register_file1.datawb_i [30], Q = \register_file1.x [62]).
Adding EN signal on $auto$ff.cc:337:slice$19342 ($_DFFE_PP0P_) from module rv_core (D = \register_file1.datawb_i [0], Q = \register_file1.x [640]).
Adding EN signal on $auto$ff.cc:337:slice$19343 ($_DFFE_PP0P_) from module rv_core (D = \register_file1.datawb_i [1], Q = \register_file1.x [641]).
Adding EN signal on $auto$ff.cc:337:slice$19344 ($_DFFE_PP0P_) from module rv_core (D = \register_file1.datawb_i [2], Q = \register_file1.x [642]).
Adding EN signal on $auto$ff.cc:337:slice$19345 ($_DFFE_PP0P_) from module rv_core (D = \register_file1.datawb_i [3], Q = \register_file1.x [643]).
Adding EN signal on $auto$ff.cc:337:slice$19346 ($_DFFE_PP0P_) from module rv_core (D = \register_file1.datawb_i [4], Q = \register_file1.x [644]).
Adding EN signal on $auto$ff.cc:337:slice$19347 ($_DFFE_PP0P_) from module rv_core (D = \register_file1.datawb_i [5], Q = \register_file1.x [645]).
Adding EN signal on $auto$ff.cc:337:slice$19348 ($_DFFE_PP0P_) from module rv_core (D = \register_file1.datawb_i [6], Q = \register_file1.x [646]).
Adding EN signal on $auto$ff.cc:337:slice$19349 ($_DFFE_PP0P_) from module rv_core (D = \register_file1.datawb_i [7], Q = \register_file1.x [647]).
Adding EN signal on $auto$ff.cc:337:slice$19350 ($_DFFE_PP0P_) from module rv_core (D = \register_file1.datawb_i [8], Q = \register_file1.x [648]).
Adding EN signal on $auto$ff.cc:337:slice$19351 ($_DFFE_PP0P_) from module rv_core (D = \register_file1.datawb_i [9], Q = \register_file1.x [649]).
Adding EN signal on $auto$ff.cc:337:slice$19352 ($_DFFE_PP0P_) from module rv_core (D = \register_file1.datawb_i [10], Q = \register_file1.x [650]).
Adding EN signal on $auto$ff.cc:337:slice$19353 ($_DFFE_PP0P_) from module rv_core (D = \register_file1.datawb_i [11], Q = \register_file1.x [651]).
Adding EN signal on $auto$ff.cc:337:slice$19354 ($_DFFE_PP0P_) from module rv_core (D = \register_file1.datawb_i [12], Q = \register_file1.x [652]).
Adding EN signal on $auto$ff.cc:337:slice$19355 ($_DFFE_PP0P_) from module rv_core (D = \register_file1.datawb_i [13], Q = \register_file1.x [653]).
Adding EN signal on $auto$ff.cc:337:slice$19356 ($_DFFE_PP0P_) from module rv_core (D = \register_file1.datawb_i [14], Q = \register_file1.x [654]).
Adding EN signal on $auto$ff.cc:337:slice$19357 ($_DFFE_PP0P_) from module rv_core (D = \register_file1.datawb_i [15], Q = \register_file1.x [655]).
Adding EN signal on $auto$ff.cc:337:slice$19358 ($_DFFE_PP0P_) from module rv_core (D = \register_file1.datawb_i [16], Q = \register_file1.x [656]).
Adding EN signal on $auto$ff.cc:337:slice$19359 ($_DFFE_PP0P_) from module rv_core (D = \register_file1.datawb_i [17], Q = \register_file1.x [657]).
Adding EN signal on $auto$ff.cc:337:slice$19360 ($_DFFE_PP0P_) from module rv_core (D = \register_file1.datawb_i [18], Q = \register_file1.x [658]).
Adding EN signal on $auto$ff.cc:337:slice$19361 ($_DFFE_PP0P_) from module rv_core (D = \register_file1.datawb_i [19], Q = \register_file1.x [659]).
Adding EN signal on $auto$ff.cc:337:slice$19362 ($_DFFE_PP0P_) from module rv_core (D = \register_file1.datawb_i [20], Q = \register_file1.x [660]).
Adding EN signal on $auto$ff.cc:337:slice$19363 ($_DFFE_PP0P_) from module rv_core (D = \register_file1.datawb_i [21], Q = \register_file1.x [661]).
Adding EN signal on $auto$ff.cc:337:slice$19364 ($_DFFE_PP0P_) from module rv_core (D = \register_file1.datawb_i [22], Q = \register_file1.x [662]).
Adding EN signal on $auto$ff.cc:337:slice$19365 ($_DFFE_PP0P_) from module rv_core (D = \register_file1.datawb_i [23], Q = \register_file1.x [663]).
Adding EN signal on $auto$ff.cc:337:slice$19366 ($_DFFE_PP0P_) from module rv_core (D = \register_file1.datawb_i [24], Q = \register_file1.x [664]).
Adding EN signal on $auto$ff.cc:337:slice$19367 ($_DFFE_PP0P_) from module rv_core (D = \register_file1.datawb_i [25], Q = \register_file1.x [665]).
Adding EN signal on $auto$ff.cc:337:slice$19368 ($_DFFE_PP0P_) from module rv_core (D = \register_file1.datawb_i [26], Q = \register_file1.x [666]).
Adding EN signal on $auto$ff.cc:337:slice$19369 ($_DFFE_PP0P_) from module rv_core (D = \register_file1.datawb_i [27], Q = \register_file1.x [667]).
Adding EN signal on $auto$ff.cc:337:slice$19370 ($_DFFE_PP0P_) from module rv_core (D = \register_file1.datawb_i [28], Q = \register_file1.x [668]).
Adding EN signal on $auto$ff.cc:337:slice$19371 ($_DFFE_PP0P_) from module rv_core (D = \register_file1.datawb_i [29], Q = \register_file1.x [669]).
Adding EN signal on $auto$ff.cc:337:slice$19372 ($_DFFE_PP0P_) from module rv_core (D = \register_file1.datawb_i [30], Q = \register_file1.x [670]).
Adding EN signal on $auto$ff.cc:337:slice$19374 ($_DFFE_PP0P_) from module rv_core (D = \register_file1.datawb_i [0], Q = \register_file1.x [672]).
Adding EN signal on $auto$ff.cc:337:slice$19375 ($_DFFE_PP0P_) from module rv_core (D = \register_file1.datawb_i [1], Q = \register_file1.x [673]).
Adding EN signal on $auto$ff.cc:337:slice$19376 ($_DFFE_PP0P_) from module rv_core (D = \register_file1.datawb_i [2], Q = \register_file1.x [674]).
Adding EN signal on $auto$ff.cc:337:slice$19377 ($_DFFE_PP0P_) from module rv_core (D = \register_file1.datawb_i [3], Q = \register_file1.x [675]).
Adding EN signal on $auto$ff.cc:337:slice$19378 ($_DFFE_PP0P_) from module rv_core (D = \register_file1.datawb_i [4], Q = \register_file1.x [676]).
Adding EN signal on $auto$ff.cc:337:slice$19379 ($_DFFE_PP0P_) from module rv_core (D = \register_file1.datawb_i [5], Q = \register_file1.x [677]).
Adding EN signal on $auto$ff.cc:337:slice$19380 ($_DFFE_PP0P_) from module rv_core (D = \register_file1.datawb_i [6], Q = \register_file1.x [678]).
Adding EN signal on $auto$ff.cc:337:slice$19381 ($_DFFE_PP0P_) from module rv_core (D = \register_file1.datawb_i [7], Q = \register_file1.x [679]).
Adding EN signal on $auto$ff.cc:337:slice$19382 ($_DFFE_PP0P_) from module rv_core (D = \register_file1.datawb_i [8], Q = \register_file1.x [680]).
Adding EN signal on $auto$ff.cc:337:slice$19383 ($_DFFE_PP0P_) from module rv_core (D = \register_file1.datawb_i [9], Q = \register_file1.x [681]).
Adding EN signal on $auto$ff.cc:337:slice$19384 ($_DFFE_PP0P_) from module rv_core (D = \register_file1.datawb_i [10], Q = \register_file1.x [682]).
Adding EN signal on $auto$ff.cc:337:slice$19385 ($_DFFE_PP0P_) from module rv_core (D = \register_file1.datawb_i [11], Q = \register_file1.x [683]).
Adding EN signal on $auto$ff.cc:337:slice$19386 ($_DFFE_PP0P_) from module rv_core (D = \register_file1.datawb_i [12], Q = \register_file1.x [684]).
Adding EN signal on $auto$ff.cc:337:slice$19387 ($_DFFE_PP0P_) from module rv_core (D = \register_file1.datawb_i [13], Q = \register_file1.x [685]).
Adding EN signal on $auto$ff.cc:337:slice$19388 ($_DFFE_PP0P_) from module rv_core (D = \register_file1.datawb_i [14], Q = \register_file1.x [686]).
Adding EN signal on $auto$ff.cc:337:slice$19389 ($_DFFE_PP0P_) from module rv_core (D = \register_file1.datawb_i [15], Q = \register_file1.x [687]).
Adding EN signal on $auto$ff.cc:337:slice$19390 ($_DFFE_PP0P_) from module rv_core (D = \register_file1.datawb_i [16], Q = \register_file1.x [688]).
Adding EN signal on $auto$ff.cc:337:slice$19391 ($_DFFE_PP0P_) from module rv_core (D = \register_file1.datawb_i [17], Q = \register_file1.x [689]).
Adding EN signal on $auto$ff.cc:337:slice$19392 ($_DFFE_PP0P_) from module rv_core (D = \register_file1.datawb_i [18], Q = \register_file1.x [690]).
Adding EN signal on $auto$ff.cc:337:slice$19393 ($_DFFE_PP0P_) from module rv_core (D = \register_file1.datawb_i [19], Q = \register_file1.x [691]).
Adding EN signal on $auto$ff.cc:337:slice$19394 ($_DFFE_PP0P_) from module rv_core (D = \register_file1.datawb_i [20], Q = \register_file1.x [692]).
Adding EN signal on $auto$ff.cc:337:slice$19395 ($_DFFE_PP0P_) from module rv_core (D = \register_file1.datawb_i [21], Q = \register_file1.x [693]).
Adding EN signal on $auto$ff.cc:337:slice$19396 ($_DFFE_PP0P_) from module rv_core (D = \register_file1.datawb_i [22], Q = \register_file1.x [694]).
Adding EN signal on $auto$ff.cc:337:slice$19397 ($_DFFE_PP0P_) from module rv_core (D = \register_file1.datawb_i [23], Q = \register_file1.x [695]).
Adding EN signal on $auto$ff.cc:337:slice$19398 ($_DFFE_PP0P_) from module rv_core (D = \register_file1.datawb_i [24], Q = \register_file1.x [696]).
Adding EN signal on $auto$ff.cc:337:slice$19399 ($_DFFE_PP0P_) from module rv_core (D = \register_file1.datawb_i [25], Q = \register_file1.x [697]).
Adding EN signal on $auto$ff.cc:337:slice$19400 ($_DFFE_PP0P_) from module rv_core (D = \register_file1.datawb_i [26], Q = \register_file1.x [698]).
Adding EN signal on $auto$ff.cc:337:slice$19401 ($_DFFE_PP0P_) from module rv_core (D = \register_file1.datawb_i [27], Q = \register_file1.x [699]).
Adding EN signal on $auto$ff.cc:337:slice$19402 ($_DFFE_PP0P_) from module rv_core (D = \register_file1.datawb_i [28], Q = \register_file1.x [700]).
Adding EN signal on $auto$ff.cc:337:slice$19403 ($_DFFE_PP0P_) from module rv_core (D = \register_file1.datawb_i [29], Q = \register_file1.x [701]).
Adding EN signal on $auto$ff.cc:337:slice$19404 ($_DFFE_PP0P_) from module rv_core (D = \register_file1.datawb_i [30], Q = \register_file1.x [702]).
Adding EN signal on $auto$ff.cc:337:slice$19406 ($_DFFE_PP0P_) from module rv_core (D = \register_file1.datawb_i [0], Q = \register_file1.x [704]).
Adding EN signal on $auto$ff.cc:337:slice$19407 ($_DFFE_PP0P_) from module rv_core (D = \register_file1.datawb_i [1], Q = \register_file1.x [705]).
Adding EN signal on $auto$ff.cc:337:slice$19408 ($_DFFE_PP0P_) from module rv_core (D = \register_file1.datawb_i [2], Q = \register_file1.x [706]).
Adding EN signal on $auto$ff.cc:337:slice$19409 ($_DFFE_PP0P_) from module rv_core (D = \register_file1.datawb_i [3], Q = \register_file1.x [707]).
Adding EN signal on $auto$ff.cc:337:slice$19410 ($_DFFE_PP0P_) from module rv_core (D = \register_file1.datawb_i [4], Q = \register_file1.x [708]).
Adding EN signal on $auto$ff.cc:337:slice$19411 ($_DFFE_PP0P_) from module rv_core (D = \register_file1.datawb_i [5], Q = \register_file1.x [709]).
Adding EN signal on $auto$ff.cc:337:slice$19412 ($_DFFE_PP0P_) from module rv_core (D = \register_file1.datawb_i [6], Q = \register_file1.x [710]).
Adding EN signal on $auto$ff.cc:337:slice$19413 ($_DFFE_PP0P_) from module rv_core (D = \register_file1.datawb_i [7], Q = \register_file1.x [711]).
Adding EN signal on $auto$ff.cc:337:slice$19414 ($_DFFE_PP0P_) from module rv_core (D = \register_file1.datawb_i [8], Q = \register_file1.x [712]).
Adding EN signal on $auto$ff.cc:337:slice$19415 ($_DFFE_PP0P_) from module rv_core (D = \register_file1.datawb_i [9], Q = \register_file1.x [713]).
Adding EN signal on $auto$ff.cc:337:slice$19416 ($_DFFE_PP0P_) from module rv_core (D = \register_file1.datawb_i [10], Q = \register_file1.x [714]).
Adding EN signal on $auto$ff.cc:337:slice$19417 ($_DFFE_PP0P_) from module rv_core (D = \register_file1.datawb_i [11], Q = \register_file1.x [715]).
Adding EN signal on $auto$ff.cc:337:slice$19418 ($_DFFE_PP0P_) from module rv_core (D = \register_file1.datawb_i [12], Q = \register_file1.x [716]).
Adding EN signal on $auto$ff.cc:337:slice$19419 ($_DFFE_PP0P_) from module rv_core (D = \register_file1.datawb_i [13], Q = \register_file1.x [717]).
Adding EN signal on $auto$ff.cc:337:slice$19420 ($_DFFE_PP0P_) from module rv_core (D = \register_file1.datawb_i [14], Q = \register_file1.x [718]).
Adding EN signal on $auto$ff.cc:337:slice$19421 ($_DFFE_PP0P_) from module rv_core (D = \register_file1.datawb_i [15], Q = \register_file1.x [719]).
Adding EN signal on $auto$ff.cc:337:slice$19422 ($_DFFE_PP0P_) from module rv_core (D = \register_file1.datawb_i [16], Q = \register_file1.x [720]).
Adding EN signal on $auto$ff.cc:337:slice$19423 ($_DFFE_PP0P_) from module rv_core (D = \register_file1.datawb_i [17], Q = \register_file1.x [721]).
Adding EN signal on $auto$ff.cc:337:slice$19424 ($_DFFE_PP0P_) from module rv_core (D = \register_file1.datawb_i [18], Q = \register_file1.x [722]).
Adding EN signal on $auto$ff.cc:337:slice$19425 ($_DFFE_PP0P_) from module rv_core (D = \register_file1.datawb_i [19], Q = \register_file1.x [723]).
Adding EN signal on $auto$ff.cc:337:slice$19426 ($_DFFE_PP0P_) from module rv_core (D = \register_file1.datawb_i [20], Q = \register_file1.x [724]).
Adding EN signal on $auto$ff.cc:337:slice$19427 ($_DFFE_PP0P_) from module rv_core (D = \register_file1.datawb_i [21], Q = \register_file1.x [725]).
Adding EN signal on $auto$ff.cc:337:slice$19428 ($_DFFE_PP0P_) from module rv_core (D = \register_file1.datawb_i [22], Q = \register_file1.x [726]).
Adding EN signal on $auto$ff.cc:337:slice$19429 ($_DFFE_PP0P_) from module rv_core (D = \register_file1.datawb_i [23], Q = \register_file1.x [727]).
Adding EN signal on $auto$ff.cc:337:slice$19430 ($_DFFE_PP0P_) from module rv_core (D = \register_file1.datawb_i [24], Q = \register_file1.x [728]).
Adding EN signal on $auto$ff.cc:337:slice$19431 ($_DFFE_PP0P_) from module rv_core (D = \register_file1.datawb_i [25], Q = \register_file1.x [729]).
Adding EN signal on $auto$ff.cc:337:slice$19432 ($_DFFE_PP0P_) from module rv_core (D = \register_file1.datawb_i [26], Q = \register_file1.x [730]).
Adding EN signal on $auto$ff.cc:337:slice$19433 ($_DFFE_PP0P_) from module rv_core (D = \register_file1.datawb_i [27], Q = \register_file1.x [731]).
Adding EN signal on $auto$ff.cc:337:slice$19434 ($_DFFE_PP0P_) from module rv_core (D = \register_file1.datawb_i [28], Q = \register_file1.x [732]).
Adding EN signal on $auto$ff.cc:337:slice$19435 ($_DFFE_PP0P_) from module rv_core (D = \register_file1.datawb_i [29], Q = \register_file1.x [733]).
Adding EN signal on $auto$ff.cc:337:slice$19436 ($_DFFE_PP0P_) from module rv_core (D = \register_file1.datawb_i [30], Q = \register_file1.x [734]).
Adding EN signal on $auto$ff.cc:337:slice$19438 ($_DFFE_PP0P_) from module rv_core (D = \register_file1.datawb_i [0], Q = \register_file1.x [736]).
Adding EN signal on $auto$ff.cc:337:slice$19439 ($_DFFE_PP0P_) from module rv_core (D = \register_file1.datawb_i [1], Q = \register_file1.x [737]).
Adding EN signal on $auto$ff.cc:337:slice$19440 ($_DFFE_PP0P_) from module rv_core (D = \register_file1.datawb_i [2], Q = \register_file1.x [738]).
Adding EN signal on $auto$ff.cc:337:slice$19441 ($_DFFE_PP0P_) from module rv_core (D = \register_file1.datawb_i [3], Q = \register_file1.x [739]).
Adding EN signal on $auto$ff.cc:337:slice$19442 ($_DFFE_PP0P_) from module rv_core (D = \register_file1.datawb_i [4], Q = \register_file1.x [740]).
Adding EN signal on $auto$ff.cc:337:slice$19443 ($_DFFE_PP0P_) from module rv_core (D = \register_file1.datawb_i [5], Q = \register_file1.x [741]).
Adding EN signal on $auto$ff.cc:337:slice$19444 ($_DFFE_PP0P_) from module rv_core (D = \register_file1.datawb_i [6], Q = \register_file1.x [742]).
Adding EN signal on $auto$ff.cc:337:slice$19445 ($_DFFE_PP0P_) from module rv_core (D = \register_file1.datawb_i [7], Q = \register_file1.x [743]).
Adding EN signal on $auto$ff.cc:337:slice$19446 ($_DFFE_PP0P_) from module rv_core (D = \register_file1.datawb_i [8], Q = \register_file1.x [744]).
Adding EN signal on $auto$ff.cc:337:slice$19447 ($_DFFE_PP0P_) from module rv_core (D = \register_file1.datawb_i [9], Q = \register_file1.x [745]).
Adding EN signal on $auto$ff.cc:337:slice$19448 ($_DFFE_PP0P_) from module rv_core (D = \register_file1.datawb_i [10], Q = \register_file1.x [746]).
Adding EN signal on $auto$ff.cc:337:slice$19449 ($_DFFE_PP0P_) from module rv_core (D = \register_file1.datawb_i [11], Q = \register_file1.x [747]).
Adding EN signal on $auto$ff.cc:337:slice$19450 ($_DFFE_PP0P_) from module rv_core (D = \register_file1.datawb_i [12], Q = \register_file1.x [748]).
Adding EN signal on $auto$ff.cc:337:slice$19451 ($_DFFE_PP0P_) from module rv_core (D = \register_file1.datawb_i [13], Q = \register_file1.x [749]).
Adding EN signal on $auto$ff.cc:337:slice$19452 ($_DFFE_PP0P_) from module rv_core (D = \register_file1.datawb_i [14], Q = \register_file1.x [750]).
Adding EN signal on $auto$ff.cc:337:slice$19453 ($_DFFE_PP0P_) from module rv_core (D = \register_file1.datawb_i [15], Q = \register_file1.x [751]).
Adding EN signal on $auto$ff.cc:337:slice$19454 ($_DFFE_PP0P_) from module rv_core (D = \register_file1.datawb_i [16], Q = \register_file1.x [752]).
Adding EN signal on $auto$ff.cc:337:slice$19455 ($_DFFE_PP0P_) from module rv_core (D = \register_file1.datawb_i [17], Q = \register_file1.x [753]).
Adding EN signal on $auto$ff.cc:337:slice$19456 ($_DFFE_PP0P_) from module rv_core (D = \register_file1.datawb_i [18], Q = \register_file1.x [754]).
Adding EN signal on $auto$ff.cc:337:slice$19457 ($_DFFE_PP0P_) from module rv_core (D = \register_file1.datawb_i [19], Q = \register_file1.x [755]).
Adding EN signal on $auto$ff.cc:337:slice$19458 ($_DFFE_PP0P_) from module rv_core (D = \register_file1.datawb_i [20], Q = \register_file1.x [756]).
Adding EN signal on $auto$ff.cc:337:slice$19459 ($_DFFE_PP0P_) from module rv_core (D = \register_file1.datawb_i [21], Q = \register_file1.x [757]).
Adding EN signal on $auto$ff.cc:337:slice$19460 ($_DFFE_PP0P_) from module rv_core (D = \register_file1.datawb_i [22], Q = \register_file1.x [758]).
Adding EN signal on $auto$ff.cc:337:slice$19461 ($_DFFE_PP0P_) from module rv_core (D = \register_file1.datawb_i [23], Q = \register_file1.x [759]).
Adding EN signal on $auto$ff.cc:337:slice$19462 ($_DFFE_PP0P_) from module rv_core (D = \register_file1.datawb_i [24], Q = \register_file1.x [760]).
Adding EN signal on $auto$ff.cc:337:slice$19463 ($_DFFE_PP0P_) from module rv_core (D = \register_file1.datawb_i [25], Q = \register_file1.x [761]).
Adding EN signal on $auto$ff.cc:337:slice$19464 ($_DFFE_PP0P_) from module rv_core (D = \register_file1.datawb_i [26], Q = \register_file1.x [762]).
Adding EN signal on $auto$ff.cc:337:slice$19465 ($_DFFE_PP0P_) from module rv_core (D = \register_file1.datawb_i [27], Q = \register_file1.x [763]).
Adding EN signal on $auto$ff.cc:337:slice$19466 ($_DFFE_PP0P_) from module rv_core (D = \register_file1.datawb_i [28], Q = \register_file1.x [764]).
Adding EN signal on $auto$ff.cc:337:slice$19467 ($_DFFE_PP0P_) from module rv_core (D = \register_file1.datawb_i [29], Q = \register_file1.x [765]).
Adding EN signal on $auto$ff.cc:337:slice$19468 ($_DFFE_PP0P_) from module rv_core (D = \register_file1.datawb_i [30], Q = \register_file1.x [766]).
Adding EN signal on $auto$ff.cc:337:slice$19470 ($_DFFE_PP0P_) from module rv_core (D = \register_file1.datawb_i [0], Q = \register_file1.x [768]).
Adding EN signal on $auto$ff.cc:337:slice$19471 ($_DFFE_PP0P_) from module rv_core (D = \register_file1.datawb_i [1], Q = \register_file1.x [769]).
Adding EN signal on $auto$ff.cc:337:slice$19472 ($_DFFE_PP0P_) from module rv_core (D = \register_file1.datawb_i [2], Q = \register_file1.x [770]).
Adding EN signal on $auto$ff.cc:337:slice$19473 ($_DFFE_PP0P_) from module rv_core (D = \register_file1.datawb_i [3], Q = \register_file1.x [771]).
Adding EN signal on $auto$ff.cc:337:slice$19474 ($_DFFE_PP0P_) from module rv_core (D = \register_file1.datawb_i [4], Q = \register_file1.x [772]).
Adding EN signal on $auto$ff.cc:337:slice$19475 ($_DFFE_PP0P_) from module rv_core (D = \register_file1.datawb_i [5], Q = \register_file1.x [773]).
Adding EN signal on $auto$ff.cc:337:slice$19476 ($_DFFE_PP0P_) from module rv_core (D = \register_file1.datawb_i [6], Q = \register_file1.x [774]).
Adding EN signal on $auto$ff.cc:337:slice$19477 ($_DFFE_PP0P_) from module rv_core (D = \register_file1.datawb_i [7], Q = \register_file1.x [775]).
Adding EN signal on $auto$ff.cc:337:slice$19478 ($_DFFE_PP0P_) from module rv_core (D = \register_file1.datawb_i [8], Q = \register_file1.x [776]).
Adding EN signal on $auto$ff.cc:337:slice$19479 ($_DFFE_PP0P_) from module rv_core (D = \register_file1.datawb_i [9], Q = \register_file1.x [777]).
Adding EN signal on $auto$ff.cc:337:slice$19480 ($_DFFE_PP0P_) from module rv_core (D = \register_file1.datawb_i [10], Q = \register_file1.x [778]).
Adding EN signal on $auto$ff.cc:337:slice$19481 ($_DFFE_PP0P_) from module rv_core (D = \register_file1.datawb_i [11], Q = \register_file1.x [779]).
Adding EN signal on $auto$ff.cc:337:slice$19482 ($_DFFE_PP0P_) from module rv_core (D = \register_file1.datawb_i [12], Q = \register_file1.x [780]).
Adding EN signal on $auto$ff.cc:337:slice$19483 ($_DFFE_PP0P_) from module rv_core (D = \register_file1.datawb_i [13], Q = \register_file1.x [781]).
Adding EN signal on $auto$ff.cc:337:slice$19484 ($_DFFE_PP0P_) from module rv_core (D = \register_file1.datawb_i [14], Q = \register_file1.x [782]).
Adding EN signal on $auto$ff.cc:337:slice$19485 ($_DFFE_PP0P_) from module rv_core (D = \register_file1.datawb_i [15], Q = \register_file1.x [783]).
Adding EN signal on $auto$ff.cc:337:slice$19486 ($_DFFE_PP0P_) from module rv_core (D = \register_file1.datawb_i [16], Q = \register_file1.x [784]).
Adding EN signal on $auto$ff.cc:337:slice$19487 ($_DFFE_PP0P_) from module rv_core (D = \register_file1.datawb_i [17], Q = \register_file1.x [785]).
Adding EN signal on $auto$ff.cc:337:slice$19488 ($_DFFE_PP0P_) from module rv_core (D = \register_file1.datawb_i [18], Q = \register_file1.x [786]).
Adding EN signal on $auto$ff.cc:337:slice$19489 ($_DFFE_PP0P_) from module rv_core (D = \register_file1.datawb_i [19], Q = \register_file1.x [787]).
Adding EN signal on $auto$ff.cc:337:slice$19490 ($_DFFE_PP0P_) from module rv_core (D = \register_file1.datawb_i [20], Q = \register_file1.x [788]).
Adding EN signal on $auto$ff.cc:337:slice$19491 ($_DFFE_PP0P_) from module rv_core (D = \register_file1.datawb_i [21], Q = \register_file1.x [789]).
Adding EN signal on $auto$ff.cc:337:slice$19492 ($_DFFE_PP0P_) from module rv_core (D = \register_file1.datawb_i [22], Q = \register_file1.x [790]).
Adding EN signal on $auto$ff.cc:337:slice$19493 ($_DFFE_PP0P_) from module rv_core (D = \register_file1.datawb_i [23], Q = \register_file1.x [791]).
Adding EN signal on $auto$ff.cc:337:slice$19494 ($_DFFE_PP0P_) from module rv_core (D = \register_file1.datawb_i [24], Q = \register_file1.x [792]).
Adding EN signal on $auto$ff.cc:337:slice$19495 ($_DFFE_PP0P_) from module rv_core (D = \register_file1.datawb_i [25], Q = \register_file1.x [793]).
Adding EN signal on $auto$ff.cc:337:slice$19496 ($_DFFE_PP0P_) from module rv_core (D = \register_file1.datawb_i [26], Q = \register_file1.x [794]).
Adding EN signal on $auto$ff.cc:337:slice$19497 ($_DFFE_PP0P_) from module rv_core (D = \register_file1.datawb_i [27], Q = \register_file1.x [795]).
Adding EN signal on $auto$ff.cc:337:slice$19498 ($_DFFE_PP0P_) from module rv_core (D = \register_file1.datawb_i [28], Q = \register_file1.x [796]).
Adding EN signal on $auto$ff.cc:337:slice$19499 ($_DFFE_PP0P_) from module rv_core (D = \register_file1.datawb_i [29], Q = \register_file1.x [797]).
Adding EN signal on $auto$ff.cc:337:slice$19500 ($_DFFE_PP0P_) from module rv_core (D = \register_file1.datawb_i [30], Q = \register_file1.x [798]).
Adding EN signal on $auto$ff.cc:337:slice$19502 ($_DFFE_PP0P_) from module rv_core (D = \register_file1.datawb_i [0], Q = \register_file1.x [800]).
Adding EN signal on $auto$ff.cc:337:slice$19503 ($_DFFE_PP0P_) from module rv_core (D = \register_file1.datawb_i [1], Q = \register_file1.x [801]).
Adding EN signal on $auto$ff.cc:337:slice$19504 ($_DFFE_PP0P_) from module rv_core (D = \register_file1.datawb_i [2], Q = \register_file1.x [802]).
Adding EN signal on $auto$ff.cc:337:slice$19505 ($_DFFE_PP0P_) from module rv_core (D = \register_file1.datawb_i [3], Q = \register_file1.x [803]).
Adding EN signal on $auto$ff.cc:337:slice$19506 ($_DFFE_PP0P_) from module rv_core (D = \register_file1.datawb_i [4], Q = \register_file1.x [804]).
Adding EN signal on $auto$ff.cc:337:slice$19507 ($_DFFE_PP0P_) from module rv_core (D = \register_file1.datawb_i [5], Q = \register_file1.x [805]).
Adding EN signal on $auto$ff.cc:337:slice$19508 ($_DFFE_PP0P_) from module rv_core (D = \register_file1.datawb_i [6], Q = \register_file1.x [806]).
Adding EN signal on $auto$ff.cc:337:slice$19509 ($_DFFE_PP0P_) from module rv_core (D = \register_file1.datawb_i [7], Q = \register_file1.x [807]).
Adding EN signal on $auto$ff.cc:337:slice$19510 ($_DFFE_PP0P_) from module rv_core (D = \register_file1.datawb_i [8], Q = \register_file1.x [808]).
Adding EN signal on $auto$ff.cc:337:slice$19511 ($_DFFE_PP0P_) from module rv_core (D = \register_file1.datawb_i [9], Q = \register_file1.x [809]).
Adding EN signal on $auto$ff.cc:337:slice$19512 ($_DFFE_PP0P_) from module rv_core (D = \register_file1.datawb_i [10], Q = \register_file1.x [810]).
Adding EN signal on $auto$ff.cc:337:slice$19513 ($_DFFE_PP0P_) from module rv_core (D = \register_file1.datawb_i [11], Q = \register_file1.x [811]).
Adding EN signal on $auto$ff.cc:337:slice$19514 ($_DFFE_PP0P_) from module rv_core (D = \register_file1.datawb_i [12], Q = \register_file1.x [812]).
Adding EN signal on $auto$ff.cc:337:slice$19515 ($_DFFE_PP0P_) from module rv_core (D = \register_file1.datawb_i [13], Q = \register_file1.x [813]).
Adding EN signal on $auto$ff.cc:337:slice$19516 ($_DFFE_PP0P_) from module rv_core (D = \register_file1.datawb_i [14], Q = \register_file1.x [814]).
Adding EN signal on $auto$ff.cc:337:slice$19517 ($_DFFE_PP0P_) from module rv_core (D = \register_file1.datawb_i [15], Q = \register_file1.x [815]).
Adding EN signal on $auto$ff.cc:337:slice$19518 ($_DFFE_PP0P_) from module rv_core (D = \register_file1.datawb_i [16], Q = \register_file1.x [816]).
Adding EN signal on $auto$ff.cc:337:slice$19519 ($_DFFE_PP0P_) from module rv_core (D = \register_file1.datawb_i [17], Q = \register_file1.x [817]).
Adding EN signal on $auto$ff.cc:337:slice$19520 ($_DFFE_PP0P_) from module rv_core (D = \register_file1.datawb_i [18], Q = \register_file1.x [818]).
Adding EN signal on $auto$ff.cc:337:slice$19521 ($_DFFE_PP0P_) from module rv_core (D = \register_file1.datawb_i [19], Q = \register_file1.x [819]).
Adding EN signal on $auto$ff.cc:337:slice$19522 ($_DFFE_PP0P_) from module rv_core (D = \register_file1.datawb_i [20], Q = \register_file1.x [820]).
Adding EN signal on $auto$ff.cc:337:slice$19523 ($_DFFE_PP0P_) from module rv_core (D = \register_file1.datawb_i [21], Q = \register_file1.x [821]).
Adding EN signal on $auto$ff.cc:337:slice$19524 ($_DFFE_PP0P_) from module rv_core (D = \register_file1.datawb_i [22], Q = \register_file1.x [822]).
Adding EN signal on $auto$ff.cc:337:slice$19525 ($_DFFE_PP0P_) from module rv_core (D = \register_file1.datawb_i [23], Q = \register_file1.x [823]).
Adding EN signal on $auto$ff.cc:337:slice$19526 ($_DFFE_PP0P_) from module rv_core (D = \register_file1.datawb_i [24], Q = \register_file1.x [824]).
Adding EN signal on $auto$ff.cc:337:slice$19527 ($_DFFE_PP0P_) from module rv_core (D = \register_file1.datawb_i [25], Q = \register_file1.x [825]).
Adding EN signal on $auto$ff.cc:337:slice$19528 ($_DFFE_PP0P_) from module rv_core (D = \register_file1.datawb_i [26], Q = \register_file1.x [826]).
Adding EN signal on $auto$ff.cc:337:slice$19529 ($_DFFE_PP0P_) from module rv_core (D = \register_file1.datawb_i [27], Q = \register_file1.x [827]).
Adding EN signal on $auto$ff.cc:337:slice$19530 ($_DFFE_PP0P_) from module rv_core (D = \register_file1.datawb_i [28], Q = \register_file1.x [828]).
Adding EN signal on $auto$ff.cc:337:slice$19531 ($_DFFE_PP0P_) from module rv_core (D = \register_file1.datawb_i [29], Q = \register_file1.x [829]).
Adding EN signal on $auto$ff.cc:337:slice$19532 ($_DFFE_PP0P_) from module rv_core (D = \register_file1.datawb_i [30], Q = \register_file1.x [830]).
Adding EN signal on $auto$ff.cc:337:slice$19534 ($_DFFE_PP0P_) from module rv_core (D = \register_file1.datawb_i [0], Q = \register_file1.x [832]).
Adding EN signal on $auto$ff.cc:337:slice$19535 ($_DFFE_PP0P_) from module rv_core (D = \register_file1.datawb_i [1], Q = \register_file1.x [833]).
Adding EN signal on $auto$ff.cc:337:slice$19536 ($_DFFE_PP0P_) from module rv_core (D = \register_file1.datawb_i [2], Q = \register_file1.x [834]).
Adding EN signal on $auto$ff.cc:337:slice$19537 ($_DFFE_PP0P_) from module rv_core (D = \register_file1.datawb_i [3], Q = \register_file1.x [835]).
Adding EN signal on $auto$ff.cc:337:slice$19538 ($_DFFE_PP0P_) from module rv_core (D = \register_file1.datawb_i [4], Q = \register_file1.x [836]).
Adding EN signal on $auto$ff.cc:337:slice$19539 ($_DFFE_PP0P_) from module rv_core (D = \register_file1.datawb_i [5], Q = \register_file1.x [837]).
Adding EN signal on $auto$ff.cc:337:slice$19540 ($_DFFE_PP0P_) from module rv_core (D = \register_file1.datawb_i [6], Q = \register_file1.x [838]).
Adding EN signal on $auto$ff.cc:337:slice$19541 ($_DFFE_PP0P_) from module rv_core (D = \register_file1.datawb_i [7], Q = \register_file1.x [839]).
Adding EN signal on $auto$ff.cc:337:slice$19542 ($_DFFE_PP0P_) from module rv_core (D = \register_file1.datawb_i [8], Q = \register_file1.x [840]).
Adding EN signal on $auto$ff.cc:337:slice$19543 ($_DFFE_PP0P_) from module rv_core (D = \register_file1.datawb_i [9], Q = \register_file1.x [841]).
Adding EN signal on $auto$ff.cc:337:slice$19544 ($_DFFE_PP0P_) from module rv_core (D = \register_file1.datawb_i [10], Q = \register_file1.x [842]).
Adding EN signal on $auto$ff.cc:337:slice$19545 ($_DFFE_PP0P_) from module rv_core (D = \register_file1.datawb_i [11], Q = \register_file1.x [843]).
Adding EN signal on $auto$ff.cc:337:slice$19546 ($_DFFE_PP0P_) from module rv_core (D = \register_file1.datawb_i [12], Q = \register_file1.x [844]).
Adding EN signal on $auto$ff.cc:337:slice$19547 ($_DFFE_PP0P_) from module rv_core (D = \register_file1.datawb_i [13], Q = \register_file1.x [845]).
Adding EN signal on $auto$ff.cc:337:slice$19548 ($_DFFE_PP0P_) from module rv_core (D = \register_file1.datawb_i [14], Q = \register_file1.x [846]).
Adding EN signal on $auto$ff.cc:337:slice$19549 ($_DFFE_PP0P_) from module rv_core (D = \register_file1.datawb_i [15], Q = \register_file1.x [847]).
Adding EN signal on $auto$ff.cc:337:slice$19550 ($_DFFE_PP0P_) from module rv_core (D = \register_file1.datawb_i [16], Q = \register_file1.x [848]).
Adding EN signal on $auto$ff.cc:337:slice$19551 ($_DFFE_PP0P_) from module rv_core (D = \register_file1.datawb_i [17], Q = \register_file1.x [849]).
Adding EN signal on $auto$ff.cc:337:slice$19552 ($_DFFE_PP0P_) from module rv_core (D = \register_file1.datawb_i [18], Q = \register_file1.x [850]).
Adding EN signal on $auto$ff.cc:337:slice$19553 ($_DFFE_PP0P_) from module rv_core (D = \register_file1.datawb_i [19], Q = \register_file1.x [851]).
Adding EN signal on $auto$ff.cc:337:slice$19554 ($_DFFE_PP0P_) from module rv_core (D = \register_file1.datawb_i [20], Q = \register_file1.x [852]).
Adding EN signal on $auto$ff.cc:337:slice$19555 ($_DFFE_PP0P_) from module rv_core (D = \register_file1.datawb_i [21], Q = \register_file1.x [853]).
Adding EN signal on $auto$ff.cc:337:slice$19556 ($_DFFE_PP0P_) from module rv_core (D = \register_file1.datawb_i [22], Q = \register_file1.x [854]).
Adding EN signal on $auto$ff.cc:337:slice$19557 ($_DFFE_PP0P_) from module rv_core (D = \register_file1.datawb_i [23], Q = \register_file1.x [855]).
Adding EN signal on $auto$ff.cc:337:slice$19558 ($_DFFE_PP0P_) from module rv_core (D = \register_file1.datawb_i [24], Q = \register_file1.x [856]).
Adding EN signal on $auto$ff.cc:337:slice$19559 ($_DFFE_PP0P_) from module rv_core (D = \register_file1.datawb_i [25], Q = \register_file1.x [857]).
Adding EN signal on $auto$ff.cc:337:slice$19560 ($_DFFE_PP0P_) from module rv_core (D = \register_file1.datawb_i [26], Q = \register_file1.x [858]).
Adding EN signal on $auto$ff.cc:337:slice$19561 ($_DFFE_PP0P_) from module rv_core (D = \register_file1.datawb_i [27], Q = \register_file1.x [859]).
Adding EN signal on $auto$ff.cc:337:slice$19562 ($_DFFE_PP0P_) from module rv_core (D = \register_file1.datawb_i [28], Q = \register_file1.x [860]).
Adding EN signal on $auto$ff.cc:337:slice$19563 ($_DFFE_PP0P_) from module rv_core (D = \register_file1.datawb_i [29], Q = \register_file1.x [861]).
Adding EN signal on $auto$ff.cc:337:slice$19564 ($_DFFE_PP0P_) from module rv_core (D = \register_file1.datawb_i [30], Q = \register_file1.x [862]).
Adding EN signal on $auto$ff.cc:337:slice$19566 ($_DFFE_PP0P_) from module rv_core (D = \register_file1.datawb_i [0], Q = \register_file1.x [864]).
Adding EN signal on $auto$ff.cc:337:slice$19567 ($_DFFE_PP0P_) from module rv_core (D = \register_file1.datawb_i [1], Q = \register_file1.x [865]).
Adding EN signal on $auto$ff.cc:337:slice$19568 ($_DFFE_PP0P_) from module rv_core (D = \register_file1.datawb_i [2], Q = \register_file1.x [866]).
Adding EN signal on $auto$ff.cc:337:slice$19569 ($_DFFE_PP0P_) from module rv_core (D = \register_file1.datawb_i [3], Q = \register_file1.x [867]).
Adding EN signal on $auto$ff.cc:337:slice$19570 ($_DFFE_PP0P_) from module rv_core (D = \register_file1.datawb_i [4], Q = \register_file1.x [868]).
Adding EN signal on $auto$ff.cc:337:slice$19571 ($_DFFE_PP0P_) from module rv_core (D = \register_file1.datawb_i [5], Q = \register_file1.x [869]).
Adding EN signal on $auto$ff.cc:337:slice$19572 ($_DFFE_PP0P_) from module rv_core (D = \register_file1.datawb_i [6], Q = \register_file1.x [870]).
Adding EN signal on $auto$ff.cc:337:slice$19573 ($_DFFE_PP0P_) from module rv_core (D = \register_file1.datawb_i [7], Q = \register_file1.x [871]).
Adding EN signal on $auto$ff.cc:337:slice$19574 ($_DFFE_PP0P_) from module rv_core (D = \register_file1.datawb_i [8], Q = \register_file1.x [872]).
Adding EN signal on $auto$ff.cc:337:slice$19575 ($_DFFE_PP0P_) from module rv_core (D = \register_file1.datawb_i [9], Q = \register_file1.x [873]).
Adding EN signal on $auto$ff.cc:337:slice$19576 ($_DFFE_PP0P_) from module rv_core (D = \register_file1.datawb_i [10], Q = \register_file1.x [874]).
Adding EN signal on $auto$ff.cc:337:slice$19577 ($_DFFE_PP0P_) from module rv_core (D = \register_file1.datawb_i [11], Q = \register_file1.x [875]).
Adding EN signal on $auto$ff.cc:337:slice$19578 ($_DFFE_PP0P_) from module rv_core (D = \register_file1.datawb_i [12], Q = \register_file1.x [876]).
Adding EN signal on $auto$ff.cc:337:slice$19579 ($_DFFE_PP0P_) from module rv_core (D = \register_file1.datawb_i [13], Q = \register_file1.x [877]).
Adding EN signal on $auto$ff.cc:337:slice$19580 ($_DFFE_PP0P_) from module rv_core (D = \register_file1.datawb_i [14], Q = \register_file1.x [878]).
Adding EN signal on $auto$ff.cc:337:slice$19581 ($_DFFE_PP0P_) from module rv_core (D = \register_file1.datawb_i [15], Q = \register_file1.x [879]).
Adding EN signal on $auto$ff.cc:337:slice$19582 ($_DFFE_PP0P_) from module rv_core (D = \register_file1.datawb_i [16], Q = \register_file1.x [880]).
Adding EN signal on $auto$ff.cc:337:slice$19583 ($_DFFE_PP0P_) from module rv_core (D = \register_file1.datawb_i [17], Q = \register_file1.x [881]).
Adding EN signal on $auto$ff.cc:337:slice$19584 ($_DFFE_PP0P_) from module rv_core (D = \register_file1.datawb_i [18], Q = \register_file1.x [882]).
Adding EN signal on $auto$ff.cc:337:slice$19585 ($_DFFE_PP0P_) from module rv_core (D = \register_file1.datawb_i [19], Q = \register_file1.x [883]).
Adding EN signal on $auto$ff.cc:337:slice$19586 ($_DFFE_PP0P_) from module rv_core (D = \register_file1.datawb_i [20], Q = \register_file1.x [884]).
Adding EN signal on $auto$ff.cc:337:slice$19587 ($_DFFE_PP0P_) from module rv_core (D = \register_file1.datawb_i [21], Q = \register_file1.x [885]).
Adding EN signal on $auto$ff.cc:337:slice$19588 ($_DFFE_PP0P_) from module rv_core (D = \register_file1.datawb_i [22], Q = \register_file1.x [886]).
Adding EN signal on $auto$ff.cc:337:slice$19589 ($_DFFE_PP0P_) from module rv_core (D = \register_file1.datawb_i [23], Q = \register_file1.x [887]).
Adding EN signal on $auto$ff.cc:337:slice$19590 ($_DFFE_PP0P_) from module rv_core (D = \register_file1.datawb_i [24], Q = \register_file1.x [888]).
Adding EN signal on $auto$ff.cc:337:slice$19591 ($_DFFE_PP0P_) from module rv_core (D = \register_file1.datawb_i [25], Q = \register_file1.x [889]).
Adding EN signal on $auto$ff.cc:337:slice$19592 ($_DFFE_PP0P_) from module rv_core (D = \register_file1.datawb_i [26], Q = \register_file1.x [890]).
Adding EN signal on $auto$ff.cc:337:slice$19593 ($_DFFE_PP0P_) from module rv_core (D = \register_file1.datawb_i [27], Q = \register_file1.x [891]).
Adding EN signal on $auto$ff.cc:337:slice$19594 ($_DFFE_PP0P_) from module rv_core (D = \register_file1.datawb_i [28], Q = \register_file1.x [892]).
Adding EN signal on $auto$ff.cc:337:slice$19595 ($_DFFE_PP0P_) from module rv_core (D = \register_file1.datawb_i [29], Q = \register_file1.x [893]).
Adding EN signal on $auto$ff.cc:337:slice$19596 ($_DFFE_PP0P_) from module rv_core (D = \register_file1.datawb_i [30], Q = \register_file1.x [894]).
Adding EN signal on $auto$ff.cc:337:slice$19598 ($_DFFE_PP0P_) from module rv_core (D = \register_file1.datawb_i [0], Q = \register_file1.x [896]).
Adding EN signal on $auto$ff.cc:337:slice$19599 ($_DFFE_PP0P_) from module rv_core (D = \register_file1.datawb_i [1], Q = \register_file1.x [897]).
Adding EN signal on $auto$ff.cc:337:slice$19600 ($_DFFE_PP0P_) from module rv_core (D = \register_file1.datawb_i [2], Q = \register_file1.x [898]).
Adding EN signal on $auto$ff.cc:337:slice$19601 ($_DFFE_PP0P_) from module rv_core (D = \register_file1.datawb_i [3], Q = \register_file1.x [899]).
Adding EN signal on $auto$ff.cc:337:slice$19602 ($_DFFE_PP0P_) from module rv_core (D = \register_file1.datawb_i [4], Q = \register_file1.x [900]).
Adding EN signal on $auto$ff.cc:337:slice$19603 ($_DFFE_PP0P_) from module rv_core (D = \register_file1.datawb_i [5], Q = \register_file1.x [901]).
Adding EN signal on $auto$ff.cc:337:slice$19604 ($_DFFE_PP0P_) from module rv_core (D = \register_file1.datawb_i [6], Q = \register_file1.x [902]).
Adding EN signal on $auto$ff.cc:337:slice$19605 ($_DFFE_PP0P_) from module rv_core (D = \register_file1.datawb_i [7], Q = \register_file1.x [903]).
Adding EN signal on $auto$ff.cc:337:slice$19606 ($_DFFE_PP0P_) from module rv_core (D = \register_file1.datawb_i [8], Q = \register_file1.x [904]).
Adding EN signal on $auto$ff.cc:337:slice$19607 ($_DFFE_PP0P_) from module rv_core (D = \register_file1.datawb_i [9], Q = \register_file1.x [905]).
Adding EN signal on $auto$ff.cc:337:slice$19608 ($_DFFE_PP0P_) from module rv_core (D = \register_file1.datawb_i [10], Q = \register_file1.x [906]).
Adding EN signal on $auto$ff.cc:337:slice$19609 ($_DFFE_PP0P_) from module rv_core (D = \register_file1.datawb_i [11], Q = \register_file1.x [907]).
Adding EN signal on $auto$ff.cc:337:slice$19610 ($_DFFE_PP0P_) from module rv_core (D = \register_file1.datawb_i [12], Q = \register_file1.x [908]).
Adding EN signal on $auto$ff.cc:337:slice$19611 ($_DFFE_PP0P_) from module rv_core (D = \register_file1.datawb_i [13], Q = \register_file1.x [909]).
Adding EN signal on $auto$ff.cc:337:slice$19612 ($_DFFE_PP0P_) from module rv_core (D = \register_file1.datawb_i [14], Q = \register_file1.x [910]).
Adding EN signal on $auto$ff.cc:337:slice$19613 ($_DFFE_PP0P_) from module rv_core (D = \register_file1.datawb_i [15], Q = \register_file1.x [911]).
Adding EN signal on $auto$ff.cc:337:slice$19614 ($_DFFE_PP0P_) from module rv_core (D = \register_file1.datawb_i [16], Q = \register_file1.x [912]).
Adding EN signal on $auto$ff.cc:337:slice$19615 ($_DFFE_PP0P_) from module rv_core (D = \register_file1.datawb_i [17], Q = \register_file1.x [913]).
Adding EN signal on $auto$ff.cc:337:slice$19616 ($_DFFE_PP0P_) from module rv_core (D = \register_file1.datawb_i [18], Q = \register_file1.x [914]).
Adding EN signal on $auto$ff.cc:337:slice$19617 ($_DFFE_PP0P_) from module rv_core (D = \register_file1.datawb_i [19], Q = \register_file1.x [915]).
Adding EN signal on $auto$ff.cc:337:slice$19618 ($_DFFE_PP0P_) from module rv_core (D = \register_file1.datawb_i [20], Q = \register_file1.x [916]).
Adding EN signal on $auto$ff.cc:337:slice$19619 ($_DFFE_PP0P_) from module rv_core (D = \register_file1.datawb_i [21], Q = \register_file1.x [917]).
Adding EN signal on $auto$ff.cc:337:slice$19620 ($_DFFE_PP0P_) from module rv_core (D = \register_file1.datawb_i [22], Q = \register_file1.x [918]).
Adding EN signal on $auto$ff.cc:337:slice$19621 ($_DFFE_PP0P_) from module rv_core (D = \register_file1.datawb_i [23], Q = \register_file1.x [919]).
Adding EN signal on $auto$ff.cc:337:slice$19622 ($_DFFE_PP0P_) from module rv_core (D = \register_file1.datawb_i [24], Q = \register_file1.x [920]).
Adding EN signal on $auto$ff.cc:337:slice$19623 ($_DFFE_PP0P_) from module rv_core (D = \register_file1.datawb_i [25], Q = \register_file1.x [921]).
Adding EN signal on $auto$ff.cc:337:slice$19624 ($_DFFE_PP0P_) from module rv_core (D = \register_file1.datawb_i [26], Q = \register_file1.x [922]).
Adding EN signal on $auto$ff.cc:337:slice$19625 ($_DFFE_PP0P_) from module rv_core (D = \register_file1.datawb_i [27], Q = \register_file1.x [923]).
Adding EN signal on $auto$ff.cc:337:slice$19626 ($_DFFE_PP0P_) from module rv_core (D = \register_file1.datawb_i [28], Q = \register_file1.x [924]).
Adding EN signal on $auto$ff.cc:337:slice$19627 ($_DFFE_PP0P_) from module rv_core (D = \register_file1.datawb_i [29], Q = \register_file1.x [925]).
Adding EN signal on $auto$ff.cc:337:slice$19628 ($_DFFE_PP0P_) from module rv_core (D = \register_file1.datawb_i [30], Q = \register_file1.x [926]).
Adding EN signal on $auto$ff.cc:337:slice$19630 ($_DFFE_PP0P_) from module rv_core (D = \register_file1.datawb_i [0], Q = \register_file1.x [928]).
Adding EN signal on $auto$ff.cc:337:slice$19631 ($_DFFE_PP0P_) from module rv_core (D = \register_file1.datawb_i [1], Q = \register_file1.x [929]).
Adding EN signal on $auto$ff.cc:337:slice$19632 ($_DFFE_PP0P_) from module rv_core (D = \register_file1.datawb_i [2], Q = \register_file1.x [930]).
Adding EN signal on $auto$ff.cc:337:slice$19633 ($_DFFE_PP0P_) from module rv_core (D = \register_file1.datawb_i [3], Q = \register_file1.x [931]).
Adding EN signal on $auto$ff.cc:337:slice$19634 ($_DFFE_PP0P_) from module rv_core (D = \register_file1.datawb_i [4], Q = \register_file1.x [932]).
Adding EN signal on $auto$ff.cc:337:slice$19635 ($_DFFE_PP0P_) from module rv_core (D = \register_file1.datawb_i [5], Q = \register_file1.x [933]).
Adding EN signal on $auto$ff.cc:337:slice$19636 ($_DFFE_PP0P_) from module rv_core (D = \register_file1.datawb_i [6], Q = \register_file1.x [934]).
Adding EN signal on $auto$ff.cc:337:slice$19637 ($_DFFE_PP0P_) from module rv_core (D = \register_file1.datawb_i [7], Q = \register_file1.x [935]).
Adding EN signal on $auto$ff.cc:337:slice$19638 ($_DFFE_PP0P_) from module rv_core (D = \register_file1.datawb_i [8], Q = \register_file1.x [936]).
Adding EN signal on $auto$ff.cc:337:slice$19639 ($_DFFE_PP0P_) from module rv_core (D = \register_file1.datawb_i [9], Q = \register_file1.x [937]).
Adding EN signal on $auto$ff.cc:337:slice$19640 ($_DFFE_PP0P_) from module rv_core (D = \register_file1.datawb_i [10], Q = \register_file1.x [938]).
Adding EN signal on $auto$ff.cc:337:slice$19641 ($_DFFE_PP0P_) from module rv_core (D = \register_file1.datawb_i [11], Q = \register_file1.x [939]).
Adding EN signal on $auto$ff.cc:337:slice$19642 ($_DFFE_PP0P_) from module rv_core (D = \register_file1.datawb_i [12], Q = \register_file1.x [940]).
Adding EN signal on $auto$ff.cc:337:slice$19643 ($_DFFE_PP0P_) from module rv_core (D = \register_file1.datawb_i [13], Q = \register_file1.x [941]).
Adding EN signal on $auto$ff.cc:337:slice$19644 ($_DFFE_PP0P_) from module rv_core (D = \register_file1.datawb_i [14], Q = \register_file1.x [942]).
Adding EN signal on $auto$ff.cc:337:slice$19645 ($_DFFE_PP0P_) from module rv_core (D = \register_file1.datawb_i [15], Q = \register_file1.x [943]).
Adding EN signal on $auto$ff.cc:337:slice$19646 ($_DFFE_PP0P_) from module rv_core (D = \register_file1.datawb_i [16], Q = \register_file1.x [944]).
Adding EN signal on $auto$ff.cc:337:slice$19647 ($_DFFE_PP0P_) from module rv_core (D = \register_file1.datawb_i [17], Q = \register_file1.x [945]).
Adding EN signal on $auto$ff.cc:337:slice$19648 ($_DFFE_PP0P_) from module rv_core (D = \register_file1.datawb_i [18], Q = \register_file1.x [946]).
Adding EN signal on $auto$ff.cc:337:slice$19649 ($_DFFE_PP0P_) from module rv_core (D = \register_file1.datawb_i [19], Q = \register_file1.x [947]).
Adding EN signal on $auto$ff.cc:337:slice$19650 ($_DFFE_PP0P_) from module rv_core (D = \register_file1.datawb_i [20], Q = \register_file1.x [948]).
Adding EN signal on $auto$ff.cc:337:slice$19651 ($_DFFE_PP0P_) from module rv_core (D = \register_file1.datawb_i [21], Q = \register_file1.x [949]).
Adding EN signal on $auto$ff.cc:337:slice$19652 ($_DFFE_PP0P_) from module rv_core (D = \register_file1.datawb_i [22], Q = \register_file1.x [950]).
Adding EN signal on $auto$ff.cc:337:slice$19653 ($_DFFE_PP0P_) from module rv_core (D = \register_file1.datawb_i [23], Q = \register_file1.x [951]).
Adding EN signal on $auto$ff.cc:337:slice$19654 ($_DFFE_PP0P_) from module rv_core (D = \register_file1.datawb_i [24], Q = \register_file1.x [952]).
Adding EN signal on $auto$ff.cc:337:slice$19655 ($_DFFE_PP0P_) from module rv_core (D = \register_file1.datawb_i [25], Q = \register_file1.x [953]).
Adding EN signal on $auto$ff.cc:337:slice$19656 ($_DFFE_PP0P_) from module rv_core (D = \register_file1.datawb_i [26], Q = \register_file1.x [954]).
Adding EN signal on $auto$ff.cc:337:slice$19657 ($_DFFE_PP0P_) from module rv_core (D = \register_file1.datawb_i [27], Q = \register_file1.x [955]).
Adding EN signal on $auto$ff.cc:337:slice$19658 ($_DFFE_PP0P_) from module rv_core (D = \register_file1.datawb_i [28], Q = \register_file1.x [956]).
Adding EN signal on $auto$ff.cc:337:slice$19659 ($_DFFE_PP0P_) from module rv_core (D = \register_file1.datawb_i [29], Q = \register_file1.x [957]).
Adding EN signal on $auto$ff.cc:337:slice$19660 ($_DFFE_PP0P_) from module rv_core (D = \register_file1.datawb_i [30], Q = \register_file1.x [958]).
Adding EN signal on $auto$ff.cc:337:slice$19662 ($_DFFE_PP0P_) from module rv_core (D = \register_file1.datawb_i [0], Q = \register_file1.x [64]).
Adding EN signal on $auto$ff.cc:337:slice$19663 ($_DFFE_PP0P_) from module rv_core (D = \register_file1.datawb_i [1], Q = \register_file1.x [65]).
Adding EN signal on $auto$ff.cc:337:slice$19664 ($_DFFE_PP0P_) from module rv_core (D = \register_file1.datawb_i [2], Q = \register_file1.x [66]).
Adding EN signal on $auto$ff.cc:337:slice$19665 ($_DFFE_PP0P_) from module rv_core (D = \register_file1.datawb_i [3], Q = \register_file1.x [67]).
Adding EN signal on $auto$ff.cc:337:slice$19666 ($_DFFE_PP0P_) from module rv_core (D = \register_file1.datawb_i [4], Q = \register_file1.x [68]).
Adding EN signal on $auto$ff.cc:337:slice$19667 ($_DFFE_PP0P_) from module rv_core (D = \register_file1.datawb_i [5], Q = \register_file1.x [69]).
Adding EN signal on $auto$ff.cc:337:slice$19668 ($_DFFE_PP0P_) from module rv_core (D = \register_file1.datawb_i [6], Q = \register_file1.x [70]).
Adding EN signal on $auto$ff.cc:337:slice$19669 ($_DFFE_PP0P_) from module rv_core (D = \register_file1.datawb_i [7], Q = \register_file1.x [71]).
Adding EN signal on $auto$ff.cc:337:slice$19670 ($_DFFE_PP0P_) from module rv_core (D = \register_file1.datawb_i [8], Q = \register_file1.x [72]).
Adding EN signal on $auto$ff.cc:337:slice$19671 ($_DFFE_PP0P_) from module rv_core (D = \register_file1.datawb_i [9], Q = \register_file1.x [73]).
Adding EN signal on $auto$ff.cc:337:slice$19672 ($_DFFE_PP0P_) from module rv_core (D = \register_file1.datawb_i [10], Q = \register_file1.x [74]).
Adding EN signal on $auto$ff.cc:337:slice$19673 ($_DFFE_PP0P_) from module rv_core (D = \register_file1.datawb_i [11], Q = \register_file1.x [75]).
Adding EN signal on $auto$ff.cc:337:slice$19674 ($_DFFE_PP0P_) from module rv_core (D = \register_file1.datawb_i [12], Q = \register_file1.x [76]).
Adding EN signal on $auto$ff.cc:337:slice$19675 ($_DFFE_PP0P_) from module rv_core (D = \register_file1.datawb_i [13], Q = \register_file1.x [77]).
Adding EN signal on $auto$ff.cc:337:slice$19676 ($_DFFE_PP0P_) from module rv_core (D = \register_file1.datawb_i [14], Q = \register_file1.x [78]).
Adding EN signal on $auto$ff.cc:337:slice$19677 ($_DFFE_PP0P_) from module rv_core (D = \register_file1.datawb_i [15], Q = \register_file1.x [79]).
Adding EN signal on $auto$ff.cc:337:slice$19678 ($_DFFE_PP0P_) from module rv_core (D = \register_file1.datawb_i [16], Q = \register_file1.x [80]).
Adding EN signal on $auto$ff.cc:337:slice$19679 ($_DFFE_PP0P_) from module rv_core (D = \register_file1.datawb_i [17], Q = \register_file1.x [81]).
Adding EN signal on $auto$ff.cc:337:slice$19680 ($_DFFE_PP0P_) from module rv_core (D = \register_file1.datawb_i [18], Q = \register_file1.x [82]).
Adding EN signal on $auto$ff.cc:337:slice$19681 ($_DFFE_PP0P_) from module rv_core (D = \register_file1.datawb_i [19], Q = \register_file1.x [83]).
Adding EN signal on $auto$ff.cc:337:slice$19682 ($_DFFE_PP1P_) from module rv_core (D = \register_file1.datawb_i [20], Q = \register_file1.x [84]).
Adding EN signal on $auto$ff.cc:337:slice$19683 ($_DFFE_PP0P_) from module rv_core (D = \register_file1.datawb_i [21], Q = \register_file1.x [85]).
Adding EN signal on $auto$ff.cc:337:slice$19684 ($_DFFE_PP0P_) from module rv_core (D = \register_file1.datawb_i [22], Q = \register_file1.x [86]).
Adding EN signal on $auto$ff.cc:337:slice$19685 ($_DFFE_PP0P_) from module rv_core (D = \register_file1.datawb_i [23], Q = \register_file1.x [87]).
Adding EN signal on $auto$ff.cc:337:slice$19686 ($_DFFE_PP1P_) from module rv_core (D = \register_file1.datawb_i [24], Q = \register_file1.x [88]).
Adding EN signal on $auto$ff.cc:337:slice$19687 ($_DFFE_PP0P_) from module rv_core (D = \register_file1.datawb_i [25], Q = \register_file1.x [89]).
Adding EN signal on $auto$ff.cc:337:slice$19688 ($_DFFE_PP0P_) from module rv_core (D = \register_file1.datawb_i [26], Q = \register_file1.x [90]).
Adding EN signal on $auto$ff.cc:337:slice$19689 ($_DFFE_PP0P_) from module rv_core (D = \register_file1.datawb_i [27], Q = \register_file1.x [91]).
Adding EN signal on $auto$ff.cc:337:slice$19690 ($_DFFE_PP0P_) from module rv_core (D = \register_file1.datawb_i [28], Q = \register_file1.x [92]).
Adding EN signal on $auto$ff.cc:337:slice$19691 ($_DFFE_PP0P_) from module rv_core (D = \register_file1.datawb_i [29], Q = \register_file1.x [93]).
Adding EN signal on $auto$ff.cc:337:slice$19692 ($_DFFE_PP0P_) from module rv_core (D = \register_file1.datawb_i [30], Q = \register_file1.x [94]).
Adding EN signal on $auto$ff.cc:337:slice$19694 ($_DFFE_PP0P_) from module rv_core (D = \register_file1.datawb_i [0], Q = \register_file1.x [960]).
Adding EN signal on $auto$ff.cc:337:slice$19695 ($_DFFE_PP0P_) from module rv_core (D = \register_file1.datawb_i [1], Q = \register_file1.x [961]).
Adding EN signal on $auto$ff.cc:337:slice$19696 ($_DFFE_PP0P_) from module rv_core (D = \register_file1.datawb_i [2], Q = \register_file1.x [962]).
Adding EN signal on $auto$ff.cc:337:slice$19697 ($_DFFE_PP0P_) from module rv_core (D = \register_file1.datawb_i [3], Q = \register_file1.x [963]).
Adding EN signal on $auto$ff.cc:337:slice$19698 ($_DFFE_PP0P_) from module rv_core (D = \register_file1.datawb_i [4], Q = \register_file1.x [964]).
Adding EN signal on $auto$ff.cc:337:slice$19699 ($_DFFE_PP0P_) from module rv_core (D = \register_file1.datawb_i [5], Q = \register_file1.x [965]).
Adding EN signal on $auto$ff.cc:337:slice$19700 ($_DFFE_PP0P_) from module rv_core (D = \register_file1.datawb_i [6], Q = \register_file1.x [966]).
Adding EN signal on $auto$ff.cc:337:slice$19701 ($_DFFE_PP0P_) from module rv_core (D = \register_file1.datawb_i [7], Q = \register_file1.x [967]).
Adding EN signal on $auto$ff.cc:337:slice$19702 ($_DFFE_PP0P_) from module rv_core (D = \register_file1.datawb_i [8], Q = \register_file1.x [968]).
Adding EN signal on $auto$ff.cc:337:slice$19703 ($_DFFE_PP0P_) from module rv_core (D = \register_file1.datawb_i [9], Q = \register_file1.x [969]).
Adding EN signal on $auto$ff.cc:337:slice$19704 ($_DFFE_PP0P_) from module rv_core (D = \register_file1.datawb_i [10], Q = \register_file1.x [970]).
Adding EN signal on $auto$ff.cc:337:slice$19705 ($_DFFE_PP0P_) from module rv_core (D = \register_file1.datawb_i [11], Q = \register_file1.x [971]).
Adding EN signal on $auto$ff.cc:337:slice$19706 ($_DFFE_PP0P_) from module rv_core (D = \register_file1.datawb_i [12], Q = \register_file1.x [972]).
Adding EN signal on $auto$ff.cc:337:slice$19707 ($_DFFE_PP0P_) from module rv_core (D = \register_file1.datawb_i [13], Q = \register_file1.x [973]).
Adding EN signal on $auto$ff.cc:337:slice$19708 ($_DFFE_PP0P_) from module rv_core (D = \register_file1.datawb_i [14], Q = \register_file1.x [974]).
Adding EN signal on $auto$ff.cc:337:slice$19709 ($_DFFE_PP0P_) from module rv_core (D = \register_file1.datawb_i [15], Q = \register_file1.x [975]).
Adding EN signal on $auto$ff.cc:337:slice$19710 ($_DFFE_PP0P_) from module rv_core (D = \register_file1.datawb_i [16], Q = \register_file1.x [976]).
Adding EN signal on $auto$ff.cc:337:slice$19711 ($_DFFE_PP0P_) from module rv_core (D = \register_file1.datawb_i [17], Q = \register_file1.x [977]).
Adding EN signal on $auto$ff.cc:337:slice$19712 ($_DFFE_PP0P_) from module rv_core (D = \register_file1.datawb_i [18], Q = \register_file1.x [978]).
Adding EN signal on $auto$ff.cc:337:slice$19713 ($_DFFE_PP0P_) from module rv_core (D = \register_file1.datawb_i [19], Q = \register_file1.x [979]).
Adding EN signal on $auto$ff.cc:337:slice$19714 ($_DFFE_PP0P_) from module rv_core (D = \register_file1.datawb_i [20], Q = \register_file1.x [980]).
Adding EN signal on $auto$ff.cc:337:slice$19715 ($_DFFE_PP0P_) from module rv_core (D = \register_file1.datawb_i [21], Q = \register_file1.x [981]).
Adding EN signal on $auto$ff.cc:337:slice$19716 ($_DFFE_PP0P_) from module rv_core (D = \register_file1.datawb_i [22], Q = \register_file1.x [982]).
Adding EN signal on $auto$ff.cc:337:slice$19717 ($_DFFE_PP0P_) from module rv_core (D = \register_file1.datawb_i [23], Q = \register_file1.x [983]).
Adding EN signal on $auto$ff.cc:337:slice$19718 ($_DFFE_PP0P_) from module rv_core (D = \register_file1.datawb_i [24], Q = \register_file1.x [984]).
Adding EN signal on $auto$ff.cc:337:slice$19719 ($_DFFE_PP0P_) from module rv_core (D = \register_file1.datawb_i [25], Q = \register_file1.x [985]).
Adding EN signal on $auto$ff.cc:337:slice$19720 ($_DFFE_PP0P_) from module rv_core (D = \register_file1.datawb_i [26], Q = \register_file1.x [986]).
Adding EN signal on $auto$ff.cc:337:slice$19721 ($_DFFE_PP0P_) from module rv_core (D = \register_file1.datawb_i [27], Q = \register_file1.x [987]).
Adding EN signal on $auto$ff.cc:337:slice$19722 ($_DFFE_PP0P_) from module rv_core (D = \register_file1.datawb_i [28], Q = \register_file1.x [988]).
Adding EN signal on $auto$ff.cc:337:slice$19723 ($_DFFE_PP0P_) from module rv_core (D = \register_file1.datawb_i [29], Q = \register_file1.x [989]).
Adding EN signal on $auto$ff.cc:337:slice$19724 ($_DFFE_PP0P_) from module rv_core (D = \register_file1.datawb_i [30], Q = \register_file1.x [990]).
Adding EN signal on $auto$ff.cc:337:slice$19726 ($_DFFE_PP0P_) from module rv_core (D = \register_file1.datawb_i [0], Q = \register_file1.x [992]).
Adding EN signal on $auto$ff.cc:337:slice$19727 ($_DFFE_PP0P_) from module rv_core (D = \register_file1.datawb_i [1], Q = \register_file1.x [993]).
Adding EN signal on $auto$ff.cc:337:slice$19728 ($_DFFE_PP0P_) from module rv_core (D = \register_file1.datawb_i [2], Q = \register_file1.x [994]).
Adding EN signal on $auto$ff.cc:337:slice$19729 ($_DFFE_PP0P_) from module rv_core (D = \register_file1.datawb_i [3], Q = \register_file1.x [995]).
Adding EN signal on $auto$ff.cc:337:slice$19730 ($_DFFE_PP0P_) from module rv_core (D = \register_file1.datawb_i [4], Q = \register_file1.x [996]).
Adding EN signal on $auto$ff.cc:337:slice$19731 ($_DFFE_PP0P_) from module rv_core (D = \register_file1.datawb_i [5], Q = \register_file1.x [997]).
Adding EN signal on $auto$ff.cc:337:slice$19732 ($_DFFE_PP0P_) from module rv_core (D = \register_file1.datawb_i [6], Q = \register_file1.x [998]).
Adding EN signal on $auto$ff.cc:337:slice$19733 ($_DFFE_PP0P_) from module rv_core (D = \register_file1.datawb_i [7], Q = \register_file1.x [999]).
Adding EN signal on $auto$ff.cc:337:slice$19734 ($_DFFE_PP0P_) from module rv_core (D = \register_file1.datawb_i [8], Q = \register_file1.x [1000]).
Adding EN signal on $auto$ff.cc:337:slice$19735 ($_DFFE_PP0P_) from module rv_core (D = \register_file1.datawb_i [9], Q = \register_file1.x [1001]).
Adding EN signal on $auto$ff.cc:337:slice$19736 ($_DFFE_PP0P_) from module rv_core (D = \register_file1.datawb_i [10], Q = \register_file1.x [1002]).
Adding EN signal on $auto$ff.cc:337:slice$19737 ($_DFFE_PP0P_) from module rv_core (D = \register_file1.datawb_i [11], Q = \register_file1.x [1003]).
Adding EN signal on $auto$ff.cc:337:slice$19738 ($_DFFE_PP0P_) from module rv_core (D = \register_file1.datawb_i [12], Q = \register_file1.x [1004]).
Adding EN signal on $auto$ff.cc:337:slice$19739 ($_DFFE_PP0P_) from module rv_core (D = \register_file1.datawb_i [13], Q = \register_file1.x [1005]).
Adding EN signal on $auto$ff.cc:337:slice$19740 ($_DFFE_PP0P_) from module rv_core (D = \register_file1.datawb_i [14], Q = \register_file1.x [1006]).
Adding EN signal on $auto$ff.cc:337:slice$19741 ($_DFFE_PP0P_) from module rv_core (D = \register_file1.datawb_i [15], Q = \register_file1.x [1007]).
Adding EN signal on $auto$ff.cc:337:slice$19742 ($_DFFE_PP0P_) from module rv_core (D = \register_file1.datawb_i [16], Q = \register_file1.x [1008]).
Adding EN signal on $auto$ff.cc:337:slice$19743 ($_DFFE_PP0P_) from module rv_core (D = \register_file1.datawb_i [17], Q = \register_file1.x [1009]).
Adding EN signal on $auto$ff.cc:337:slice$19744 ($_DFFE_PP0P_) from module rv_core (D = \register_file1.datawb_i [18], Q = \register_file1.x [1010]).
Adding EN signal on $auto$ff.cc:337:slice$19745 ($_DFFE_PP0P_) from module rv_core (D = \register_file1.datawb_i [19], Q = \register_file1.x [1011]).
Adding EN signal on $auto$ff.cc:337:slice$19746 ($_DFFE_PP0P_) from module rv_core (D = \register_file1.datawb_i [20], Q = \register_file1.x [1012]).
Adding EN signal on $auto$ff.cc:337:slice$19747 ($_DFFE_PP0P_) from module rv_core (D = \register_file1.datawb_i [21], Q = \register_file1.x [1013]).
Adding EN signal on $auto$ff.cc:337:slice$19748 ($_DFFE_PP0P_) from module rv_core (D = \register_file1.datawb_i [22], Q = \register_file1.x [1014]).
Adding EN signal on $auto$ff.cc:337:slice$19749 ($_DFFE_PP0P_) from module rv_core (D = \register_file1.datawb_i [23], Q = \register_file1.x [1015]).
Adding EN signal on $auto$ff.cc:337:slice$19750 ($_DFFE_PP0P_) from module rv_core (D = \register_file1.datawb_i [24], Q = \register_file1.x [1016]).
Adding EN signal on $auto$ff.cc:337:slice$19751 ($_DFFE_PP0P_) from module rv_core (D = \register_file1.datawb_i [25], Q = \register_file1.x [1017]).
Adding EN signal on $auto$ff.cc:337:slice$19752 ($_DFFE_PP0P_) from module rv_core (D = \register_file1.datawb_i [26], Q = \register_file1.x [1018]).
Adding EN signal on $auto$ff.cc:337:slice$19753 ($_DFFE_PP0P_) from module rv_core (D = \register_file1.datawb_i [27], Q = \register_file1.x [1019]).
Adding EN signal on $auto$ff.cc:337:slice$19754 ($_DFFE_PP0P_) from module rv_core (D = \register_file1.datawb_i [28], Q = \register_file1.x [1020]).
Adding EN signal on $auto$ff.cc:337:slice$19755 ($_DFFE_PP0P_) from module rv_core (D = \register_file1.datawb_i [29], Q = \register_file1.x [1021]).
Adding EN signal on $auto$ff.cc:337:slice$19756 ($_DFFE_PP0P_) from module rv_core (D = \register_file1.datawb_i [30], Q = \register_file1.x [1022]).
Adding EN signal on $auto$ff.cc:337:slice$19758 ($_DFFE_PP0P_) from module rv_core (D = \register_file1.datawb_i [0], Q = \register_file1.x [96]).
Adding EN signal on $auto$ff.cc:337:slice$19759 ($_DFFE_PP0P_) from module rv_core (D = \register_file1.datawb_i [1], Q = \register_file1.x [97]).
Adding EN signal on $auto$ff.cc:337:slice$19760 ($_DFFE_PP0P_) from module rv_core (D = \register_file1.datawb_i [2], Q = \register_file1.x [98]).
Adding EN signal on $auto$ff.cc:337:slice$19761 ($_DFFE_PP0P_) from module rv_core (D = \register_file1.datawb_i [3], Q = \register_file1.x [99]).
Adding EN signal on $auto$ff.cc:337:slice$19762 ($_DFFE_PP0P_) from module rv_core (D = \register_file1.datawb_i [4], Q = \register_file1.x [100]).
Adding EN signal on $auto$ff.cc:337:slice$19763 ($_DFFE_PP0P_) from module rv_core (D = \register_file1.datawb_i [5], Q = \register_file1.x [101]).
Adding EN signal on $auto$ff.cc:337:slice$19764 ($_DFFE_PP0P_) from module rv_core (D = \register_file1.datawb_i [6], Q = \register_file1.x [102]).
Adding EN signal on $auto$ff.cc:337:slice$19765 ($_DFFE_PP0P_) from module rv_core (D = \register_file1.datawb_i [7], Q = \register_file1.x [103]).
Adding EN signal on $auto$ff.cc:337:slice$19766 ($_DFFE_PP0P_) from module rv_core (D = \register_file1.datawb_i [8], Q = \register_file1.x [104]).
Adding EN signal on $auto$ff.cc:337:slice$19767 ($_DFFE_PP0P_) from module rv_core (D = \register_file1.datawb_i [9], Q = \register_file1.x [105]).
Adding EN signal on $auto$ff.cc:337:slice$19768 ($_DFFE_PP0P_) from module rv_core (D = \register_file1.datawb_i [10], Q = \register_file1.x [106]).
Adding EN signal on $auto$ff.cc:337:slice$19769 ($_DFFE_PP0P_) from module rv_core (D = \register_file1.datawb_i [11], Q = \register_file1.x [107]).
Adding EN signal on $auto$ff.cc:337:slice$19770 ($_DFFE_PP0P_) from module rv_core (D = \register_file1.datawb_i [12], Q = \register_file1.x [108]).
Adding EN signal on $auto$ff.cc:337:slice$19771 ($_DFFE_PP0P_) from module rv_core (D = \register_file1.datawb_i [13], Q = \register_file1.x [109]).
Adding EN signal on $auto$ff.cc:337:slice$19772 ($_DFFE_PP0P_) from module rv_core (D = \register_file1.datawb_i [14], Q = \register_file1.x [110]).
Adding EN signal on $auto$ff.cc:337:slice$19773 ($_DFFE_PP0P_) from module rv_core (D = \register_file1.datawb_i [15], Q = \register_file1.x [111]).
Adding EN signal on $auto$ff.cc:337:slice$19774 ($_DFFE_PP0P_) from module rv_core (D = \register_file1.datawb_i [16], Q = \register_file1.x [112]).
Adding EN signal on $auto$ff.cc:337:slice$19775 ($_DFFE_PP0P_) from module rv_core (D = \register_file1.datawb_i [17], Q = \register_file1.x [113]).
Adding EN signal on $auto$ff.cc:337:slice$19776 ($_DFFE_PP0P_) from module rv_core (D = \register_file1.datawb_i [18], Q = \register_file1.x [114]).
Adding EN signal on $auto$ff.cc:337:slice$19777 ($_DFFE_PP0P_) from module rv_core (D = \register_file1.datawb_i [19], Q = \register_file1.x [115]).
Adding EN signal on $auto$ff.cc:337:slice$19778 ($_DFFE_PP0P_) from module rv_core (D = \register_file1.datawb_i [20], Q = \register_file1.x [116]).
Adding EN signal on $auto$ff.cc:337:slice$19779 ($_DFFE_PP0P_) from module rv_core (D = \register_file1.datawb_i [21], Q = \register_file1.x [117]).
Adding EN signal on $auto$ff.cc:337:slice$19780 ($_DFFE_PP0P_) from module rv_core (D = \register_file1.datawb_i [22], Q = \register_file1.x [118]).
Adding EN signal on $auto$ff.cc:337:slice$19781 ($_DFFE_PP0P_) from module rv_core (D = \register_file1.datawb_i [23], Q = \register_file1.x [119]).
Adding EN signal on $auto$ff.cc:337:slice$19782 ($_DFFE_PP0P_) from module rv_core (D = \register_file1.datawb_i [24], Q = \register_file1.x [120]).
Adding EN signal on $auto$ff.cc:337:slice$19783 ($_DFFE_PP0P_) from module rv_core (D = \register_file1.datawb_i [25], Q = \register_file1.x [121]).
Adding EN signal on $auto$ff.cc:337:slice$19784 ($_DFFE_PP0P_) from module rv_core (D = \register_file1.datawb_i [26], Q = \register_file1.x [122]).
Adding EN signal on $auto$ff.cc:337:slice$19785 ($_DFFE_PP0P_) from module rv_core (D = \register_file1.datawb_i [27], Q = \register_file1.x [123]).
Adding EN signal on $auto$ff.cc:337:slice$19786 ($_DFFE_PP0P_) from module rv_core (D = \register_file1.datawb_i [28], Q = \register_file1.x [124]).
Adding EN signal on $auto$ff.cc:337:slice$19787 ($_DFFE_PP0P_) from module rv_core (D = \register_file1.datawb_i [29], Q = \register_file1.x [125]).
Adding EN signal on $auto$ff.cc:337:slice$19788 ($_DFFE_PP0P_) from module rv_core (D = \register_file1.datawb_i [30], Q = \register_file1.x [126]).
Adding EN signal on $auto$ff.cc:337:slice$19790 ($_DFFE_PP0P_) from module rv_core (D = \register_file1.datawb_i [0], Q = \register_file1.x [128]).
Adding EN signal on $auto$ff.cc:337:slice$19791 ($_DFFE_PP0P_) from module rv_core (D = \register_file1.datawb_i [1], Q = \register_file1.x [129]).
Adding EN signal on $auto$ff.cc:337:slice$19792 ($_DFFE_PP0P_) from module rv_core (D = \register_file1.datawb_i [2], Q = \register_file1.x [130]).
Adding EN signal on $auto$ff.cc:337:slice$19793 ($_DFFE_PP0P_) from module rv_core (D = \register_file1.datawb_i [3], Q = \register_file1.x [131]).
Adding EN signal on $auto$ff.cc:337:slice$19794 ($_DFFE_PP0P_) from module rv_core (D = \register_file1.datawb_i [4], Q = \register_file1.x [132]).
Adding EN signal on $auto$ff.cc:337:slice$19795 ($_DFFE_PP0P_) from module rv_core (D = \register_file1.datawb_i [5], Q = \register_file1.x [133]).
Adding EN signal on $auto$ff.cc:337:slice$19796 ($_DFFE_PP0P_) from module rv_core (D = \register_file1.datawb_i [6], Q = \register_file1.x [134]).
Adding EN signal on $auto$ff.cc:337:slice$19797 ($_DFFE_PP0P_) from module rv_core (D = \register_file1.datawb_i [7], Q = \register_file1.x [135]).
Adding EN signal on $auto$ff.cc:337:slice$19798 ($_DFFE_PP0P_) from module rv_core (D = \register_file1.datawb_i [8], Q = \register_file1.x [136]).
Adding EN signal on $auto$ff.cc:337:slice$19799 ($_DFFE_PP0P_) from module rv_core (D = \register_file1.datawb_i [9], Q = \register_file1.x [137]).
Adding EN signal on $auto$ff.cc:337:slice$19800 ($_DFFE_PP0P_) from module rv_core (D = \register_file1.datawb_i [10], Q = \register_file1.x [138]).
Adding EN signal on $auto$ff.cc:337:slice$19801 ($_DFFE_PP0P_) from module rv_core (D = \register_file1.datawb_i [11], Q = \register_file1.x [139]).
Adding EN signal on $auto$ff.cc:337:slice$19802 ($_DFFE_PP0P_) from module rv_core (D = \register_file1.datawb_i [12], Q = \register_file1.x [140]).
Adding EN signal on $auto$ff.cc:337:slice$19803 ($_DFFE_PP0P_) from module rv_core (D = \register_file1.datawb_i [13], Q = \register_file1.x [141]).
Adding EN signal on $auto$ff.cc:337:slice$19804 ($_DFFE_PP0P_) from module rv_core (D = \register_file1.datawb_i [14], Q = \register_file1.x [142]).
Adding EN signal on $auto$ff.cc:337:slice$19805 ($_DFFE_PP0P_) from module rv_core (D = \register_file1.datawb_i [15], Q = \register_file1.x [143]).
Adding EN signal on $auto$ff.cc:337:slice$19806 ($_DFFE_PP0P_) from module rv_core (D = \register_file1.datawb_i [16], Q = \register_file1.x [144]).
Adding EN signal on $auto$ff.cc:337:slice$19807 ($_DFFE_PP0P_) from module rv_core (D = \register_file1.datawb_i [17], Q = \register_file1.x [145]).
Adding EN signal on $auto$ff.cc:337:slice$19808 ($_DFFE_PP0P_) from module rv_core (D = \register_file1.datawb_i [18], Q = \register_file1.x [146]).
Adding EN signal on $auto$ff.cc:337:slice$19809 ($_DFFE_PP0P_) from module rv_core (D = \register_file1.datawb_i [19], Q = \register_file1.x [147]).
Adding EN signal on $auto$ff.cc:337:slice$19810 ($_DFFE_PP0P_) from module rv_core (D = \register_file1.datawb_i [20], Q = \register_file1.x [148]).
Adding EN signal on $auto$ff.cc:337:slice$19811 ($_DFFE_PP0P_) from module rv_core (D = \register_file1.datawb_i [21], Q = \register_file1.x [149]).
Adding EN signal on $auto$ff.cc:337:slice$19812 ($_DFFE_PP0P_) from module rv_core (D = \register_file1.datawb_i [22], Q = \register_file1.x [150]).
Adding EN signal on $auto$ff.cc:337:slice$19813 ($_DFFE_PP0P_) from module rv_core (D = \register_file1.datawb_i [23], Q = \register_file1.x [151]).
Adding EN signal on $auto$ff.cc:337:slice$19814 ($_DFFE_PP0P_) from module rv_core (D = \register_file1.datawb_i [24], Q = \register_file1.x [152]).
Adding EN signal on $auto$ff.cc:337:slice$19815 ($_DFFE_PP0P_) from module rv_core (D = \register_file1.datawb_i [25], Q = \register_file1.x [153]).
Adding EN signal on $auto$ff.cc:337:slice$19816 ($_DFFE_PP0P_) from module rv_core (D = \register_file1.datawb_i [26], Q = \register_file1.x [154]).
Adding EN signal on $auto$ff.cc:337:slice$19817 ($_DFFE_PP0P_) from module rv_core (D = \register_file1.datawb_i [27], Q = \register_file1.x [155]).
Adding EN signal on $auto$ff.cc:337:slice$19818 ($_DFFE_PP0P_) from module rv_core (D = \register_file1.datawb_i [28], Q = \register_file1.x [156]).
Adding EN signal on $auto$ff.cc:337:slice$19819 ($_DFFE_PP0P_) from module rv_core (D = \register_file1.datawb_i [29], Q = \register_file1.x [157]).
Adding EN signal on $auto$ff.cc:337:slice$19820 ($_DFFE_PP0P_) from module rv_core (D = \register_file1.datawb_i [30], Q = \register_file1.x [158]).
Adding EN signal on $auto$ff.cc:337:slice$19822 ($_DFFE_PP0P_) from module rv_core (D = \register_file1.datawb_i [0], Q = \register_file1.x [160]).
Adding EN signal on $auto$ff.cc:337:slice$19823 ($_DFFE_PP0P_) from module rv_core (D = \register_file1.datawb_i [1], Q = \register_file1.x [161]).
Adding EN signal on $auto$ff.cc:337:slice$19824 ($_DFFE_PP0P_) from module rv_core (D = \register_file1.datawb_i [2], Q = \register_file1.x [162]).
Adding EN signal on $auto$ff.cc:337:slice$19825 ($_DFFE_PP0P_) from module rv_core (D = \register_file1.datawb_i [3], Q = \register_file1.x [163]).
Adding EN signal on $auto$ff.cc:337:slice$19826 ($_DFFE_PP0P_) from module rv_core (D = \register_file1.datawb_i [4], Q = \register_file1.x [164]).
Adding EN signal on $auto$ff.cc:337:slice$19827 ($_DFFE_PP0P_) from module rv_core (D = \register_file1.datawb_i [5], Q = \register_file1.x [165]).
Adding EN signal on $auto$ff.cc:337:slice$19828 ($_DFFE_PP0P_) from module rv_core (D = \register_file1.datawb_i [6], Q = \register_file1.x [166]).
Adding EN signal on $auto$ff.cc:337:slice$19829 ($_DFFE_PP0P_) from module rv_core (D = \register_file1.datawb_i [7], Q = \register_file1.x [167]).
Adding EN signal on $auto$ff.cc:337:slice$19830 ($_DFFE_PP0P_) from module rv_core (D = \register_file1.datawb_i [8], Q = \register_file1.x [168]).
Adding EN signal on $auto$ff.cc:337:slice$19831 ($_DFFE_PP0P_) from module rv_core (D = \register_file1.datawb_i [9], Q = \register_file1.x [169]).
Adding EN signal on $auto$ff.cc:337:slice$19832 ($_DFFE_PP0P_) from module rv_core (D = \register_file1.datawb_i [10], Q = \register_file1.x [170]).
Adding EN signal on $auto$ff.cc:337:slice$19833 ($_DFFE_PP0P_) from module rv_core (D = \register_file1.datawb_i [11], Q = \register_file1.x [171]).
Adding EN signal on $auto$ff.cc:337:slice$19834 ($_DFFE_PP0P_) from module rv_core (D = \register_file1.datawb_i [12], Q = \register_file1.x [172]).
Adding EN signal on $auto$ff.cc:337:slice$19835 ($_DFFE_PP0P_) from module rv_core (D = \register_file1.datawb_i [13], Q = \register_file1.x [173]).
Adding EN signal on $auto$ff.cc:337:slice$19836 ($_DFFE_PP0P_) from module rv_core (D = \register_file1.datawb_i [14], Q = \register_file1.x [174]).
Adding EN signal on $auto$ff.cc:337:slice$19837 ($_DFFE_PP0P_) from module rv_core (D = \register_file1.datawb_i [15], Q = \register_file1.x [175]).
Adding EN signal on $auto$ff.cc:337:slice$19838 ($_DFFE_PP0P_) from module rv_core (D = \register_file1.datawb_i [16], Q = \register_file1.x [176]).
Adding EN signal on $auto$ff.cc:337:slice$19839 ($_DFFE_PP0P_) from module rv_core (D = \register_file1.datawb_i [17], Q = \register_file1.x [177]).
Adding EN signal on $auto$ff.cc:337:slice$19840 ($_DFFE_PP0P_) from module rv_core (D = \register_file1.datawb_i [18], Q = \register_file1.x [178]).
Adding EN signal on $auto$ff.cc:337:slice$19841 ($_DFFE_PP0P_) from module rv_core (D = \register_file1.datawb_i [19], Q = \register_file1.x [179]).
Adding EN signal on $auto$ff.cc:337:slice$19842 ($_DFFE_PP0P_) from module rv_core (D = \register_file1.datawb_i [20], Q = \register_file1.x [180]).
Adding EN signal on $auto$ff.cc:337:slice$19843 ($_DFFE_PP0P_) from module rv_core (D = \register_file1.datawb_i [21], Q = \register_file1.x [181]).
Adding EN signal on $auto$ff.cc:337:slice$19844 ($_DFFE_PP0P_) from module rv_core (D = \register_file1.datawb_i [22], Q = \register_file1.x [182]).
Adding EN signal on $auto$ff.cc:337:slice$19845 ($_DFFE_PP0P_) from module rv_core (D = \register_file1.datawb_i [23], Q = \register_file1.x [183]).
Adding EN signal on $auto$ff.cc:337:slice$19846 ($_DFFE_PP0P_) from module rv_core (D = \register_file1.datawb_i [24], Q = \register_file1.x [184]).
Adding EN signal on $auto$ff.cc:337:slice$19847 ($_DFFE_PP0P_) from module rv_core (D = \register_file1.datawb_i [25], Q = \register_file1.x [185]).
Adding EN signal on $auto$ff.cc:337:slice$19848 ($_DFFE_PP0P_) from module rv_core (D = \register_file1.datawb_i [26], Q = \register_file1.x [186]).
Adding EN signal on $auto$ff.cc:337:slice$19849 ($_DFFE_PP0P_) from module rv_core (D = \register_file1.datawb_i [27], Q = \register_file1.x [187]).
Adding EN signal on $auto$ff.cc:337:slice$19850 ($_DFFE_PP0P_) from module rv_core (D = \register_file1.datawb_i [28], Q = \register_file1.x [188]).
Adding EN signal on $auto$ff.cc:337:slice$19851 ($_DFFE_PP0P_) from module rv_core (D = \register_file1.datawb_i [29], Q = \register_file1.x [189]).
Adding EN signal on $auto$ff.cc:337:slice$19852 ($_DFFE_PP0P_) from module rv_core (D = \register_file1.datawb_i [30], Q = \register_file1.x [190]).
Adding EN signal on $auto$ff.cc:337:slice$19854 ($_DFFE_PP0P_) from module rv_core (D = \register_file1.datawb_i [0], Q = \register_file1.x [192]).
Adding EN signal on $auto$ff.cc:337:slice$19855 ($_DFFE_PP0P_) from module rv_core (D = \register_file1.datawb_i [1], Q = \register_file1.x [193]).
Adding EN signal on $auto$ff.cc:337:slice$19856 ($_DFFE_PP0P_) from module rv_core (D = \register_file1.datawb_i [2], Q = \register_file1.x [194]).
Adding EN signal on $auto$ff.cc:337:slice$19857 ($_DFFE_PP0P_) from module rv_core (D = \register_file1.datawb_i [3], Q = \register_file1.x [195]).
Adding EN signal on $auto$ff.cc:337:slice$19858 ($_DFFE_PP0P_) from module rv_core (D = \register_file1.datawb_i [4], Q = \register_file1.x [196]).
Adding EN signal on $auto$ff.cc:337:slice$19859 ($_DFFE_PP0P_) from module rv_core (D = \register_file1.datawb_i [5], Q = \register_file1.x [197]).
Adding EN signal on $auto$ff.cc:337:slice$19860 ($_DFFE_PP0P_) from module rv_core (D = \register_file1.datawb_i [6], Q = \register_file1.x [198]).
Adding EN signal on $auto$ff.cc:337:slice$19861 ($_DFFE_PP0P_) from module rv_core (D = \register_file1.datawb_i [7], Q = \register_file1.x [199]).
Adding EN signal on $auto$ff.cc:337:slice$19862 ($_DFFE_PP0P_) from module rv_core (D = \register_file1.datawb_i [8], Q = \register_file1.x [200]).
Adding EN signal on $auto$ff.cc:337:slice$19863 ($_DFFE_PP0P_) from module rv_core (D = \register_file1.datawb_i [9], Q = \register_file1.x [201]).
Adding EN signal on $auto$ff.cc:337:slice$19864 ($_DFFE_PP0P_) from module rv_core (D = \register_file1.datawb_i [10], Q = \register_file1.x [202]).
Adding EN signal on $auto$ff.cc:337:slice$19865 ($_DFFE_PP0P_) from module rv_core (D = \register_file1.datawb_i [11], Q = \register_file1.x [203]).
Adding EN signal on $auto$ff.cc:337:slice$19866 ($_DFFE_PP0P_) from module rv_core (D = \register_file1.datawb_i [12], Q = \register_file1.x [204]).
Adding EN signal on $auto$ff.cc:337:slice$19867 ($_DFFE_PP0P_) from module rv_core (D = \register_file1.datawb_i [13], Q = \register_file1.x [205]).
Adding EN signal on $auto$ff.cc:337:slice$19868 ($_DFFE_PP0P_) from module rv_core (D = \register_file1.datawb_i [14], Q = \register_file1.x [206]).
Adding EN signal on $auto$ff.cc:337:slice$19869 ($_DFFE_PP0P_) from module rv_core (D = \register_file1.datawb_i [15], Q = \register_file1.x [207]).
Adding EN signal on $auto$ff.cc:337:slice$19870 ($_DFFE_PP0P_) from module rv_core (D = \register_file1.datawb_i [16], Q = \register_file1.x [208]).
Adding EN signal on $auto$ff.cc:337:slice$19871 ($_DFFE_PP0P_) from module rv_core (D = \register_file1.datawb_i [17], Q = \register_file1.x [209]).
Adding EN signal on $auto$ff.cc:337:slice$19872 ($_DFFE_PP0P_) from module rv_core (D = \register_file1.datawb_i [18], Q = \register_file1.x [210]).
Adding EN signal on $auto$ff.cc:337:slice$19873 ($_DFFE_PP0P_) from module rv_core (D = \register_file1.datawb_i [19], Q = \register_file1.x [211]).
Adding EN signal on $auto$ff.cc:337:slice$19874 ($_DFFE_PP0P_) from module rv_core (D = \register_file1.datawb_i [20], Q = \register_file1.x [212]).
Adding EN signal on $auto$ff.cc:337:slice$19875 ($_DFFE_PP0P_) from module rv_core (D = \register_file1.datawb_i [21], Q = \register_file1.x [213]).
Adding EN signal on $auto$ff.cc:337:slice$19876 ($_DFFE_PP0P_) from module rv_core (D = \register_file1.datawb_i [22], Q = \register_file1.x [214]).
Adding EN signal on $auto$ff.cc:337:slice$19877 ($_DFFE_PP0P_) from module rv_core (D = \register_file1.datawb_i [23], Q = \register_file1.x [215]).
Adding EN signal on $auto$ff.cc:337:slice$19878 ($_DFFE_PP0P_) from module rv_core (D = \register_file1.datawb_i [24], Q = \register_file1.x [216]).
Adding EN signal on $auto$ff.cc:337:slice$19879 ($_DFFE_PP0P_) from module rv_core (D = \register_file1.datawb_i [25], Q = \register_file1.x [217]).
Adding EN signal on $auto$ff.cc:337:slice$19880 ($_DFFE_PP0P_) from module rv_core (D = \register_file1.datawb_i [26], Q = \register_file1.x [218]).
Adding EN signal on $auto$ff.cc:337:slice$19881 ($_DFFE_PP0P_) from module rv_core (D = \register_file1.datawb_i [27], Q = \register_file1.x [219]).
Adding EN signal on $auto$ff.cc:337:slice$19882 ($_DFFE_PP0P_) from module rv_core (D = \register_file1.datawb_i [28], Q = \register_file1.x [220]).
Adding EN signal on $auto$ff.cc:337:slice$19883 ($_DFFE_PP0P_) from module rv_core (D = \register_file1.datawb_i [29], Q = \register_file1.x [221]).
Adding EN signal on $auto$ff.cc:337:slice$19884 ($_DFFE_PP0P_) from module rv_core (D = \register_file1.datawb_i [30], Q = \register_file1.x [222]).
Adding EN signal on $auto$ff.cc:337:slice$19886 ($_DFFE_PP0P_) from module rv_core (D = \register_file1.datawb_i [0], Q = \register_file1.x [224]).
Adding EN signal on $auto$ff.cc:337:slice$19887 ($_DFFE_PP0P_) from module rv_core (D = \register_file1.datawb_i [1], Q = \register_file1.x [225]).
Adding EN signal on $auto$ff.cc:337:slice$19888 ($_DFFE_PP0P_) from module rv_core (D = \register_file1.datawb_i [2], Q = \register_file1.x [226]).
Adding EN signal on $auto$ff.cc:337:slice$19889 ($_DFFE_PP0P_) from module rv_core (D = \register_file1.datawb_i [3], Q = \register_file1.x [227]).
Adding EN signal on $auto$ff.cc:337:slice$19890 ($_DFFE_PP0P_) from module rv_core (D = \register_file1.datawb_i [4], Q = \register_file1.x [228]).
Adding EN signal on $auto$ff.cc:337:slice$19891 ($_DFFE_PP0P_) from module rv_core (D = \register_file1.datawb_i [5], Q = \register_file1.x [229]).
Adding EN signal on $auto$ff.cc:337:slice$19892 ($_DFFE_PP0P_) from module rv_core (D = \register_file1.datawb_i [6], Q = \register_file1.x [230]).
Adding EN signal on $auto$ff.cc:337:slice$19893 ($_DFFE_PP0P_) from module rv_core (D = \register_file1.datawb_i [7], Q = \register_file1.x [231]).
Adding EN signal on $auto$ff.cc:337:slice$19894 ($_DFFE_PP0P_) from module rv_core (D = \register_file1.datawb_i [8], Q = \register_file1.x [232]).
Adding EN signal on $auto$ff.cc:337:slice$19895 ($_DFFE_PP0P_) from module rv_core (D = \register_file1.datawb_i [9], Q = \register_file1.x [233]).
Adding EN signal on $auto$ff.cc:337:slice$19896 ($_DFFE_PP0P_) from module rv_core (D = \register_file1.datawb_i [10], Q = \register_file1.x [234]).
Adding EN signal on $auto$ff.cc:337:slice$19897 ($_DFFE_PP0P_) from module rv_core (D = \register_file1.datawb_i [11], Q = \register_file1.x [235]).
Adding EN signal on $auto$ff.cc:337:slice$19898 ($_DFFE_PP0P_) from module rv_core (D = \register_file1.datawb_i [12], Q = \register_file1.x [236]).
Adding EN signal on $auto$ff.cc:337:slice$19899 ($_DFFE_PP0P_) from module rv_core (D = \register_file1.datawb_i [13], Q = \register_file1.x [237]).
Adding EN signal on $auto$ff.cc:337:slice$19900 ($_DFFE_PP0P_) from module rv_core (D = \register_file1.datawb_i [14], Q = \register_file1.x [238]).
Adding EN signal on $auto$ff.cc:337:slice$19901 ($_DFFE_PP0P_) from module rv_core (D = \register_file1.datawb_i [15], Q = \register_file1.x [239]).
Adding EN signal on $auto$ff.cc:337:slice$19902 ($_DFFE_PP0P_) from module rv_core (D = \register_file1.datawb_i [16], Q = \register_file1.x [240]).
Adding EN signal on $auto$ff.cc:337:slice$19903 ($_DFFE_PP0P_) from module rv_core (D = \register_file1.datawb_i [17], Q = \register_file1.x [241]).
Adding EN signal on $auto$ff.cc:337:slice$19904 ($_DFFE_PP0P_) from module rv_core (D = \register_file1.datawb_i [18], Q = \register_file1.x [242]).
Adding EN signal on $auto$ff.cc:337:slice$19905 ($_DFFE_PP0P_) from module rv_core (D = \register_file1.datawb_i [19], Q = \register_file1.x [243]).
Adding EN signal on $auto$ff.cc:337:slice$19906 ($_DFFE_PP0P_) from module rv_core (D = \register_file1.datawb_i [20], Q = \register_file1.x [244]).
Adding EN signal on $auto$ff.cc:337:slice$19907 ($_DFFE_PP0P_) from module rv_core (D = \register_file1.datawb_i [21], Q = \register_file1.x [245]).
Adding EN signal on $auto$ff.cc:337:slice$19908 ($_DFFE_PP0P_) from module rv_core (D = \register_file1.datawb_i [22], Q = \register_file1.x [246]).
Adding EN signal on $auto$ff.cc:337:slice$19909 ($_DFFE_PP0P_) from module rv_core (D = \register_file1.datawb_i [23], Q = \register_file1.x [247]).
Adding EN signal on $auto$ff.cc:337:slice$19910 ($_DFFE_PP0P_) from module rv_core (D = \register_file1.datawb_i [24], Q = \register_file1.x [248]).
Adding EN signal on $auto$ff.cc:337:slice$19911 ($_DFFE_PP0P_) from module rv_core (D = \register_file1.datawb_i [25], Q = \register_file1.x [249]).
Adding EN signal on $auto$ff.cc:337:slice$19912 ($_DFFE_PP0P_) from module rv_core (D = \register_file1.datawb_i [26], Q = \register_file1.x [250]).
Adding EN signal on $auto$ff.cc:337:slice$19913 ($_DFFE_PP0P_) from module rv_core (D = \register_file1.datawb_i [27], Q = \register_file1.x [251]).
Adding EN signal on $auto$ff.cc:337:slice$19914 ($_DFFE_PP0P_) from module rv_core (D = \register_file1.datawb_i [28], Q = \register_file1.x [252]).
Adding EN signal on $auto$ff.cc:337:slice$19915 ($_DFFE_PP0P_) from module rv_core (D = \register_file1.datawb_i [29], Q = \register_file1.x [253]).
Adding EN signal on $auto$ff.cc:337:slice$19916 ($_DFFE_PP0P_) from module rv_core (D = \register_file1.datawb_i [30], Q = \register_file1.x [254]).
Adding EN signal on $auto$ff.cc:337:slice$19918 ($_DFFE_PP0P_) from module rv_core (D = \register_file1.datawb_i [0], Q = \register_file1.x [256]).
Adding EN signal on $auto$ff.cc:337:slice$19919 ($_DFFE_PP0P_) from module rv_core (D = \register_file1.datawb_i [1], Q = \register_file1.x [257]).
Adding EN signal on $auto$ff.cc:337:slice$19920 ($_DFFE_PP0P_) from module rv_core (D = \register_file1.datawb_i [2], Q = \register_file1.x [258]).
Adding EN signal on $auto$ff.cc:337:slice$19921 ($_DFFE_PP0P_) from module rv_core (D = \register_file1.datawb_i [3], Q = \register_file1.x [259]).
Adding EN signal on $auto$ff.cc:337:slice$19922 ($_DFFE_PP0P_) from module rv_core (D = \register_file1.datawb_i [4], Q = \register_file1.x [260]).
Adding EN signal on $auto$ff.cc:337:slice$19923 ($_DFFE_PP0P_) from module rv_core (D = \register_file1.datawb_i [5], Q = \register_file1.x [261]).
Adding EN signal on $auto$ff.cc:337:slice$19924 ($_DFFE_PP0P_) from module rv_core (D = \register_file1.datawb_i [6], Q = \register_file1.x [262]).
Adding EN signal on $auto$ff.cc:337:slice$19925 ($_DFFE_PP0P_) from module rv_core (D = \register_file1.datawb_i [7], Q = \register_file1.x [263]).
Adding EN signal on $auto$ff.cc:337:slice$19926 ($_DFFE_PP0P_) from module rv_core (D = \register_file1.datawb_i [8], Q = \register_file1.x [264]).
Adding EN signal on $auto$ff.cc:337:slice$19927 ($_DFFE_PP0P_) from module rv_core (D = \register_file1.datawb_i [9], Q = \register_file1.x [265]).
Adding EN signal on $auto$ff.cc:337:slice$19928 ($_DFFE_PP0P_) from module rv_core (D = \register_file1.datawb_i [10], Q = \register_file1.x [266]).
Adding EN signal on $auto$ff.cc:337:slice$19929 ($_DFFE_PP0P_) from module rv_core (D = \register_file1.datawb_i [11], Q = \register_file1.x [267]).
Adding EN signal on $auto$ff.cc:337:slice$19930 ($_DFFE_PP0P_) from module rv_core (D = \register_file1.datawb_i [12], Q = \register_file1.x [268]).
Adding EN signal on $auto$ff.cc:337:slice$19931 ($_DFFE_PP0P_) from module rv_core (D = \register_file1.datawb_i [13], Q = \register_file1.x [269]).
Adding EN signal on $auto$ff.cc:337:slice$19932 ($_DFFE_PP0P_) from module rv_core (D = \register_file1.datawb_i [14], Q = \register_file1.x [270]).
Adding EN signal on $auto$ff.cc:337:slice$19933 ($_DFFE_PP0P_) from module rv_core (D = \register_file1.datawb_i [15], Q = \register_file1.x [271]).
Adding EN signal on $auto$ff.cc:337:slice$19934 ($_DFFE_PP0P_) from module rv_core (D = \register_file1.datawb_i [16], Q = \register_file1.x [272]).
Adding EN signal on $auto$ff.cc:337:slice$19935 ($_DFFE_PP0P_) from module rv_core (D = \register_file1.datawb_i [17], Q = \register_file1.x [273]).
Adding EN signal on $auto$ff.cc:337:slice$19936 ($_DFFE_PP0P_) from module rv_core (D = \register_file1.datawb_i [18], Q = \register_file1.x [274]).
Adding EN signal on $auto$ff.cc:337:slice$19937 ($_DFFE_PP0P_) from module rv_core (D = \register_file1.datawb_i [19], Q = \register_file1.x [275]).
Adding EN signal on $auto$ff.cc:337:slice$19938 ($_DFFE_PP0P_) from module rv_core (D = \register_file1.datawb_i [20], Q = \register_file1.x [276]).
Adding EN signal on $auto$ff.cc:337:slice$19939 ($_DFFE_PP0P_) from module rv_core (D = \register_file1.datawb_i [21], Q = \register_file1.x [277]).
Adding EN signal on $auto$ff.cc:337:slice$19940 ($_DFFE_PP0P_) from module rv_core (D = \register_file1.datawb_i [22], Q = \register_file1.x [278]).
Adding EN signal on $auto$ff.cc:337:slice$19941 ($_DFFE_PP0P_) from module rv_core (D = \register_file1.datawb_i [23], Q = \register_file1.x [279]).
Adding EN signal on $auto$ff.cc:337:slice$19942 ($_DFFE_PP0P_) from module rv_core (D = \register_file1.datawb_i [24], Q = \register_file1.x [280]).
Adding EN signal on $auto$ff.cc:337:slice$19943 ($_DFFE_PP0P_) from module rv_core (D = \register_file1.datawb_i [25], Q = \register_file1.x [281]).
Adding EN signal on $auto$ff.cc:337:slice$19944 ($_DFFE_PP0P_) from module rv_core (D = \register_file1.datawb_i [26], Q = \register_file1.x [282]).
Adding EN signal on $auto$ff.cc:337:slice$19945 ($_DFFE_PP0P_) from module rv_core (D = \register_file1.datawb_i [27], Q = \register_file1.x [283]).
Adding EN signal on $auto$ff.cc:337:slice$19946 ($_DFFE_PP0P_) from module rv_core (D = \register_file1.datawb_i [28], Q = \register_file1.x [284]).
Adding EN signal on $auto$ff.cc:337:slice$19947 ($_DFFE_PP0P_) from module rv_core (D = \register_file1.datawb_i [29], Q = \register_file1.x [285]).
Adding EN signal on $auto$ff.cc:337:slice$19948 ($_DFFE_PP0P_) from module rv_core (D = \register_file1.datawb_i [30], Q = \register_file1.x [286]).
Adding EN signal on $auto$ff.cc:337:slice$19950 ($_DFFE_PP0P_) from module rv_core (D = \register_file1.datawb_i [0], Q = \register_file1.x [288]).
Adding EN signal on $auto$ff.cc:337:slice$19951 ($_DFFE_PP0P_) from module rv_core (D = \register_file1.datawb_i [1], Q = \register_file1.x [289]).
Adding EN signal on $auto$ff.cc:337:slice$19952 ($_DFFE_PP0P_) from module rv_core (D = \register_file1.datawb_i [2], Q = \register_file1.x [290]).
Adding EN signal on $auto$ff.cc:337:slice$19953 ($_DFFE_PP0P_) from module rv_core (D = \register_file1.datawb_i [3], Q = \register_file1.x [291]).
Adding EN signal on $auto$ff.cc:337:slice$19954 ($_DFFE_PP0P_) from module rv_core (D = \register_file1.datawb_i [4], Q = \register_file1.x [292]).
Adding EN signal on $auto$ff.cc:337:slice$19955 ($_DFFE_PP0P_) from module rv_core (D = \register_file1.datawb_i [5], Q = \register_file1.x [293]).
Adding EN signal on $auto$ff.cc:337:slice$19956 ($_DFFE_PP0P_) from module rv_core (D = \register_file1.datawb_i [6], Q = \register_file1.x [294]).
Adding EN signal on $auto$ff.cc:337:slice$19957 ($_DFFE_PP0P_) from module rv_core (D = \register_file1.datawb_i [7], Q = \register_file1.x [295]).
Adding EN signal on $auto$ff.cc:337:slice$19958 ($_DFFE_PP0P_) from module rv_core (D = \register_file1.datawb_i [8], Q = \register_file1.x [296]).
Adding EN signal on $auto$ff.cc:337:slice$19959 ($_DFFE_PP0P_) from module rv_core (D = \register_file1.datawb_i [9], Q = \register_file1.x [297]).
Adding EN signal on $auto$ff.cc:337:slice$19960 ($_DFFE_PP0P_) from module rv_core (D = \register_file1.datawb_i [10], Q = \register_file1.x [298]).
Adding EN signal on $auto$ff.cc:337:slice$19961 ($_DFFE_PP0P_) from module rv_core (D = \register_file1.datawb_i [11], Q = \register_file1.x [299]).
Adding EN signal on $auto$ff.cc:337:slice$19962 ($_DFFE_PP0P_) from module rv_core (D = \register_file1.datawb_i [12], Q = \register_file1.x [300]).
Adding EN signal on $auto$ff.cc:337:slice$19963 ($_DFFE_PP0P_) from module rv_core (D = \register_file1.datawb_i [13], Q = \register_file1.x [301]).
Adding EN signal on $auto$ff.cc:337:slice$19964 ($_DFFE_PP0P_) from module rv_core (D = \register_file1.datawb_i [14], Q = \register_file1.x [302]).
Adding EN signal on $auto$ff.cc:337:slice$19965 ($_DFFE_PP0P_) from module rv_core (D = \register_file1.datawb_i [15], Q = \register_file1.x [303]).
Adding EN signal on $auto$ff.cc:337:slice$19966 ($_DFFE_PP0P_) from module rv_core (D = \register_file1.datawb_i [16], Q = \register_file1.x [304]).
Adding EN signal on $auto$ff.cc:337:slice$19967 ($_DFFE_PP0P_) from module rv_core (D = \register_file1.datawb_i [17], Q = \register_file1.x [305]).
Adding EN signal on $auto$ff.cc:337:slice$19968 ($_DFFE_PP0P_) from module rv_core (D = \register_file1.datawb_i [18], Q = \register_file1.x [306]).
Adding EN signal on $auto$ff.cc:337:slice$19969 ($_DFFE_PP0P_) from module rv_core (D = \register_file1.datawb_i [19], Q = \register_file1.x [307]).
Adding EN signal on $auto$ff.cc:337:slice$19970 ($_DFFE_PP0P_) from module rv_core (D = \register_file1.datawb_i [20], Q = \register_file1.x [308]).
Adding EN signal on $auto$ff.cc:337:slice$19971 ($_DFFE_PP0P_) from module rv_core (D = \register_file1.datawb_i [21], Q = \register_file1.x [309]).
Adding EN signal on $auto$ff.cc:337:slice$19972 ($_DFFE_PP0P_) from module rv_core (D = \register_file1.datawb_i [22], Q = \register_file1.x [310]).
Adding EN signal on $auto$ff.cc:337:slice$19973 ($_DFFE_PP0P_) from module rv_core (D = \register_file1.datawb_i [23], Q = \register_file1.x [311]).
Adding EN signal on $auto$ff.cc:337:slice$19974 ($_DFFE_PP0P_) from module rv_core (D = \register_file1.datawb_i [24], Q = \register_file1.x [312]).
Adding EN signal on $auto$ff.cc:337:slice$19975 ($_DFFE_PP0P_) from module rv_core (D = \register_file1.datawb_i [25], Q = \register_file1.x [313]).
Adding EN signal on $auto$ff.cc:337:slice$19976 ($_DFFE_PP0P_) from module rv_core (D = \register_file1.datawb_i [26], Q = \register_file1.x [314]).
Adding EN signal on $auto$ff.cc:337:slice$19977 ($_DFFE_PP0P_) from module rv_core (D = \register_file1.datawb_i [27], Q = \register_file1.x [315]).
Adding EN signal on $auto$ff.cc:337:slice$19978 ($_DFFE_PP0P_) from module rv_core (D = \register_file1.datawb_i [28], Q = \register_file1.x [316]).
Adding EN signal on $auto$ff.cc:337:slice$19979 ($_DFFE_PP0P_) from module rv_core (D = \register_file1.datawb_i [29], Q = \register_file1.x [317]).
Adding EN signal on $auto$ff.cc:337:slice$19980 ($_DFFE_PP0P_) from module rv_core (D = \register_file1.datawb_i [30], Q = \register_file1.x [318]).

yosys> opt_clean

11.7. Executing OPT_CLEAN pass (remove unused cells and wires).
Finding unused cells or wires in module \rv_core..
Removed 1314 unused cells and 4070 unused wires.
<suppressed ~1315 debug messages>

yosys> opt_expr

11.8. Executing OPT_EXPR pass (perform const folding).
Optimizing module rv_core.
<suppressed ~4 debug messages>

11.9. Rerunning OPT passes. (Maybe there is more to do..)

yosys> opt_muxtree

11.10. Executing OPT_MUXTREE pass (detect dead branches in mux trees).
Running muxtree optimizer on module \rv_core..
  Creating internal representation of mux trees.
  No muxes found in this module.
Removed 0 multiplexer ports.

yosys> opt_reduce

11.11. Executing OPT_REDUCE pass (consolidate $*mux and $reduce_* inputs).
  Optimizing cells in module \rv_core.
Performed a total of 0 changes.

yosys> opt_merge

11.12. Executing OPT_MERGE pass (detect identical cells).
Finding identical cells in module `\rv_core'.
Computing hashes of 35415 cells of `\rv_core'.
Finding duplicate cells in `\rv_core'.
Computing hashes of 34421 cells of `\rv_core'.
Finding duplicate cells in `\rv_core'.
Computing hashes of 34420 cells of `\rv_core'.
Finding duplicate cells in `\rv_core'.
<suppressed ~2985 debug messages>
Removed a total of 995 cells.

yosys> opt_dff

11.13. Executing OPT_DFF pass (perform DFF optimizations).

yosys> opt_clean

11.14. Executing OPT_CLEAN pass (remove unused cells and wires).
Finding unused cells or wires in module \rv_core..
Removed 0 unused cells and 999 unused wires.
<suppressed ~1 debug messages>

yosys> opt_expr

11.15. Executing OPT_EXPR pass (perform const folding).
Optimizing module rv_core.

11.16. Rerunning OPT passes. (Maybe there is more to do..)

yosys> opt_muxtree

11.17. Executing OPT_MUXTREE pass (detect dead branches in mux trees).
Running muxtree optimizer on module \rv_core..
  Creating internal representation of mux trees.
  No muxes found in this module.
Removed 0 multiplexer ports.

yosys> opt_reduce

11.18. Executing OPT_REDUCE pass (consolidate $*mux and $reduce_* inputs).
  Optimizing cells in module \rv_core.
Performed a total of 0 changes.

yosys> opt_merge

11.19. Executing OPT_MERGE pass (detect identical cells).
Finding identical cells in module `\rv_core'.
Computing hashes of 34420 cells of `\rv_core'.
Finding duplicate cells in `\rv_core'.
Removed a total of 0 cells.

yosys> opt_dff

11.20. Executing OPT_DFF pass (perform DFF optimizations).

yosys> opt_clean

11.21. Executing OPT_CLEAN pass (remove unused cells and wires).
Finding unused cells or wires in module \rv_core..

yosys> opt_expr

11.22. Executing OPT_EXPR pass (perform const folding).
Optimizing module rv_core.

11.23. Finished fast OPT passes. (There is nothing left to do.)

yosys> flatten

12. Executing FLATTEN pass (flatten design).

yosys> opt

13. Executing OPT pass (performing simple optimizations).

yosys> opt_expr

13.1. Executing OPT_EXPR pass (perform const folding).
Optimizing module rv_core.

yosys> opt_merge -nomux

13.2. Executing OPT_MERGE pass (detect identical cells).
Finding identical cells in module `\rv_core'.
Computing hashes of 34420 cells of `\rv_core'.
Finding duplicate cells in `\rv_core'.
Removed a total of 0 cells.

yosys> opt_muxtree

13.3. Executing OPT_MUXTREE pass (detect dead branches in mux trees).
Running muxtree optimizer on module \rv_core..
  Creating internal representation of mux trees.
  No muxes found in this module.
Removed 0 multiplexer ports.

yosys> opt_reduce

13.4. Executing OPT_REDUCE pass (consolidate $*mux and $reduce_* inputs).
  Optimizing cells in module \rv_core.
Performed a total of 0 changes.

yosys> opt_merge

13.5. Executing OPT_MERGE pass (detect identical cells).
Finding identical cells in module `\rv_core'.
Computing hashes of 34420 cells of `\rv_core'.
Finding duplicate cells in `\rv_core'.
Removed a total of 0 cells.

yosys> opt_dff

13.6. Executing OPT_DFF pass (perform DFF optimizations).

yosys> opt_clean

13.7. Executing OPT_CLEAN pass (remove unused cells and wires).
Finding unused cells or wires in module \rv_core..

yosys> opt_expr

13.8. Executing OPT_EXPR pass (perform const folding).
Optimizing module rv_core.

13.9. Finished fast OPT passes. (There is nothing left to do.)

yosys> dfflibmap -liberty synthesis/sky130nm.lib

14. Executing DFFLIBMAP pass (mapping DFF cells to sequential cells from liberty file).
  cell sky130_fd_sc_hd__dfxtp_1 (noninv, pins=3, area=20.02) is a direct match for cell type $_DFF_P_.
  cell sky130_fd_sc_hd__dfrtn_1 (noninv, pins=4, area=25.02) is a direct match for cell type $_DFF_NN0_.
  cell sky130_fd_sc_hd__dfrtp_1 (noninv, pins=4, area=25.02) is a direct match for cell type $_DFF_PN0_.
  cell sky130_fd_sc_hd__dfstp_2 (noninv, pins=4, area=26.28) is a direct match for cell type $_DFF_PN1_.
  cell sky130_fd_sc_hd__edfxtp_1 (noninv, pins=4, area=30.03) is a direct match for cell type $_DFFE_PP_.
  cell sky130_fd_sc_hd__dfbbn_1 (noninv, pins=6, area=32.53) is a direct match for cell type $_DFFSR_NNN_.
  cell sky130_fd_sc_hd__dfbbp_1 (noninv, pins=6, area=32.53) is a direct match for cell type $_DFFSR_PNN_.
  final dff cell mappings:
    unmapped dff cell: $_DFF_N_
    \sky130_fd_sc_hd__dfxtp_1 _DFF_P_ (.CLK( C), .D( D), .Q( Q));
    \sky130_fd_sc_hd__dfrtn_1 _DFF_NN0_ (.CLK_N( C), .D( D), .Q( Q), .RESET_B( R));
    unmapped dff cell: $_DFF_NN1_
    unmapped dff cell: $_DFF_NP0_
    unmapped dff cell: $_DFF_NP1_
    \sky130_fd_sc_hd__dfrtp_1 _DFF_PN0_ (.CLK( C), .D( D), .Q( Q), .RESET_B( R));
    \sky130_fd_sc_hd__dfstp_2 _DFF_PN1_ (.CLK( C), .D( D), .Q( Q), .SET_B( R));
    unmapped dff cell: $_DFF_PP0_
    unmapped dff cell: $_DFF_PP1_
    unmapped dff cell: $_DFFE_NN_
    unmapped dff cell: $_DFFE_NP_
    unmapped dff cell: $_DFFE_PN_
    \sky130_fd_sc_hd__edfxtp_1 _DFFE_PP_ (.CLK( C), .D( D), .DE( E), .Q( Q));
    \sky130_fd_sc_hd__dfbbn_1 _DFFSR_NNN_ (.CLK_N( C), .D( D), .Q( Q), .Q_N(~Q), .RESET_B( R), .SET_B( S));
    unmapped dff cell: $_DFFSR_NNP_
    unmapped dff cell: $_DFFSR_NPN_
    unmapped dff cell: $_DFFSR_NPP_
    \sky130_fd_sc_hd__dfbbp_1 _DFFSR_PNN_ (.CLK( C), .D( D), .Q( Q), .Q_N(~Q), .RESET_B( R), .SET_B( S));
    unmapped dff cell: $_DFFSR_PNP_
    unmapped dff cell: $_DFFSR_PPN_
    unmapped dff cell: $_DFFSR_PPP_

yosys> dfflegalize -cell $_DFFE_PP_ 01 -cell $_DFFSR_NNN_ 01 -cell $_DFFSR_PNN_ 01 -cell $_DFF_NN0_ 01 -cell $_DFF_PN0_ 01 -cell $_DFF_PN1_ 01 -cell $_DFF_P_ 01 t:$_DFF* t:$_SDFF*

14.1. Executing DFFLEGALIZE pass (convert FFs to types supported by the target).
<suppressed ~24 debug messages>
Mapping DFF cells in module `\rv_core':
  mapped 8192 $_DFFE_PP_ cells to \sky130_fd_sc_hd__edfxtp_1 cells.
  mapped 1550 $_DFF_PN0_ cells to \sky130_fd_sc_hd__dfrtp_1 cells.
  mapped 6 $_DFF_PN1_ cells to \sky130_fd_sc_hd__dfstp_2 cells.

yosys> abc -liberty synthesis/sky130nm.lib -D 10000 -script "+strash;dch;map -B 0.9;topo;stime -c;buffer -c;upsize -c;dnsize -c;stime -p"

15. Executing ABC pass (technology mapping using ABC).

15.1. Extracting gate netlist of module `\rv_core' to `<abc-temp-dir>/input.blif'..
Replacing 66 occurrences of constant undef bits with constant zero bits

15.1.1. Executed ABC.
Extracted 27348 gates and 37031 wires to a netlist network with 9680 inputs and 3956 outputs.
Running ABC script: <abc-temp-dir>/abc.script
ABC: ======== ABC command line "source <abc-temp-dir>/abc.script"
ABC: + read_blif <abc-temp-dir>/input.blif 
ABC: + read_lib -w /eecs/home/daksh31/Documents/EECS-4201-Project-feat-stage2-synthesis/synthesis/sky130nm.lib 
ABC: Parsing finished successfully.  Parsing time =     0.04 sec
ABC: Scl_LibertyReadGenlib() skipped cell "sky130_fd_sc_hd__decap_12" without logic function.
ABC: Scl_LibertyReadGenlib() skipped cell "sky130_fd_sc_hd__decap_3" without logic function.
ABC: Scl_LibertyReadGenlib() skipped cell "sky130_fd_sc_hd__decap_4" without logic function.
ABC: Scl_LibertyReadGenlib() skipped cell "sky130_fd_sc_hd__decap_6" without logic function.
ABC: Scl_LibertyReadGenlib() skipped cell "sky130_fd_sc_hd__decap_8" without logic function.
ABC: Scl_LibertyReadGenlib() skipped sequential cell "sky130_fd_sc_hd__dfbbn_1".
ABC: Scl_LibertyReadGenlib() skipped sequential cell "sky130_fd_sc_hd__dfbbn_2".
ABC: Scl_LibertyReadGenlib() skipped sequential cell "sky130_fd_sc_hd__dfbbp_1".
ABC: Scl_LibertyReadGenlib() skipped sequential cell "sky130_fd_sc_hd__dfrbp_1".
ABC: Scl_LibertyReadGenlib() skipped sequential cell "sky130_fd_sc_hd__dfrbp_2".
ABC: Scl_LibertyReadGenlib() skipped sequential cell "sky130_fd_sc_hd__dfrtn_1".
ABC: Scl_LibertyReadGenlib() skipped sequential cell "sky130_fd_sc_hd__dfrtp_1".
ABC: Scl_LibertyReadGenlib() skipped sequential cell "sky130_fd_sc_hd__dfrtp_2".
ABC: Scl_LibertyReadGenlib() skipped sequential cell "sky130_fd_sc_hd__dfrtp_4".
ABC: Scl_LibertyReadGenlib() skipped sequential cell "sky130_fd_sc_hd__dfsbp_1".
ABC: Scl_LibertyReadGenlib() skipped sequential cell "sky130_fd_sc_hd__dfsbp_2".
ABC: Scl_LibertyReadGenlib() skipped sequential cell "sky130_fd_sc_hd__dfstp_1".
ABC: Scl_LibertyReadGenlib() skipped sequential cell "sky130_fd_sc_hd__dfstp_2".
ABC: Scl_LibertyReadGenlib() skipped sequential cell "sky130_fd_sc_hd__dfstp_4".
ABC: Scl_LibertyReadGenlib() skipped sequential cell "sky130_fd_sc_hd__dfxbp_1".
ABC: Scl_LibertyReadGenlib() skipped sequential cell "sky130_fd_sc_hd__dfxbp_2".
ABC: Scl_LibertyReadGenlib() skipped sequential cell "sky130_fd_sc_hd__dfxtp_1".
ABC: Scl_LibertyReadGenlib() skipped sequential cell "sky130_fd_sc_hd__dfxtp_2".
ABC: Scl_LibertyReadGenlib() skipped sequential cell "sky130_fd_sc_hd__dfxtp_4".
ABC: Scl_LibertyReadGenlib() skipped cell "sky130_fd_sc_hd__diode_2" without logic function.
ABC: Scl_LibertyReadGenlib() skipped cell "sky130_fd_sc_hd__dlclkp_1" without logic function.
ABC: Scl_LibertyReadGenlib() skipped cell "sky130_fd_sc_hd__dlclkp_2" without logic function.
ABC: Scl_LibertyReadGenlib() skipped cell "sky130_fd_sc_hd__dlclkp_4" without logic function.
ABC: Scl_LibertyReadGenlib() skipped sequential cell "sky130_fd_sc_hd__dlrbn_1".
ABC: Scl_LibertyReadGenlib() skipped sequential cell "sky130_fd_sc_hd__dlrbn_2".
ABC: Scl_LibertyReadGenlib() skipped sequential cell "sky130_fd_sc_hd__dlrbp_1".
ABC: Scl_LibertyReadGenlib() skipped sequential cell "sky130_fd_sc_hd__dlrbp_2".
ABC: Scl_LibertyReadGenlib() skipped sequential cell "sky130_fd_sc_hd__dlrtn_1".
ABC: Scl_LibertyReadGenlib() skipped sequential cell "sky130_fd_sc_hd__dlrtn_2".
ABC: Scl_LibertyReadGenlib() skipped sequential cell "sky130_fd_sc_hd__dlrtn_4".
ABC: Scl_LibertyReadGenlib() skipped sequential cell "sky130_fd_sc_hd__dlrtp_1".
ABC: Scl_LibertyReadGenlib() skipped sequential cell "sky130_fd_sc_hd__dlrtp_2".
ABC: Scl_LibertyReadGenlib() skipped sequential cell "sky130_fd_sc_hd__dlrtp_4".
ABC: Scl_LibertyReadGenlib() skipped sequential cell "sky130_fd_sc_hd__dlxbn_1".
ABC: Scl_LibertyReadGenlib() skipped sequential cell "sky130_fd_sc_hd__dlxbn_2".
ABC: Scl_LibertyReadGenlib() skipped sequential cell "sky130_fd_sc_hd__dlxbp_1".
ABC: Scl_LibertyReadGenlib() skipped sequential cell "sky130_fd_sc_hd__dlxtn_1".
ABC: Scl_LibertyReadGenlib() skipped sequential cell "sky130_fd_sc_hd__dlxtn_2".
ABC: Scl_LibertyReadGenlib() skipped sequential cell "sky130_fd_sc_hd__dlxtn_4".
ABC: Scl_LibertyReadGenlib() skipped sequential cell "sky130_fd_sc_hd__dlxtp_1".
ABC: Scl_LibertyReadGenlib() skipped three-state cell "sky130_fd_sc_hd__ebufn_1".
ABC: Scl_LibertyReadGenlib() skipped three-state cell "sky130_fd_sc_hd__ebufn_2".
ABC: Scl_LibertyReadGenlib() skipped three-state cell "sky130_fd_sc_hd__ebufn_4".
ABC: Scl_LibertyReadGenlib() skipped three-state cell "sky130_fd_sc_hd__ebufn_8".
ABC: Scl_LibertyReadGenlib() skipped sequential cell "sky130_fd_sc_hd__edfxbp_1".
ABC: Scl_LibertyReadGenlib() skipped sequential cell "sky130_fd_sc_hd__edfxtp_1".
ABC: Scl_LibertyReadGenlib() skipped three-state cell "sky130_fd_sc_hd__einvn_0".
ABC: Scl_LibertyReadGenlib() skipped three-state cell "sky130_fd_sc_hd__einvn_1".
ABC: Scl_LibertyReadGenlib() skipped three-state cell "sky130_fd_sc_hd__einvn_2".
ABC: Scl_LibertyReadGenlib() skipped three-state cell "sky130_fd_sc_hd__einvn_4".
ABC: Scl_LibertyReadGenlib() skipped three-state cell "sky130_fd_sc_hd__einvn_8".
ABC: Scl_LibertyReadGenlib() skipped three-state cell "sky130_fd_sc_hd__einvp_1".
ABC: Scl_LibertyReadGenlib() skipped three-state cell "sky130_fd_sc_hd__einvp_2".
ABC: Scl_LibertyReadGenlib() skipped three-state cell "sky130_fd_sc_hd__einvp_4".
ABC: Scl_LibertyReadGenlib() skipped three-state cell "sky130_fd_sc_hd__einvp_8".
ABC: Scl_LibertyReadGenlib() skipped cell "sky130_fd_sc_hd__lpflow_bleeder_1" without logic function.
ABC: Scl_LibertyReadGenlib() skipped cell "sky130_fd_sc_hd__lpflow_decapkapwr_12" without logic function.
ABC: Scl_LibertyReadGenlib() skipped cell "sky130_fd_sc_hd__lpflow_decapkapwr_3" without logic function.
ABC: Scl_LibertyReadGenlib() skipped cell "sky130_fd_sc_hd__lpflow_decapkapwr_4" without logic function.
ABC: Scl_LibertyReadGenlib() skipped cell "sky130_fd_sc_hd__lpflow_decapkapwr_6" without logic function.
ABC: Scl_LibertyReadGenlib() skipped cell "sky130_fd_sc_hd__lpflow_decapkapwr_8" without logic function.
ABC: Scl_LibertyReadGenlib() skipped sequential cell "sky130_fd_sc_hd__lpflow_inputisolatch_1".
ABC: Scl_LibertyReadGenlib() skipped sequential cell "sky130_fd_sc_hd__sdfbbn_1".
ABC: Scl_LibertyReadGenlib() skipped sequential cell "sky130_fd_sc_hd__sdfbbn_2".
ABC: Scl_LibertyReadGenlib() skipped sequential cell "sky130_fd_sc_hd__sdfbbp_1".
ABC: Scl_LibertyReadGenlib() skipped sequential cell "sky130_fd_sc_hd__sdfrbp_1".
ABC: Scl_LibertyReadGenlib() skipped sequential cell "sky130_fd_sc_hd__sdfrbp_2".
ABC: Scl_LibertyReadGenlib() skipped sequential cell "sky130_fd_sc_hd__sdfrtn_1".
ABC: Scl_LibertyReadGenlib() skipped sequential cell "sky130_fd_sc_hd__sdfrtp_1".
ABC: Scl_LibertyReadGenlib() skipped sequential cell "sky130_fd_sc_hd__sdfrtp_2".
ABC: Scl_LibertyReadGenlib() skipped sequential cell "sky130_fd_sc_hd__sdfrtp_4".
ABC: Scl_LibertyReadGenlib() skipped sequential cell "sky130_fd_sc_hd__sdfsbp_1".
ABC: Scl_LibertyReadGenlib() skipped sequential cell "sky130_fd_sc_hd__sdfsbp_2".
ABC: Scl_LibertyReadGenlib() skipped sequential cell "sky130_fd_sc_hd__sdfstp_1".
ABC: Scl_LibertyReadGenlib() skipped sequential cell "sky130_fd_sc_hd__sdfstp_2".
ABC: Scl_LibertyReadGenlib() skipped sequential cell "sky130_fd_sc_hd__sdfstp_4".
ABC: Scl_LibertyReadGenlib() skipped sequential cell "sky130_fd_sc_hd__sdfxbp_1".
ABC: Scl_LibertyReadGenlib() skipped sequential cell "sky130_fd_sc_hd__sdfxbp_2".
ABC: Scl_LibertyReadGenlib() skipped sequential cell "sky130_fd_sc_hd__sdfxtp_1".
ABC: Scl_LibertyReadGenlib() skipped sequential cell "sky130_fd_sc_hd__sdfxtp_2".
ABC: Scl_LibertyReadGenlib() skipped sequential cell "sky130_fd_sc_hd__sdfxtp_4".
ABC: Scl_LibertyReadGenlib() skipped cell "sky130_fd_sc_hd__sdlclkp_1" without logic function.
ABC: Scl_LibertyReadGenlib() skipped cell "sky130_fd_sc_hd__sdlclkp_2" without logic function.
ABC: Scl_LibertyReadGenlib() skipped cell "sky130_fd_sc_hd__sdlclkp_4" without logic function.
ABC: Scl_LibertyReadGenlib() skipped sequential cell "sky130_fd_sc_hd__sedfxbp_1".
ABC: Scl_LibertyReadGenlib() skipped sequential cell "sky130_fd_sc_hd__sedfxbp_2".
ABC: Scl_LibertyReadGenlib() skipped sequential cell "sky130_fd_sc_hd__sedfxtp_1".
ABC: Scl_LibertyReadGenlib() skipped sequential cell "sky130_fd_sc_hd__sedfxtp_2".
ABC: Scl_LibertyReadGenlib() skipped sequential cell "sky130_fd_sc_hd__sedfxtp_4".
ABC: Library "sky130_fd_sc_hd__ss_n40C_1v76" from "/eecs/home/daksh31/Documents/EECS-4201-Project-feat-stage2-synthesis/synthesis/sky130nm.lib" has 334 cells (94 skipped: 63 seq; 13 tri-state; 18 no func; 0 dont_use; 0 with 2 outputs; 0 with 3+ outputs).  Time =     0.07 sec
ABC: Memory =   19.84 MB. Time =     0.07 sec
ABC: Warning: Detected 9 multi-output cells (for example, "sky130_fd_sc_hd__fa_1").
ABC: + strash 
ABC: + dch 
ABC: + map -B 0.9 
ABC: The cell delays are multiplied by the factor: <num_fanins> ^ (0.90).
ABC: + topo 
ABC: + stime -c 
ABC: WireLoad = "Small"  Gates =  30055 ( 22.0 %)   Cap =  5.2 ff (  3.2 %)   Area =   162761.09 ( 78.0 %)   Delay =156265.83 ps  (  2.2 %)               
ABC: + buffer -c 
ABC: + upsize -c 
ABC: + dnsize -c 
ABC: + stime -p 
ABC: WireLoad = "none"  Gates =  33400 ( 29.9 %)   Cap =  4.4 ff (  2.5 %)   Area =   176066.36 ( 89.1 %)   Delay =  3698.02 ps  (  2.5 %)               
ABC: Path  0 --    1168 : 0    1 pi                        A =   0.00  Df =   0.0   -0.0 ps  S =   0.0 ps  Cin =  0.0 ff  Cout =  17.6 ff  Cmax =   0.0 ff  G =    0  
ABC: Path  1 --   16354 : 1    3 sky130_fd_sc_hd__inv_8    A =  11.26  Df =  55.3  -37.1 ps  S =  53.0 ps  Cin = 16.8 ff  Cout =  15.6 ff  Cmax = 659.2 ff  G =   88  
ABC: Path  2 --   16362 : 2    1 sky130_fd_sc_hd__nand2_2  A =   6.26  Df = 124.6  -16.3 ps  S = 101.5 ps  Cin =  4.2 ff  Cout =   8.9 ff  Cmax = 188.6 ff  G =  196  
ABC: Path  3 --   16363 : 2    2 sky130_fd_sc_hd__nor2_4   A =  11.26  Df = 287.9  -56.8 ps  S = 154.9 ps  Cin =  8.3 ff  Cout =  10.7 ff  Cmax = 153.8 ff  G =  123  
ABC: Path  4 --   16367 : 2    2 sky130_fd_sc_hd__nand2_4  A =  11.26  Df = 407.1  -50.1 ps  S = 130.8 ps  Cin =  8.3 ff  Cout =  21.8 ff  Cmax = 332.3 ff  G =  250  
ABC: Path  5 --   16372 : 1   10 sky130_fd_sc_hd__buf_6    A =  11.26  Df = 629.2  -51.4 ps  S = 124.2 ps  Cin =  4.4 ff  Cout =  34.3 ff  Cmax = 492.6 ff  G =  753  
ABC: Path  6 --   16383 : 1   10 sky130_fd_sc_hd__buf_6    A =  11.26  Df = 836.2  -50.3 ps  S = 110.5 ps  Cin =  4.4 ff  Cout =  29.7 ff  Cmax = 492.6 ff  G =  657  
ABC: Path  7 --   16575 : 3    2 sky130_fd_sc_hd__nand3b_1 A =   7.51  Df = 978.4  -58.5 ps  S = 126.9 ps  Cin =  1.9 ff  Cout =   4.7 ff  Cmax =  88.8 ff  G =  236  
ABC: Path  8 --   16579 : 3    3 sky130_fd_sc_hd__nand3_1  A =   5.00  Df =1151.4  -15.7 ps  S = 193.0 ps  Cin =  2.2 ff  Cout =   9.1 ff  Cmax =  91.6 ff  G =  386  
ABC: Path  9 --   16580 : 2    5 sky130_fd_sc_hd__nand2_2  A =   6.26  Df =1357.9  -12.8 ps  S = 140.2 ps  Cin =  4.2 ff  Cout =  13.8 ff  Cmax = 188.6 ff  G =  314  
ABC: Path 10 --   16581 : 1    4 sky130_fd_sc_hd__inv_2    A =   3.75  Df =1468.6  -39.6 ps  S =  78.1 ps  Cin =  4.3 ff  Cout =   9.4 ff  Cmax = 212.4 ff  G =  211  
ABC: Path 11 --   16590 : 2    2 sky130_fd_sc_hd__nor2_1   A =   3.75  Df =1618.6  -81.0 ps  S = 174.0 ps  Cin =  2.3 ff  Cout =   4.6 ff  Cmax =  53.1 ff  G =  195  
ABC: Path 12 --   16609 : 2    2 sky130_fd_sc_hd__nand2_1  A =   3.75  Df =1736.0 -100.2 ps  S =  92.6 ps  Cin =  2.2 ff  Cout =   4.6 ff  Cmax = 106.2 ff  G =  198  
ABC: Path 13 --   16610 : 1    2 sky130_fd_sc_hd__inv_1    A =   3.75  Df =1830.7 -125.7 ps  S =  71.4 ps  Cin =  2.1 ff  Cout =   4.6 ff  Cmax = 125.4 ff  G =  207  
ABC: Path 14 --   16646 : 2    1 sky130_fd_sc_hd__nand2_1  A =   3.75  Df =1906.7 -110.4 ps  S =  90.2 ps  Cin =  2.2 ff  Cout =   4.4 ff  Cmax = 106.2 ff  G =  189  
ABC: Path 15 --   16717 : 2    2 sky130_fd_sc_hd__nor2_2   A =   6.26  Df =2104.0 -134.8 ps  S = 160.4 ps  Cin =  4.2 ff  Cout =   6.7 ff  Cmax =  87.9 ff  G =  152  
ABC: Path 16 --   16718 : 2    3 sky130_fd_sc_hd__nand2_2  A =   6.26  Df =2213.7  -81.7 ps  S =  85.4 ps  Cin =  4.2 ff  Cout =   6.8 ff  Cmax = 188.6 ff  G =  156  
ABC: Path 17 --   16764 : 2    1 sky130_fd_sc_hd__nand2_1  A =   3.75  Df =2291.1  -72.8 ps  S =  60.9 ps  Cin =  2.2 ff  Cout =   2.3 ff  Cmax = 106.2 ff  G =   99  
ABC: Path 18 --   16765 : 2    2 sky130_fd_sc_hd__nand2_1  A =   3.75  Df =2364.6  -48.7 ps  S =  92.5 ps  Cin =  2.2 ff  Cout =   4.5 ff  Cmax = 106.2 ff  G =  198  
ABC: Path 19 --   16768 : 3    1 sky130_fd_sc_hd__nand3_1  A =   5.00  Df =2462.3  -55.2 ps  S =  84.8 ps  Cin =  2.2 ff  Cout =   2.3 ff  Cmax =  91.6 ff  G =   98  
ABC: Path 20 --   16770 : 2    2 sky130_fd_sc_hd__nand2_1  A =   3.75  Df =2546.2  -33.9 ps  S =  92.1 ps  Cin =  2.2 ff  Cout =   4.5 ff  Cmax = 106.2 ff  G =  199  
ABC: Path 21 --   16796 : 3    1 sky130_fd_sc_hd__nand3_1  A =   5.00  Df =2662.1  -40.1 ps  S = 120.2 ps  Cin =  2.2 ff  Cout =   4.5 ff  Cmax =  91.6 ff  G =  191  
ABC: Path 22 --   16797 : 3    1 sky130_fd_sc_hd__nand3_2  A =  10.01  Df =2807.8   -9.4 ps  S = 106.6 ps  Cin =  4.2 ff  Cout =   8.5 ff  Cmax = 186.8 ff  G =  192  
ABC: Path 23 --   16798 : 2    6 sky130_fd_sc_hd__nand2_4  A =  11.26  Df =2958.6  -43.6 ps  S = 139.9 ps  Cin =  8.3 ff  Cout =  23.9 ff  Cmax = 332.3 ff  G =  281  
ABC: Path 24 --   16800 : 2    2 sky130_fd_sc_hd__nand2_2  A =   6.26  Df =3079.9  -13.1 ps  S = 137.9 ps  Cin =  4.2 ff  Cout =  13.6 ff  Cmax = 188.6 ff  G =  305  
ABC: Path 25 --   16804 : 1   10 sky130_fd_sc_hd__buf_6    A =  11.26  Df =3303.3  -32.2 ps  S =  98.3 ps  Cin =  4.4 ff  Cout =  25.7 ff  Cmax = 492.6 ff  G =  562  
ABC: Path 26 --   16805 : 1   10 sky130_fd_sc_hd__buf_4    A =   7.51  Df =3543.7  -54.8 ps  S = 117.1 ps  Cin =  2.3 ff  Cout =  23.1 ff  Cmax = 351.6 ff  G =  979  
ABC: Path 27 --   30589 : 2    1 sky130_fd_sc_hd__nand2_1  A =   3.75  Df =3625.2  -54.9 ps  S =  62.4 ps  Cin =  2.2 ff  Cout =   2.4 ff  Cmax = 106.2 ff  G =  101  
ABC: Path 28 --   30590 : 3    1 sky130_fd_sc_hd__nand3_1  A =   5.00  Df =3698.0  -46.0 ps  S =  52.4 ps  Cin =  2.2 ff  Cout =   0.0 ff  Cmax =  91.6 ff  G =    0  
ABC: Start-point = pi1167 (\id_ex.opcode_o [3]).  End-point = po1097 ($auto$rtlil.cc:3583:MuxGate$61508).
ABC: + write_blif <abc-temp-dir>/output.blif 

15.1.2. Re-integrating ABC results.
ABC RESULTS:   sky130_fd_sc_hd__a211oi_1 cells:       11
ABC RESULTS:   sky130_fd_sc_hd__a21boi_0 cells:        6
ABC RESULTS:   sky130_fd_sc_hd__a21boi_2 cells:        1
ABC RESULTS:   sky130_fd_sc_hd__a21o_1 cells:        1
ABC RESULTS:   sky130_fd_sc_hd__a21oi_1 cells:     1468
ABC RESULTS:   sky130_fd_sc_hd__a21oi_2 cells:        3
ABC RESULTS:   sky130_fd_sc_hd__a221oi_1 cells:      234
ABC RESULTS:   sky130_fd_sc_hd__a22o_1 cells:       92
ABC RESULTS:   sky130_fd_sc_hd__a22oi_1 cells:     4105
ABC RESULTS:   sky130_fd_sc_hd__a311oi_1 cells:        2
ABC RESULTS:   sky130_fd_sc_hd__a31o_1 cells:        1
ABC RESULTS:   sky130_fd_sc_hd__a31oi_1 cells:       56
ABC RESULTS:   sky130_fd_sc_hd__a32o_1 cells:       15
ABC RESULTS:   sky130_fd_sc_hd__a32oi_1 cells:        3
ABC RESULTS:   sky130_fd_sc_hd__a41oi_1 cells:       67
ABC RESULTS:   sky130_fd_sc_hd__and2_0 cells:        1
ABC RESULTS:   sky130_fd_sc_hd__and3_1 cells:        3
ABC RESULTS:   sky130_fd_sc_hd__buf_1 cells:        2
ABC RESULTS:   sky130_fd_sc_hd__buf_2 cells:      300
ABC RESULTS:   sky130_fd_sc_hd__buf_4 cells:        9
ABC RESULTS:   sky130_fd_sc_hd__buf_6 cells:       14
ABC RESULTS:   sky130_fd_sc_hd__clkbuf_1 cells:     2228
ABC RESULTS:   sky130_fd_sc_hd__clkinv_2 cells:        1
ABC RESULTS:   sky130_fd_sc_hd__inv_1 cells:     6546
ABC RESULTS:   sky130_fd_sc_hd__inv_2 cells:       23
ABC RESULTS:   sky130_fd_sc_hd__inv_4 cells:        2
ABC RESULTS:   sky130_fd_sc_hd__inv_8 cells:        1
ABC RESULTS:   sky130_fd_sc_hd__lpflow_clkbufkapwr_1 cells:      824
ABC RESULTS:   sky130_fd_sc_hd__lpflow_clkinvkapwr_1 cells:       20
ABC RESULTS:   sky130_fd_sc_hd__lpflow_inputiso0n_1 cells:        1
ABC RESULTS:   sky130_fd_sc_hd__mux2_2 cells:        4
ABC RESULTS:   sky130_fd_sc_hd__mux2i_1 cells:       39
ABC RESULTS:   sky130_fd_sc_hd__nand2_1 cells:     6109
ABC RESULTS:   sky130_fd_sc_hd__nand2_2 cells:       24
ABC RESULTS:   sky130_fd_sc_hd__nand2_4 cells:        6
ABC RESULTS:   sky130_fd_sc_hd__nand2_8 cells:        2
ABC RESULTS:   sky130_fd_sc_hd__nand3_1 cells:      807
ABC RESULTS:   sky130_fd_sc_hd__nand3_2 cells:       15
ABC RESULTS:   sky130_fd_sc_hd__nand3_4 cells:        1
ABC RESULTS:   sky130_fd_sc_hd__nand3b_1 cells:       17
ABC RESULTS:   sky130_fd_sc_hd__nand3b_2 cells:        2
ABC RESULTS:   sky130_fd_sc_hd__nand4_1 cells:      763
ABC RESULTS:   sky130_fd_sc_hd__nor2_1 cells:     2611
ABC RESULTS:   sky130_fd_sc_hd__nor2_2 cells:       17
ABC RESULTS:   sky130_fd_sc_hd__nor2_4 cells:        5
ABC RESULTS:   sky130_fd_sc_hd__nor2_8 cells:        1
ABC RESULTS:   sky130_fd_sc_hd__nor3_1 cells:       67
ABC RESULTS:   sky130_fd_sc_hd__nor3b_1 cells:        2
ABC RESULTS:   sky130_fd_sc_hd__nor4_1 cells:       24
ABC RESULTS:   sky130_fd_sc_hd__o2111ai_1 cells:       76
ABC RESULTS:   sky130_fd_sc_hd__o211a_1 cells:        3
ABC RESULTS:   sky130_fd_sc_hd__o211ai_1 cells:      280
ABC RESULTS:   sky130_fd_sc_hd__o21a_1 cells:        8
ABC RESULTS:   sky130_fd_sc_hd__o21ai_0 cells:     1684
ABC RESULTS:   sky130_fd_sc_hd__o21ai_1 cells:       28
ABC RESULTS:   sky130_fd_sc_hd__o21ai_2 cells:        1
ABC RESULTS:   sky130_fd_sc_hd__o21bai_1 cells:        8
ABC RESULTS:   sky130_fd_sc_hd__o221a_2 cells:        1
ABC RESULTS:   sky130_fd_sc_hd__o221ai_1 cells:     4358
ABC RESULTS:   sky130_fd_sc_hd__o22ai_1 cells:      188
ABC RESULTS:   sky130_fd_sc_hd__o2bb2ai_1 cells:        1
ABC RESULTS:   sky130_fd_sc_hd__o311ai_0 cells:       47
ABC RESULTS:   sky130_fd_sc_hd__o31ai_1 cells:       19
ABC RESULTS:   sky130_fd_sc_hd__o41ai_1 cells:        2
ABC RESULTS:   sky130_fd_sc_hd__or2_0 cells:        2
ABC RESULTS:   sky130_fd_sc_hd__or2_2 cells:       53
ABC RESULTS:   sky130_fd_sc_hd__or3_1 cells:        2
ABC RESULTS:   sky130_fd_sc_hd__or4_1 cells:        1
ABC RESULTS:   sky130_fd_sc_hd__xnor2_1 cells:       54
ABC RESULTS:   sky130_fd_sc_hd__xor2_1 cells:       28
ABC RESULTS:        internal signals:    23395
ABC RESULTS:           input signals:     9680
ABC RESULTS:          output signals:     3956
Removing temp directory.
Removing global temp directory.

yosys> setundef -zero

16. Executing SETUNDEF pass (replace undef values with defined constants).

yosys> write_verilog synth.v

17. Executing Verilog backend.

yosys> bmuxmap

17.1. Executing BMUXMAP pass.

yosys> demuxmap

17.2. Executing DEMUXMAP pass.

yosys> clean_zerowidth
Dumping module `\rv_core'.

yosys> write_json synth.json

18. Executing JSON backend.

yosys> stat -liberty synthesis/sky130nm.lib

19. Printing statistics.

=== rv_core ===

        +----------Local Count, excluding submodules.
        |        +-Local Area, excluding submodules.
        |        | 
    50039        - wires
    84769        - wire bits
      527        - public wires
    12818        - public wire bits
        2        - ports
        2        - port bits
    43148 4.61E+05 cells
       11   82.579   sky130_fd_sc_hd__a211oi_1
        6   45.043   sky130_fd_sc_hd__a21boi_0
        1   11.261   sky130_fd_sc_hd__a21boi_2
        1    7.507   sky130_fd_sc_hd__a21o_1
     1468 7.35E+03   sky130_fd_sc_hd__a21oi_1
        3   26.275   sky130_fd_sc_hd__a21oi_2
      234 2.05E+03   sky130_fd_sc_hd__a221oi_1
       92  805.773   sky130_fd_sc_hd__a22o_1
     4105 3.08E+04   sky130_fd_sc_hd__a22oi_1
        2   17.517   sky130_fd_sc_hd__a311oi_1
        1    8.758   sky130_fd_sc_hd__a31o_1
       56  350.336   sky130_fd_sc_hd__a31oi_1
       15  150.144   sky130_fd_sc_hd__a32o_1
        3   26.275   sky130_fd_sc_hd__a32oi_1
       67  586.813   sky130_fd_sc_hd__a41oi_1
        1    6.256   sky130_fd_sc_hd__and2_0
        3   18.768   sky130_fd_sc_hd__and3_1
        2    7.507   sky130_fd_sc_hd__buf_1
      300  1501.44   sky130_fd_sc_hd__buf_2
        9   67.565   sky130_fd_sc_hd__buf_4
       14  157.651   sky130_fd_sc_hd__buf_6
     2228 8.36E+03   sky130_fd_sc_hd__clkbuf_1
        1    5.005   sky130_fd_sc_hd__clkinv_2
     1550  38787.2   sky130_fd_sc_hd__dfrtp_1
        6  157.651   sky130_fd_sc_hd__dfstp_2
     8192 2.46E+05   sky130_fd_sc_hd__edfxtp_1
     6546 2.46E+04   sky130_fd_sc_hd__inv_1
       23   86.333   sky130_fd_sc_hd__inv_2
        2   12.512   sky130_fd_sc_hd__inv_4
        1   11.261   sky130_fd_sc_hd__inv_8
      824 3.09E+03   sky130_fd_sc_hd__lpflow_clkbufkapwr_1
       20   75.072   sky130_fd_sc_hd__lpflow_clkinvkapwr_1
        1    6.256   sky130_fd_sc_hd__lpflow_inputiso0n_1
        4   45.043   sky130_fd_sc_hd__mux2_2
       39  390.374   sky130_fd_sc_hd__mux2i_1
     6109 2.29E+04   sky130_fd_sc_hd__nand2_1
       24  150.144   sky130_fd_sc_hd__nand2_2
        6   67.565   sky130_fd_sc_hd__nand2_4
        2   40.038   sky130_fd_sc_hd__nand2_8
      807 4.04E+03   sky130_fd_sc_hd__nand3_1
       15  150.144   sky130_fd_sc_hd__nand3_2
        1   17.517   sky130_fd_sc_hd__nand3_4
       17  127.622   sky130_fd_sc_hd__nand3b_1
        2   22.522   sky130_fd_sc_hd__nand3b_2
      763 4.77E+03   sky130_fd_sc_hd__nand4_1
     2611  9800.65   sky130_fd_sc_hd__nor2_1
       17  106.352   sky130_fd_sc_hd__nor2_2
        5   56.304   sky130_fd_sc_hd__nor2_4
        1   20.019   sky130_fd_sc_hd__nor2_8
       67  335.322   sky130_fd_sc_hd__nor3_1
        2   15.014   sky130_fd_sc_hd__nor3b_1
       24  150.144   sky130_fd_sc_hd__nor4_1
       76  665.638   sky130_fd_sc_hd__o2111ai_1
        3   30.029   sky130_fd_sc_hd__o211a_1
      280  2.1E+03   sky130_fd_sc_hd__o211ai_1
        8   60.058   sky130_fd_sc_hd__o21a_1
     1684 8.43E+03   sky130_fd_sc_hd__o21ai_0
       28  140.134   sky130_fd_sc_hd__o21ai_1
        1    8.758   sky130_fd_sc_hd__o21ai_2
        8   60.058   sky130_fd_sc_hd__o21bai_1
        1   11.261   sky130_fd_sc_hd__o221a_2
     4358 3.82E+04   sky130_fd_sc_hd__o221ai_1
      188 1.18E+03   sky130_fd_sc_hd__o22ai_1
        1    8.758   sky130_fd_sc_hd__o2bb2ai_1
       47  411.645   sky130_fd_sc_hd__o311ai_0
       19  142.637   sky130_fd_sc_hd__o31ai_1
        2   17.517   sky130_fd_sc_hd__o41ai_1
        2   12.512   sky130_fd_sc_hd__or2_0
       53  331.568   sky130_fd_sc_hd__or2_2
        2   12.512   sky130_fd_sc_hd__or3_1
        1    7.507   sky130_fd_sc_hd__or4_1
       54  472.954   sky130_fd_sc_hd__xnor2_1
       28  245.235   sky130_fd_sc_hd__xor2_1

   Chip area for module '\rv_core': 461007.142400
     of which used for sequential elements: 284940.780800 (61.81%)


yosys> exec -expect-return 0 -- sta -exit synthesis/timing.tcl

20. Executing command "sta -exit synthesis/timing.tcl".
OpenSTA 2.7.0 GITDIR-NOT Copyright (c) 2025, Parallax Software, Inc.
License GPLv3: GNU GPL version 3 <http://gnu.org/licenses/gpl.html>

This is free software, and you are free to change and redistribute it
under certain conditions; type `show_copying' for details. 
This program comes with ABSOLUTELY NO WARRANTY; for details type `show_warranty'.
Startpoint: reset (input port clocked by clk)
Endpoint: _90923_ (recovery check against rising-edge clock clk)
Path Group: asynchronous
Path Type: max

  Delay    Time   Description
---------------------------------------------------------
   0.00    0.00   clock clk (rise edge)
   0.00    0.00   clock network delay (ideal)
   0.00    0.00 v input external delay
   0.00    0.00 v reset (in)
   0.05    0.05 ^ _67403_/Y (sky130_fd_sc_hd__inv_1)
   0.00    0.05 ^ _90923_/SET_B (sky130_fd_sc_hd__dfstp_2)
           0.05   data arrival time

  10.00   10.00   clock clk (rise edge)
   0.00   10.00   clock network delay (ideal)
   0.00   10.00   clock reconvergence pessimism
          10.00 ^ _90923_/CLK (sky130_fd_sc_hd__dfstp_2)
   0.19   10.19   library recovery time
          10.19   data required time
---------------------------------------------------------
          10.19   data required time
          -0.05   data arrival time
---------------------------------------------------------
          10.14   slack (MET)


Startpoint: _91278_ (rising edge-triggered flip-flop clocked by clk)
Endpoint: _82912_ (rising edge-triggered flip-flop clocked by clk)
Path Group: clk
Path Type: max

  Delay    Time   Description
---------------------------------------------------------
   0.00    0.00   clock clk (rise edge)
   0.00    0.00   clock network delay (ideal)
   0.00    0.00 ^ _91278_/CLK (sky130_fd_sc_hd__dfrtp_1)
   0.66    0.66 ^ _91278_/Q (sky130_fd_sc_hd__dfrtp_1)
   0.16    0.82 v _68940_/Y (sky130_fd_sc_hd__inv_1)
   0.93    1.75 ^ _68941_/Y (sky130_fd_sc_hd__nor3_1)
   0.24    1.99 v _68942_/Y (sky130_fd_sc_hd__inv_1)
   0.33    2.32 ^ _68945_/Y (sky130_fd_sc_hd__nand2_1)
   0.17    2.49 v _68946_/Y (sky130_fd_sc_hd__o21ai_0)
   0.14    2.63 ^ _68947_/Y (sky130_fd_sc_hd__inv_1)
   0.40    3.03 ^ _68948_/X (sky130_fd_sc_hd__clkbuf_1)
   0.19    3.23 v _70559_/Y (sky130_fd_sc_hd__nand2_1)
  17.51   20.73 ^ _70617_/Y (sky130_fd_sc_hd__o31ai_1)
   0.00   20.73 ^ _82912_/D (sky130_fd_sc_hd__edfxtp_1)
          20.73   data arrival time

  10.00   10.00   clock clk (rise edge)
   0.00   10.00   clock network delay (ideal)
   0.00   10.00   clock reconvergence pessimism
          10.00 ^ _82912_/CLK (sky130_fd_sc_hd__edfxtp_1)
  -7.20    2.80   library setup time
           2.80   data required time
---------------------------------------------------------
           2.80   data required time
         -20.73   data arrival time
---------------------------------------------------------
         -17.93   slack (VIOLATED)


Startpoint: reset (input port clocked by clk)
Endpoint: _90902_ (removal check against rising-edge clock clk)
Path Group: asynchronous
Path Type: min

  Delay    Time   Description
---------------------------------------------------------
   0.00    0.00   clock clk (rise edge)
   0.00    0.00   clock network delay (ideal)
   0.00    0.00 v input external delay
   0.00    0.00 v reset (in)
   0.05    0.05 ^ _67382_/Y (sky130_fd_sc_hd__inv_1)
   0.00    0.05 ^ _90902_/RESET_B (sky130_fd_sc_hd__dfrtp_1)
           0.05   data arrival time

   0.00    0.00   clock clk (rise edge)
   0.00    0.00   clock network delay (ideal)
   0.00    0.00   clock reconvergence pessimism
           0.00 ^ _90902_/CLK (sky130_fd_sc_hd__dfrtp_1)
   0.50    0.50   library removal time
           0.50   data required time
---------------------------------------------------------
           0.50   data required time
          -0.05   data arrival time
---------------------------------------------------------
          -0.45   slack (VIOLATED)


Startpoint: reset (input port clocked by clk)
Endpoint: _91349_ (rising edge-triggered flip-flop clocked by clk)
Path Group: clk
Path Type: min

  Delay    Time   Description
---------------------------------------------------------
   0.00    0.00   clock clk (rise edge)
   0.00    0.00   clock network delay (ideal)
   0.00    0.00 ^ input external delay
   0.00    0.00 ^ reset (in)
   0.07    0.07 v _71867_/Y (sky130_fd_sc_hd__nor2_1)
   0.13    0.20 ^ _72572_/Y (sky130_fd_sc_hd__nand3_1)
   0.05    0.25 v _72573_/Y (sky130_fd_sc_hd__inv_1)
   0.00    0.25 v _91349_/D (sky130_fd_sc_hd__dfrtp_1)
           0.25   data arrival time

   0.00    0.00   clock clk (rise edge)
   0.00    0.00   clock network delay (ideal)
   0.00    0.00   clock reconvergence pessimism
           0.00 ^ _91349_/CLK (sky130_fd_sc_hd__dfrtp_1)
  -0.08   -0.08   library hold time
          -0.08   data required time
---------------------------------------------------------
          -0.08   data required time
          -0.25   data arrival time
---------------------------------------------------------
           0.33   slack (MET)


tns max -36720.43
wns max -17.93
clk period_min = 27.93 fmax = 35.80

End of script. Logfile hash: c6d259ab24, CPU: user 5.06s system 0.07s, MEM: 168.04 MB peak
Yosys 0.62 (git sha1 7326bb7d6641500ecb285c291a54a662cb1e76cf, clang++ 21.1.2 -fPIC -O3)
Time spent: 71% 1x abc (14 sec), 6% 1x exec (1 sec), ...
